243.000000	21491.850494	37741.971045	-1240.164189	-34729.090003	20809.228219	-32859.545393	-11030.384723	-19165.659745	0.000000	0.000000	0.000000	192.000000	0.000000	0.000000	0.000000	0.000000	0.000000	0.000000	0.000000	0.000000	0.000000	1790355203.724410	0.000000
244.000000	21490.710555	37756.410272	-1240.387707	-34727.950064	20824.047425	-32864.306315	-11030.518833	-19164.542158	0.000000	0.000000	0.000000	192.000000	0.000000	0.000000	0.000000	0.000000	0.000000	0.000000	0.000000	0.000000	0.000000	1790355203.724432	0.000000
245.000000	21496.209085	37778.762016	-1231.111733	-34714.851941	20835.044484	-32850.783509	-11028.708342	-19153.232175	0.000000	0.000000	0.000000	192.000000	0.000000	0.000000	0.000000	0.000000	0.000000	0.000000	0.000000	0.000000	0.000000	1790355203.724459	0.000000
246.000000	21502.668739	37779.097292	-1230.172960	-34710.068668	20864.146455	-32850.045902	-11005.954266	-19149.700600	0.000000	0.000000	0.000000	192.000000	0.000000	0.000000	0.000000	0.000000	0.000000	0.000000	0.000000	0.000000	0.000000	1790355203.724470	0.000000
247.000000	21495.851457	37752.074033	-1239.672451	-34718.987014	20879.949138	-32865.558012	-11000.455737	-19164.631565	-0.004000	0.946000	-0.026000	192.000000	255.000000	224.000000	29.000000	144.000000	255.000000	48.000000	0.000000	0.000000	0.000000	1790355203.724481	0.000000
248.000000	21500.500619	37760.210068	-1241.594701	-34715.746011	20893.047260	-32863.680466	-10998.935819	-19152.673382	-0.004000	0.946000	-0.026000	192.000000	0.000000	0.000000	0.000000	0.000000	0.000000	0.000000	0.000000	0.000000	0.000000	1790355203.724494	0.000000
249.000000	21509.128393	37784.864042	-1230.240015	-34702.513779	20906.100679	-32854.404492	-11004.568458	-19135.015504	-0.004000	0.946000	-0.026000	192.000000	0.000000	0.000000	0.000000	0.000000	0.000000	0.000000	0.000000	0.000000	0.000000	1790355203.724505	0.000000
250.000000	21508.614303	37782.427702	-1219.779398	-34687.605165	20929.994694	-32840.211134	-10975.198266	-19115.457727	-0.004000	0.946000	-0.026000	192.000000	0.000000	0.000000	0.000000	0.000000	0.000000	0.000000	0.000000	0.000000	0.000000	1790355203.724516	0.000000
251.000000	21488.385974	37752.454013	-1226.574329	-34691.337906	20941.818767	-32847.073120	-10937.356763	-19121.112719	-0.004000	0.946000	-0.026000	192.000000	0.000000	0.000000	0.000000	0.000000	0.000000	0.000000	0.000000	0.000000	0.000000	1790355203.724527	0.000000
252.000000	21479.534683	37745.927304	-1235.626785	-34693.662488	20947.026723	-32854.449195	-10891.647445	-19124.711350	-0.004000	0.946000	-0.026000	192.000000	0.000000	0.000000	0.000000	0.000000	0.000000	0.000000	0.000000	0.000000	0.000000	1790355203.724538	0.000000
253.000000	21487.290738	37758.779557	-1233.458666	-34687.605165	20947.473758	-32850.850564	-10857.739849	-19115.658893	-0.004000	0.946000	-0.026000	192.000000	0.000000	0.000000	0.000000	0.000000	0.000000	0.000000	0.000000	0.000000	0.000000	1790355203.724549	0.000000
254.000000	21485.592006	37749.570638	-1222.148683	-34680.519662	20956.503863	-32847.654265	-10831.074218	-19110.115660	-0.004000	0.946000	-0.026000	192.000000	0.000000	0.000000	0.000000	0.000000	0.000000	0.000000	0.000000	0.000000	0.000000	1790355203.724559	0.000000
255.000000	21480.339346	37721.094515	-1220.271137	-34680.966697	20970.607814	-32847.833079	-10794.372653	-19107.858134	-0.004000	0.946000	-0.026000	192.000000	0.000000	0.000000	0.000000	0.000000	0.000000	0.000000	0.000000	0.000000	0.000000	1790355203.724571	0.000000
0.000000	21467.129465	37700.441504	-1242.667585	-34705.084229	20964.975174	-32864.574535	-10752.820760	-19117.491736	-0.004000	0.946000	-0.026000	192.000000	0.000000	0.000000	0.000000	0.000000	0.000000	0.000000	0.000000	0.000000	0.000000	1790355203.724582	0.000000
1.000000	21460.513349	37718.479361	-1253.128201	-34710.627462	20956.906194	-32865.870937	-10710.263039	-19116.284742	-0.012000	0.976000	-0.026000	192.000000	255.000000	160.000000	30.000000	128.000000	255.000000	48.000000	0.000000	0.000000	0.000000	1790355203.724592	0.000000
2.000000	21460.759218	37723.866132	-1246.579140	-34711.700345	20950.848872	-32865.960344	-10633.283631	-19115.524783	-0.012000	0.976000	-0.026000	192.000000	0.000000	0.000000	0.000000	0.000000	0.000000	0.000000	0.000000	0.000000	0.000000	1790355203.724604	0.000000
3.000000	21450.656229	37697.915756	-1241.214721	-34718.316462	20955.721552	-32870.162472	-10535.248880	-19118.363454	-0.012000	0.976000	-0.026000	192.000000	0.000000	0.000000	0.000000	0.000000	0.000000	0.000000	0.000000	0.000000	0.000000	1790355203.724884	0.000000
4.000000	21446.454101	37691.925489	-1238.957195	-34715.567197	20969.579633	-32863.188727	-10438.331716	-19108.774556	-0.012000	0.976000	-0.026000	192.000000	0.000000	0.000000	0.000000	0.000000	0.000000	0.000000	0.000000	0.000000	0.000000	1790355203.724923	0.000000
5.000000	21440.061502	37713.517274	-1250.445992	-34729.045299	20956.146235	-32873.805806	-10366.806134	-19116.687073	-0.012000	0.976000	-0.026000	192.000000	0.000000	0.000000	0.000000	0.000000	0.000000	0.000000	0.000000	0.000000	0.000000	1790355203.724948	0.000000
6.000000	21446.767026	37730.683414	-1236.699669	-34717.332985	20963.857587	-32858.092530	-10289.625560	-19100.705576	-0.012000	0.976000	-0.026000	192.000000	0.000000	0.000000	0.000000	0.000000	0.000000	0.000000	0.000000	0.000000	0.000000	1790355203.724960	0.000000
7.000000	21436.664037	37696.976983	-1237.102000	-34725.580779	20980.397878	-32864.149852	-10214.546050	-19107.053471	-0.012000	0.976000	-0.026000	192.000000	0.000000	0.000000	0.000000	0.000000	0.000000	0.000000	0.000000	0.000000	0.000000	1790355203.724972	0.000000
8.000000	21432.640723	37683.990620	-1246.020346	-34739.058881	21004.738927	-32870.743617	-10143.534558	-19115.211858	-0.012000	0.976000	-0.026000	192.000000	0.000000	0.000000	0.000000	0.000000	0.000000	0.000000	0.000000	0.000000	0.000000	1790355203.725000	0.000000
9.000000	21433.892421	37706.767047	-1239.024250	-34740.735262	21027.783576	-32869.156643	-10086.023520	-19111.792041	-0.012000	0.976000	-0.026000	192.000000	0.000000	0.000000	0.000000	0.000000	0.000000	0.000000	0.000000	0.000000	0.000000	1790355203.725017	0.000000
10.000000	21440.285020	37725.453106	-1222.282794	-34729.671148	21049.151844	-32856.460852	-10030.278269	-19096.078765	-0.012000	0.976000	-0.026000	192.000000	0.000000	0.000000	0.000000	0.000000	0.000000	0.000000	0.000000	0.000000	0.000000	1790355203.725028	0.000000
11.000000	21424.102357	37698.049867	-1238.443105	-34749.564201	21072.241196	-32873.001143	-9970.040318	-19106.181753	-0.010000	0.964000	-0.028000	192.000000	255.000000	176.000000	30.000000	32.000000	255.000000	32.000000	0.000000	0.000000	0.000000	1790355203.725039	0.000000
12.000000	21422.560087	37685.957573	-1238.644271	-34748.334855	21099.979711	-32875.281021	-9908.014227	-19108.506335	-0.010000	0.964000	-0.028000	192.000000	0.000000	0.000000	0.000000	0.000000	0.000000	0.000000	0.000000	0.000000	0.000000	1790355203.725051	0.000000
13.000000	21430.941991	37711.952652	-1226.730791	-34734.275607	21127.964095	-32866.921469	-9856.314642	-19094.536495	-0.010000	0.964000	-0.028000	192.000000	0.000000	0.000000	0.000000	0.000000	0.000000	0.000000	0.000000	0.000000	0.000000	1790355203.725062	0.000000
14.000000	21431.992523	37730.258731	-1215.756084	-34717.042412	21142.805653	-32858.025474	-9811.879374	-19082.824180	-0.010000	0.964000	-0.028000	192.000000	0.000000	0.000000	0.000000	0.000000	0.000000	0.000000	0.000000	0.000000	0.000000	1790355203.725073	0.000000
15.000000	21422.425976	37703.526044	-1229.994146	-34727.815953	21144.549089	-32874.096379	-9775.244865	-19093.575370	-0.010000	0.964000	-0.028000	192.000000	0.000000	0.000000	0.000000	0.000000	0.000000	0.000000	0.000000	0.000000	0.000000	1790355203.725084	0.000000
16.000000	21437.803976	37696.105265	-1227.423695	-34727.033642	21162.564595	-32881.137178	-9725.176957	-19096.794021	-0.010000	0.964000	-0.028000	192.000000	0.000000	0.000000	0.000000	0.000000	0.000000	0.000000	0.000000	0.000000	0.000000	1790355203.725095	0.000000
17.000000	21446.096473	37723.396745	-1216.963079	-34708.414639	21186.190389	-32863.635762	-9676.383099	-19077.258596	-0.010000	0.964000	-0.028000	192.000000	0.000000	0.000000	0.000000	0.000000	0.000000	0.000000	0.000000	0.000000	0.000000	1790355203.725106	0.000000
18.000000	21423.275342	37715.573635	-1214.347925	-34696.478808	21194.773459	-32858.181937	-9638.631003	-19064.786323	-0.010000	0.964000	-0.028000	192.000000	0.000000	0.000000	0.000000	0.000000	0.000000	0.000000	0.000000	0.000000	0.000000	1790355203.725187	0.000000
19.000000	21406.466831	37697.535777	-1207.843567	-34690.868520	21225.954142	-32859.612448	-9553.672022	-19053.945727	-0.010000	0.964000	-0.028000	192.000000	0.000000	0.000000	0.000000	0.000000	0.000000	0.000000	0.000000	0.000000	0.000000	1790355203.725199	0.000000
20.000000	21405.013967	37680.146120	-1207.463587	-34687.985145	21238.806395	-32855.812652	-9498.060882	-19046.122616	-0.010000	0.964000	-0.028000	192.000000	0.000000	0.000000	0.000000	0.000000	0.000000	0.000000	0.000000	0.000000	0.000000	1790355203.725209	0.000000
21.000000	21403.516400	37681.934259	-1206.725980	-34678.351543	21250.406951	-32846.715492	-9416.477015	-19030.722264	-0.018000	0.994000	-0.028000	192.000000	255.000000	112.000000	31.000000	16.000000	255.000000	32.000000	0.000000	0.000000	0.000000	1790355203.725221	0.000000
22.000000	21386.841999	37686.002277	-1236.878483	-34697.149360	21236.034779	-32865.289791	-9348.728877	-19044.289773	-0.018000	0.994000	-0.028000	192.000000	0.000000	0.000000	0.000000	0.000000	0.000000	0.000000	0.000000	0.000000	0.000000	1790355203.725232	0.000000
23.000000	21380.739973	37682.716570	-1230.731753	-34693.841302	21240.706294	-32861.042960	-9285.696958	-19039.640610	-0.018000	0.994000	-0.028000	192.000000	0.000000	0.000000	0.000000	0.000000	0.000000	0.000000	0.000000	0.000000	0.000000	1790355203.725243	0.000000
24.000000	21362.255080	37656.497974	-1207.865919	-34677.189252	21272.892806	-32842.222791	-9221.927431	-19025.022569	-0.018000	0.994000	-0.028000	192.000000	0.000000	0.000000	0.000000	0.000000	0.000000	0.000000	0.000000	0.000000	0.000000	1790355203.725254	0.000000
25.000000	21379.778848	37660.878916	-1210.861052	-34676.965735	21296.362137	-32838.735919	-9171.300730	-19024.910811	-0.018000	0.994000	-0.028000	192.000000	0.000000	0.000000	0.000000	0.000000	0.000000	0.000000	0.000000	0.000000	0.000000	1790355203.725265	0.000000
26.000000	21378.080115	37676.279268	-1216.828968	-34683.067761	21308.320321	-32842.938047	-9121.813967	-19026.855412	-0.018000	0.994000	-0.028000	192.000000	0.000000	0.000000	0.000000	0.000000	0.000000	0.000000	0.000000	0.000000	0.000000	1790355203.725276	0.000000
27.000000	21358.969374	37665.975114	-1218.527701	-34685.034714	21324.771205	-32845.687311	-9066.113420	-19033.158604	-0.018000	0.994000	-0.028000	192.000000	0.000000	0.000000	0.000000	0.000000	0.000000	0.000000	0.000000	0.000000	0.000000	1790355203.725286	0.000000
28.000000	21364.937289	37637.521343	-1211.777474	-34690.443837	21344.530147	-32852.124614	-9012.960972	-19044.781511	-0.018000	0.994000	-0.028000	192.000000	0.000000	0.000000	0.000000	0.000000	0.000000	0.000000	0.000000	0.000000	0.000000	1790355203.725297	0.000000
29.000000	21365.920766	37633.207456	-1208.357657	-34690.645002	21366.099580	-32842.468660	-8974.068937	-19029.045883	-0.018000	0.994000	-0.028000	192.000000	0.000000	0.000000	0.000000	0.000000	0.000000	0.000000	0.000000	0.000000	0.000000	1790355203.725308	0.000000
30.000000	21365.317269	37663.091739	-1204.915488	-34689.817988	21388.004290	-32826.420108	-8952.834779	-19002.983749	-0.018000	0.994000	-0.028000	192.000000	0.000000	0.000000	0.000000	0.000000	0.000000	0.000000	0.000000	0.000000	0.000000	1790355203.725322	0.000000
31.000000	21359.841092	37681.308410	-1202.747369	-34700.613880	21416.793336	-32837.663035	-8927.443198	-19017.333569	-0.012000	0.986000	-0.028000	192.000000	255.000000	160.000000	30.000000	208.000000	255.000000	32.000000	0.000000	0.000000	0.000000	1790355203.725332	0.000000
32.000000	21359.952850	37664.969285	-1196.690046	-34706.179465	21460.714514	-32836.366634	-8869.932159	-19009.689273	-0.012000	0.986000	-0.028000	192.000000	0.000000	0.000000	0.000000	0.000000	0.000000	0.000000	0.000000	0.000000	0.000000	1790355203.725344	0.000000
33.000000	21369.541749	37656.900305	-1184.843622	-34698.334002	21508.390785	-32814.976014	-8824.356952	-18976.876912	-0.012000	0.986000	-0.028000	192.000000	0.000000	0.000000	0.000000	0.000000	0.000000	0.000000	0.000000	0.000000	0.000000	1790355203.725355	0.000000
34.000000	21374.794409	37673.798224	-1188.956343	-34708.459343	21531.569544	-32824.587265	-8844.518226	-18985.549389	-0.012000	0.986000	-0.028000	192.000000	0.000000	0.000000	0.000000	0.000000	0.000000	0.000000	0.000000	0.000000	0.000000	1790355203.725396	0.000000
35.000000	21377.789542	37690.427922	-1180.328569	-34701.329136	21565.723010	-32815.624215	-8860.678537	-18975.669918	-0.012000	0.986000	-0.028000	192.000000	0.000000	0.000000	0.000000	0.000000	0.000000	0.000000	0.000000	0.000000	0.000000	1790355203.725407	0.000000
36.000000	21372.022792	37677.061579	-1179.702721	-34706.157113	21606.470240	-32823.961416	-8833.163540	-18979.000327	-0.012000	0.986000	-0.028000	192.000000	0.000000	0.000000	0.000000	0.000000	0.000000	0.000000	0.000000	0.000000	0.000000	1790355203.725418	0.000000
37.000000	21354.700190	37661.549468	-1186.788224	-34701.798523	21642.948287	-32830.823401	-8814.790406	-18988.455115	-0.012000	0.986000	-0.028000	192.000000	0.000000	0.000000	0.000000	0.000000	0.000000	0.000000	0.000000	0.000000	0.000000	1790355203.725435	0.000000
38.000000	21354.253156	37679.207346	-1179.926238	-34673.188290	21676.386497	-32809.209264	-8792.259847	-18961.901243	-0.012000	0.986000	-0.028000	192.000000	0.000000	0.000000	0.000000	0.000000	0.000000	0.000000	0.000000	0.000000	0.000000	1790355203.725446	0.000000
39.000000	21348.218184	37699.592137	-1188.151680	-34660.537202	21712.350453	-32810.259796	-8694.806241	-18948.490196	-0.012000	0.986000	-0.028000	192.000000	0.000000	0.000000	0.000000	0.000000	0.000000	0.000000	0.000000	0.000000	0.000000	1790355203.725458	0.000000
40.000000	21330.739120	37682.694218	-1203.104997	-34663.867612	21738.546698	-32821.994462	-8622.498348	-18955.575699	-0.012000	0.986000	-0.028000	192.000000	0.000000	0.000000	0.000000	0.000000	0.000000	0.000000	0.000000	0.000000	0.000000	1790355203.725469	0.000000
41.000000	21339.165728	37679.408512	-1200.847471	-34644.511002	21783.026669	-32807.555235	-8559.824057	-18938.700132	-0.024000	1.000000	-0.036000	192.000000	255.000000	64.000000	31.000000	64.000000	254.000000	224.000000	0.000000	0.000000	0.000000	1790355203.725480	0.000000
42.000000	21330.694417	37684.996448	-1196.131253	-34642.745214	21788.368736	-32816.272416	-8543.194359	-18946.143263	-0.024000	1.000000	-0.036000	192.000000	0.000000	0.000000	0.000000	0.000000	0.000000	0.000000	0.000000	0.000000	0.000000	1790355203.725491	0.000000
43.000000	21331.789652	37710.164512	-1200.109863	-34643.907505	21783.183132	-32819.826343	-8557.633586	-18960.560138	-0.024000	1.000000	-0.036000	192.000000	0.000000	0.000000	0.000000	0.000000	0.000000	0.000000	0.000000	0.000000	0.000000	1790355203.725502	0.000000
44.000000	21328.012208	37692.774855	-1213.207986	-34655.172784	21780.009184	-32824.408451	-8559.309966	-18967.489179	-0.024000	1.000000	-0.036000	192.000000	0.000000	0.000000	0.000000	0.000000	0.000000	0.000000	0.000000	0.000000	0.000000	1790355203.725512	0.000000
45.000000	21330.090920	37656.117994	-1217.454817	-34664.426406	21789.821600	-32827.537695	-8543.149655	-18970.014926	-0.024000	1.000000	-0.036000	192.000000	0.000000	0.000000	0.000000	0.000000	0.000000	0.000000	0.000000	0.000000	0.000000	1790355203.725523	0.000000
46.000000	21332.616667	37650.038320	-1227.446047	-34682.017229	21780.120943	-32836.545448	-8530.744437	-18976.161656	-0.024000	1.000000	-0.036000	192.000000	0.000000	0.000000	0.000000	0.000000	0.000000	0.000000	0.000000	0.000000	0.000000	1790355203.725533	0.000000
47.000000	21347.972315	37674.245259	-1223.646250	-34685.995839	21760.540814	-32833.907942	-8529.895071	-18969.634947	-0.024000	1.000000	-0.036000	192.000000	0.000000	0.000000	0.000000	0.000000	0.000000	0.000000	0.000000	0.000000	0.000000	1790355203.725544	0.000000
48.000000	21346.094769	37669.864317	-1223.378029	-34693.707191	21747.845024	-32837.014835	-8519.993248	-18970.305499	-0.024000	1.000000	-0.036000	192.000000	0.000000	0.000000	0.000000	0.000000	0.000000	0.000000	0.000000	0.000000	0.000000	1790355203.725555	0.000000
49.000000	21340.417426	37645.076233	-1231.156436	-34707.431162	21742.860585	-32843.899172	-8518.361571	-18978.173313	-0.024000	1.000000	-0.036000	192.000000	0.000000	0.000000	0.000000	0.000000	0.000000	0.000000	0.000000	0.000000	0.000000	1790355203.725618	0.000000
50.000000	21350.431007	37652.966398	-1225.032058	-34709.442819	21745.654553	-32848.056596	-8506.604553	-18983.649490	-0.024000	1.000000	-0.036000	192.000000	0.000000	0.000000	0.000000	0.000000	0.000000	0.000000	0.000000	0.000000	0.000000	1790355203.725629	0.000000
51.000000	21357.717676	37679.408512	-1226.104942	-34717.064764	21739.552526	-32859.523041	-8472.473439	-18989.080964	-0.054000	0.992000	-0.038000	192.000000	254.000000	80.000000	31.000000	0.000000	254.000000	208.000000	0.000000	0.000000	0.000000	1790355203.725641	0.000000
52.000000	21364.669068	37682.269535	-1227.870730	-34718.160000	21750.393122	-32854.851527	-8445.606642	-18974.038240	-0.054000	0.992000	-0.038000	192.000000	0.000000	0.000000	0.000000	0.000000	0.000000	0.000000	0.000000	0.000000	0.000000	1790355203.725653	0.000000
53.000000	21365.451379	37658.531983	-1232.698707	-34727.055994	21783.630166	-32869.603678	-8417.801072	-18977.815685	-0.054000	0.992000	-0.038000	192.000000	0.000000	0.000000	0.000000	0.000000	0.000000	0.000000	0.000000	0.000000	0.000000	1790355203.725683	0.000000
54.000000	21374.816760	37662.085910	-1229.234186	-34720.462229	21815.168478	-32867.837890	-8403.451252	-18977.212188	-0.054000	0.992000	-0.038000	192.000000	0.000000	0.000000	0.000000	0.000000	0.000000	0.000000	0.000000	0.000000	0.000000	1790355203.725695	0.000000
55.000000	21374.593243	37697.267556	-1223.601547	-34708.436991	21819.594123	-32866.295620	-8428.954593	-18971.803066	-0.054000	0.992000	-0.038000	192.000000	0.000000	0.000000	0.000000	0.000000	0.000000	0.000000	0.000000	0.000000	0.000000	1790355203.725706	0.000000
56.000000	21372.760400	37722.681489	-1217.745390	-34690.265023	21834.256868	-32856.125576	-8454.077954	-18953.273470	-0.054000	0.992000	-0.038000	192.000000	0.000000	0.000000	0.000000	0.000000	0.000000	0.000000	0.000000	0.000000	0.000000	1790355203.725717	0.000000
57.000000	21360.936327	37712.422039	-1212.738599	-34666.661580	21881.888435	-32835.897247	-8430.429808	-18915.946056	-0.054000	0.992000	-0.038000	192.000000	0.000000	0.000000	0.000000	0.000000	0.000000	0.000000	0.000000	0.000000	0.000000	1790355203.725729	0.000000
58.000000	21352.263850	37713.673736	-1219.779398	-34653.049368	21923.216811	-32833.058576	-8413.755407	-18909.151126	-0.054000	0.992000	-0.038000	192.000000	0.000000	0.000000	0.000000	0.000000	0.000000	0.000000	0.000000	0.000000	0.000000	1790355203.725740	0.000000
59.000000	21350.520414	37745.368510	-1241.125314	-34651.797670	21949.211889	-32839.361768	-8414.470662	-18909.419347	-0.054000	0.992000	-0.038000	192.000000	0.000000	0.000000	0.000000	0.000000	0.000000	0.000000	0.000000	0.000000	0.000000	1790355203.725778	0.000000
60.000000	21348.933440	37766.423853	-1252.703518	-34645.673292	21974.759933	-32837.707739	-8412.570764	-18903.831411	-0.054000	0.992000	-0.038000	192.000000	0.000000	0.000000	0.000000	0.000000	0.000000	0.000000	0.000000	0.000000	0.000000	1790355203.725789	0.000000
0.000000	37757.147879	-1260.325463	-34638.632493	22027.308885	-32836.970131	-8400.433767	-18901.439774	0.000000	-0.054000	0.992000	-0.038000	192.000000	0.000000	0.000000	0.000000	0.000000	0.000000	0.000000	0.000000	0.000000	0.000000	1790355203.837880	0.000000
1.000000	14516.899230	43632.639186	-4976.012406	-32558.713264	21874.400601	-32480.012772	-16357.811255	-19377.867207	-0.022000	0.928000	0.216000	192.000000	255.000000	80.000000	29.000000	0.000000	6.000000	192.000000	0.000000	0.000000	0.000000	1790355204.324811	0.000000
2.000000	14508.718492	43644.552665	-4987.277685	-32568.726846	21846.907955	-32490.406333	-16393.082308	-19384.729193	-0.022000	0.928000	0.216000	192.000000	0.000000	0.000000	0.000000	0.000000	0.000000	0.000000	0.000000	0.000000	0.000000	1790355204.324887	0.000000
3.000000	14506.528021	43647.190171	-4987.925886	-32573.420712	21833.429853	-32486.025391	-16403.073538	-19381.175265	-0.022000	0.928000	0.216000	192.000000	0.000000	0.000000	0.000000	0.000000	0.000000	0.000000	0.000000	0.000000	0.000000	1790355204.325411	0.000000
4.000000	14503.555239	43644.284444	-4978.895781	-32568.078645	21863.381191	-32482.605574	-16392.367052	-19382.896350	-0.022000	0.928000	0.216000	192.000000	0.000000	0.000000	0.000000	0.000000	0.000000	0.000000	0.000000	0.000000	0.000000	1790355204.325449	0.000000
5.000000	14500.247180	43641.177552	-5009.897650	-32589.759837	21863.202377	-32506.745458	-16415.970494	-19397.894370	-0.022000	0.928000	0.216000	192.000000	0.000000	0.000000	0.000000	0.000000	0.000000	0.000000	0.000000	0.000000	0.000000	1790355204.325469	0.000000
6.000000	14501.096547	43665.116270	-5008.757712	-32581.288526	21843.108158	-32505.046726	-16434.365980	-19389.400707	-0.022000	0.928000	0.216000	192.000000	0.000000	0.000000	0.000000	0.000000	0.000000	0.000000	0.000000	0.000000	0.000000	1790355204.325483	0.000000
7.000000	14488.244294	43665.228029	-4996.263086	-32580.483863	21837.900202	-32504.130304	-16439.283364	-19383.522199	-0.022000	0.928000	0.216000	192.000000	0.000000	0.000000	0.000000	0.000000	0.000000	0.000000	0.000000	0.000000	0.000000	1790355204.325499	0.000000
8.000000	14474.855599	43649.738270	-5037.792628	-32593.917262	21851.937098	-32497.916519	-16430.365018	-19393.088745	-0.012000	0.902000	0.336000	192.000000	255.000000	160.000000	28.000000	48.000000	10.000000	128.000000	0.000000	0.000000	0.000000	1790355204.325513	0.000000
9.000000	14509.009064	43685.098730	-4994.139671	-32562.401302	21867.359801	-32482.359705	-16444.960707	-19397.112059	-0.012000	0.902000	0.336000	192.000000	0.000000	0.000000	0.000000	0.000000	0.000000	0.000000	0.000000	0.000000	0.000000	1790355204.325534	0.000000
10.000000	14503.510535	43699.336791	-4997.805357	-32569.129177	21876.009926	-32489.959298	-16449.945146	-19383.075164	-0.012000	0.902000	0.336000	192.000000	0.000000	0.000000	0.000000	0.000000	0.000000	0.000000	0.000000	0.000000	0.000000	1790355204.325547	0.000000
11.000000	14499.643683	43689.613782	-5039.692526	-32583.657811	21869.751438	-32495.077848	-16466.887768	-19367.540701	-0.012000	0.902000	0.336000	192.000000	0.000000	0.000000	0.000000	0.000000	0.000000	0.000000	0.000000	0.000000	0.000000	1790355204.325559	0.000000
12.000000	14491.597055	43678.169689	-5042.710011	-32584.507177	21877.149865	-32496.776580	-16450.794512	-19371.027573	-0.012000	0.902000	0.336000	192.000000	0.000000	0.000000	0.000000	0.000000	0.000000	0.000000	0.000000	0.000000	0.000000	1790355204.325682	0.000000
13.000000	14488.959550	43671.263000	-5013.473930	-32595.146608	21944.585078	-32513.093354	-16443.284326	-19394.295739	-0.012000	0.902000	0.336000	192.000000	0.000000	0.000000	0.000000	0.000000	0.000000	0.000000	0.000000	0.000000	0.000000	1790355204.325734	0.000000
14.000000	14487.841962	43672.693512	-5022.436979	-32570.425578	21961.438294	-32501.649261	-16474.330899	-19396.642673	-0.012000	0.902000	0.336000	192.000000	0.000000	0.000000	0.000000	0.000000	0.000000	0.000000	0.000000	0.000000	0.000000	1790355204.325767	0.000000
15.000000	14513.233544	43687.512718	-4994.698464	-32563.071854	21969.440218	-32481.823263	-16482.310472	-19356.834216	-0.012000	0.902000	0.336000	192.000000	0.000000	0.000000	0.000000	0.000000	0.000000	0.000000	0.000000	0.000000	0.000000	1790355204.325790	0.000000
16.000000	14496.000349	43677.566192	-5026.974383	-32566.826948	22002.297282	-32488.729952	-16471.469876	-19357.236547	-0.012000	0.902000	0.336000	192.000000	0.000000	0.000000	0.000000	0.000000	0.000000	0.000000	0.000000	0.000000	0.000000	1790355204.325836	0.000000
17.000000	14485.182105	43670.614799	-5034.641032	-32572.101959	22023.576143	-32484.058438	-16475.895521	-19373.307451	-0.012000	0.902000	0.336000	192.000000	0.000000	0.000000	0.000000	0.000000	0.000000	0.000000	0.000000	0.000000	0.000000	1790355204.325857	0.000000
18.000000	14480.063555	43672.246477	-5043.089991	-32587.412904	22026.660684	-32493.982612	-16499.990702	-19387.746678	-0.006000	0.886000	0.402000	192.000000	255.000000	208.000000	27.000000	176.000000	12.000000	144.000000	0.000000	0.000000	0.000000	1790355204.325872	0.000000
19.000000	14448.748761	43651.034671	-5072.884866	-32606.389535	22014.099004	-32499.570548	-16526.075187	-19391.412364	-0.006000	0.886000	0.402000	192.000000	0.000000	0.000000	0.000000	0.000000	0.000000	0.000000	0.000000	0.000000	0.000000	1790355204.326110	0.000000
20.000000	14472.687480	43649.447697	-5057.417459	-32592.374991	22040.786986	-32504.890264	-16527.148071	-19393.111097	-0.006000	0.886000	0.402000	192.000000	0.000000	0.000000	0.000000	0.000000	0.000000	0.000000	0.000000	0.000000	0.000000	1790355204.326125	0.000000
21.000000	14492.178201	43647.368985	-5030.058924	-32565.239974	22077.063868	-32487.366496	-16503.656388	-19378.336594	-0.006000	0.886000	0.402000	192.000000	0.000000	0.000000	0.000000	0.000000	0.000000	0.000000	0.000000	0.000000	0.000000	1790355204.326140	0.000000
22.000000	14487.864314	43654.990930	-5038.105552	-32567.922183	22068.011411	-32492.462694	-16512.485327	-19379.901216	-0.006000	0.886000	0.402000	192.000000	0.000000	0.000000	0.000000	0.000000	0.000000	0.000000	0.000000	0.000000	0.000000	1790355204.326156	0.000000
23.000000	14481.382308	43659.908314	-5052.097744	-32575.030038	22068.056115	-32500.151694	-16536.446397	-19391.568827	-0.006000	0.886000	0.402000	192.000000	0.000000	0.000000	0.000000	0.000000	0.000000	0.000000	0.000000	0.000000	0.000000	1790355204.326170	0.000000
24.000000	14468.552407	43641.937511	-5072.102555	-32581.735561	22069.821902	-32496.351897	-16534.077112	-19381.465838	-0.006000	0.886000	0.402000	192.000000	0.000000	0.000000	0.000000	0.000000	0.000000	0.000000	0.000000	0.000000	0.000000	1790355204.326183	0.000000
25.000000	14480.309424	43635.701374	-5069.487401	-32574.627706	22109.876229	-32498.005926	-16530.411426	-19381.219969	-0.006000	0.886000	0.402000	192.000000	0.000000	0.000000	0.000000	0.000000	0.000000	0.000000	0.000000	0.000000	0.000000	1790355204.326196	0.000000
26.000000	14483.103392	43627.230063	-5052.343613	-32579.276869	22116.000607	-32503.795028	-16543.330734	-19385.757373	-0.006000	0.886000	0.402000	192.000000	0.000000	0.000000	0.000000	0.000000	0.000000	0.000000	0.000000	0.000000	0.000000	1790355204.326211	0.000000
27.000000	14480.957625	43636.506037	-5065.821715	-32573.688933	22095.861685	-32503.817380	-16565.861293	-19387.701975	-0.006000	0.886000	0.402000	192.000000	0.000000	0.000000	0.000000	0.000000	0.000000	0.000000	0.000000	0.000000	0.000000	1790355204.326225	0.000000
28.000000	14483.505724	43646.296101	-5061.105497	-32554.779357	22100.063813	-32492.395639	-16560.295708	-19375.073239	-0.004000	0.870000	0.434000	192.000000	255.000000	224.000000	27.000000	48.000000	13.000000	144.000000	0.000000	0.000000	0.000000	1790355204.326241	0.000000
29.000000	14468.015965	43627.610043	-5072.370776	-32570.112654	22101.449621	-32496.620118	-16562.776752	-19388.104306	-0.004000	0.870000	0.434000	192.000000	0.000000	0.000000	0.000000	0.000000	0.000000	0.000000	0.000000	0.000000	0.000000	1790355204.326257	0.000000
30.000000	14484.153924	43650.498229	-5063.318320	-32568.078645	22116.939380	-32476.637659	-16565.146037	-19378.828332	-0.004000	0.870000	0.434000	192.000000	0.000000	0.000000	0.000000	0.000000	0.000000	0.000000	0.000000	0.000000	0.000000	1790355204.326272	0.000000
31.000000	14480.555294	43670.011302	-5080.573866	-32567.676314	22112.647845	-32488.126455	-16579.160581	-19382.963405	-0.004000	0.870000	0.434000	192.000000	0.000000	0.000000	0.000000	0.000000	0.000000	0.000000	0.000000	0.000000	0.000000	1790355204.326285	0.000000
32.000000	14467.747744	43664.669235	-5082.183192	-32569.330343	22100.913179	-32490.205168	-16594.069194	-19382.046983	-0.004000	0.870000	0.434000	192.000000	0.000000	0.000000	0.000000	0.000000	0.000000	0.000000	0.000000	0.000000	0.000000	1790355204.326299	0.000000
33.000000	14477.403698	43657.986064	-5074.404785	-32560.546107	22115.061833	-32482.896147	-16575.651357	-19375.319108	-0.004000	0.870000	0.434000	192.000000	0.000000	0.000000	0.000000	0.000000	0.000000	0.000000	0.000000	0.000000	0.000000	1790355204.326331	0.000000
34.000000	14462.897416	43649.939436	-5088.240515	-32581.109712	22106.791688	-32505.180836	-16561.346240	-19387.098478	-0.004000	0.870000	0.434000	192.000000	0.000000	0.000000	0.000000	0.000000	0.000000	0.000000	0.000000	0.000000	0.000000	1790355204.326517	0.000000
35.000000	14473.179218	43680.807195	-5080.752680	-32561.373122	22081.310699	-32495.614290	-16568.163522	-19379.767106	-0.004000	0.870000	0.434000	192.000000	0.000000	0.000000	0.000000	0.000000	0.000000	0.000000	0.000000	0.000000	0.000000	1790355204.326532	0.000000
36.000000	14475.727317	43681.991837	-5084.552477	-32558.713264	22062.579937	-32487.478255	-16587.140153	-19380.281196	-0.004000	0.870000	0.434000	192.000000	0.000000	0.000000	0.000000	0.000000	0.000000	0.000000	0.000000	0.000000	0.000000	1790355204.326568	0.000000
37.000000	14478.521285	43681.455395	-5054.042346	-32541.860049	22087.748002	-32467.294629	-16568.699964	-19354.487283	-0.004000	0.870000	0.434000	192.000000	0.000000	0.000000	27.000000	32.000000	14.000000	32.000000	0.000000	0.000000	0.000000	1790355204.326581	0.000000
38.000000	14472.709831	43688.518547	-5066.559323	-32549.817270	22103.841258	-32481.487987	-16562.285013	-19361.997469	-0.004000	0.870000	0.434000	192.000000	0.000000	0.000000	0.000000	0.000000	0.000000	0.000000	0.000000	0.000000	0.000000	1790355204.326598	0.000000
39.000000	14480.220017	43705.170596	-5082.160840	-32548.654979	22072.392353	-32492.194473	-16584.368537	-19379.610643	-0.004000	0.870000	0.434000	192.000000	0.000000	0.000000	0.000000	0.000000	0.000000	0.000000	0.000000	0.000000	0.000000	1790355204.326611	0.000000
40.000000	14485.003291	43715.161826	-5064.279445	-32534.931008	22070.470103	-32468.121644	-16584.994386	-19368.144198	-0.004000	0.870000	0.434000	192.000000	0.000000	0.000000	0.000000	0.000000	0.000000	0.000000	0.000000	0.000000	0.000000	1790355204.326672	0.000000
41.000000	14480.868218	43694.218241	-5062.536009	-32534.998063	22091.570150	-32459.672685	-16570.108124	-19357.638879	-0.004000	0.870000	0.434000	192.000000	0.000000	0.000000	0.000000	0.000000	0.000000	0.000000	0.000000	0.000000	0.000000	1790355204.326689	0.000000
42.000000	14459.321136	43662.367006	-5091.190945	-32567.765721	22088.686775	-32486.181854	-16572.678575	-19373.687431	-0.004000	0.870000	0.434000	192.000000	0.000000	0.000000	0.000000	0.000000	0.000000	0.000000	0.000000	0.000000	0.000000	1790355204.326720	0.000000
43.000000	14459.879930	43672.358235	-5090.878021	-32567.832776	22089.536141	-32495.815455	-16585.128496	-19382.471667	-0.004000	0.870000	0.434000	192.000000	0.000000	0.000000	0.000000	0.000000	0.000000	0.000000	0.000000	0.000000	0.000000	1790355204.326735	0.000000
44.000000	14462.919767	43691.088997	-5082.965503	-32554.667599	22077.689717	-32490.920423	-16586.089621	-19375.229701	-0.004000	0.870000	0.434000	192.000000	0.000000	0.000000	0.000000	0.000000	0.000000	0.000000	0.000000	0.000000	0.000000	1790355204.326750	0.000000
45.000000	14454.113180	43686.886869	-4995.212554	-32554.645247	22090.631377	-32491.546272	-16580.948720	-19369.664117	-0.004000	0.870000	0.434000	192.000000	0.000000	0.000000	0.000000	0.000000	0.000000	0.000000	0.000000	0.000000	0.000000	1790355204.326783	0.000000
46.000000	14465.378459	43695.224070	-4884.705530	-32532.449965	22123.980179	-32459.940906	-16553.657240	-19357.080085	-0.004000	0.870000	0.434000	192.000000	0.000000	0.000000	0.000000	0.000000	0.000000	0.000000	0.000000	0.000000	0.000000	1790355204.326799	0.000000
47.000000	14462.495084	43701.259041	-4904.844452	-32530.661825	22112.983121	-32460.231478	-16566.487141	-19365.014954	0.002000	0.866000	0.454000	192.000000	0.000000	16.000000	27.000000	16.000000	14.000000	48.000000	0.000000	0.000000	0.000000	1790355204.326812	0.000000
48.000000	14444.770151	43695.157015	-4942.775362	-32543.335264	22073.040554	-32482.762037	-16595.298540	-19377.263710	0.002000	0.866000	0.454000	192.000000	0.000000	0.000000	0.000000	0.000000	0.000000	0.000000	0.000000	0.000000	0.000000	1790355204.326825	0.000000
49.000000	14445.172482	43689.859651	-4959.382708	-32538.931970	22076.281557	-32476.548252	-16584.413240	-19368.211254	0.002000	0.866000	0.454000	192.000000	0.000000	0.000000	0.000000	0.000000	0.000000	0.000000	0.000000	0.000000	0.000000	1790355204.326836	0.000000
50.000000	14444.233709	43694.553518	-4964.858885	-32533.075813	22113.318397	-32469.730970	-16554.193682	-19364.232643	0.002000	0.866000	0.454000	192.000000	0.000000	0.000000	0.000000	0.000000	0.000000	0.000000	0.000000	0.000000	0.000000	1790355204.327343	0.000000
51.000000	14461.645718	43716.793503	-4957.371051	-32528.449002	22124.069586	-32470.781502	-16542.928403	-19355.917794	0.002000	0.866000	0.454000	192.000000	0.000000	0.000000	0.000000	0.000000	0.000000	0.000000	0.000000	0.000000	0.000000	1790355204.327364	0.000000
52.000000	14469.491180	43734.071402	-4973.933694	-32529.410127	22090.273749	-32462.936039	-16565.794237	-19360.879881	0.002000	0.866000	0.454000	192.000000	0.000000	0.000000	0.000000	0.000000	0.000000	0.000000	0.000000	0.000000	0.000000	1790355204.327380	0.000000
53.000000	14457.510645	43726.538864	-4991.189240	-32546.956247	22069.039591	-32479.923365	-16586.961339	-19379.118905	0.002000	0.866000	0.454000	192.000000	0.000000	0.000000	0.000000	0.000000	0.000000	0.000000	0.000000	0.000000	0.000000	1790355204.327392	0.000000
54.000000	14436.790578	43699.225032	-4981.846211	-32540.161316	22112.469031	-32485.556005	-16556.138284	-19363.964422	0.002000	0.866000	0.454000	192.000000	0.000000	0.000000	0.000000	0.000000	0.000000	0.000000	0.000000	0.000000	0.000000	1790355204.327435	0.000000
55.000000	14422.172537	43686.618648	-4994.117319	-32546.799785	22113.899543	-32512.422802	-16544.314211	-19369.865283	0.002000	0.866000	0.454000	192.000000	0.000000	0.000000	0.000000	0.000000	0.000000	0.000000	0.000000	0.000000	0.000000	1790355204.327452	0.000000
56.000000	14445.105427	43714.558329	-4994.027912	-32537.277941	22098.454487	-32493.893205	-16553.523130	-19366.534873	0.002000	0.866000	0.454000	192.000000	0.000000	0.000000	0.000000	0.000000	0.000000	0.000000	0.000000	0.000000	0.000000	1790355204.327465	0.000000
57.000000	14455.409581	43721.196797	-4998.945296	-32539.244895	22073.040554	-32486.494778	-16559.379287	-19370.044097	0.002000	0.878000	0.458000	192.000000	0.000000	16.000000	27.000000	112.000000	14.000000	80.000000	0.000000	0.000000	0.000000	1790355204.327481	0.000000
58.000000	14448.257023	43706.332887	-5021.252337	-32553.550011	22050.398237	-32527.912560	-16552.450246	-19394.720423	0.002000	0.878000	0.458000	192.000000	0.000000	0.000000	0.000000	0.000000	0.000000	0.000000	0.000000	0.000000	0.000000	1790355204.327498	0.000000
59.000000	14448.569947	43723.007288	-5014.256241	-32541.167145	22067.877301	-32496.486008	-16502.337635	-19361.148102	0.002000	0.878000	0.458000	192.000000	0.000000	0.000000	0.000000	0.000000	0.000000	0.000000	0.000000	0.000000	0.000000	1790355204.327513	0.000000
60.000000	14450.827474	43748.890608	-4997.045397	-32526.683215	22071.744153	-32486.383019	-16487.026690	-19354.621393	0.002000	0.878000	0.458000	192.000000	0.000000	0.000000	0.000000	0.000000	0.000000	0.000000	0.000000	0.000000	0.000000	1790355204.327529	0.000000
61.000000	14441.015058	43747.437745	-4990.585743	-32516.446116	22057.282574	-32477.889356	-16453.990812	-19343.557280	0.002000	0.878000	0.458000	192.000000	0.000000	0.000000	0.000000	0.000000	0.000000	0.000000	0.000000	0.000000	0.000000	1790355204.327544	0.000000
62.000000	14436.187081	43730.740992	-4989.959894	-32523.173991	22053.192205	-32492.641508	-16427.168718	-19351.738018	0.002000	0.878000	0.458000	192.000000	0.000000	0.000000	0.000000	0.000000	0.000000	0.000000	0.000000	0.000000	0.000000	1790355204.327559	0.000000
63.000000	14431.224994	43722.001460	-5001.403988	-32534.729843	22053.192205	-32514.434459	-16410.024930	-19369.328841	0.002000	0.878000	0.458000	192.000000	0.000000	0.000000	0.000000	0.000000	0.000000	0.000000	0.000000	0.000000	0.000000	1790355204.327575	0.000000
64.000000	14437.818758	43746.118992	-4996.531307	-32519.977691	22038.574164	-32501.157522	-16398.938465	-19361.192806	0.002000	0.878000	0.458000	192.000000	0.000000	0.000000	0.000000	0.000000	0.000000	0.000000	0.000000	0.000000	0.000000	1790355204.327590	0.000000
65.000000	14422.932496	43745.537847	-4999.414682	-32520.983520	21986.204026	-32517.630758	-16399.609017	-19353.861434	0.002000	0.878000	0.458000	192.000000	0.000000	0.000000	0.000000	0.000000	0.000000	0.000000	0.000000	0.000000	0.000000	1790355204.327965	0.000000
66.000000	14406.548668	43728.706983	-4995.994865	-32522.816363	21995.815277	-32542.307084	-16387.024985	-19358.108265	0.002000	0.878000	0.458000	192.000000	0.000000	0.000000	0.000000	0.000000	0.000000	0.000000	0.000000	0.000000	0.000000	1790355204.327990	0.000000
67.000000	14401.765394	43724.169579	-4996.307790	-32528.091374	21997.379899	-32537.188534	-16371.311709	-19357.996506	-0.004000	0.872000	0.458000	192.000000	255.000000	224.000000	27.000000	64.000000	14.000000	80.000000	0.000000	0.000000	0.000000	1790355204.328006	0.000000
68.000000	14410.326113	43734.540788	-4992.105662	-32520.760002	21975.162265	-32528.739575	-16372.004613	-19341.813843	-0.004000	0.872000	0.458000	192.000000	0.000000	0.000000	0.000000	0.000000	0.000000	0.000000	0.000000	0.000000	0.000000	1790355204.328026	0.000000
69.000000	14404.157031	43741.559236	-5003.907383	-32520.692947	21937.745445	-32526.549104	-16386.600302	-19334.616582	-0.004000	0.872000	0.458000	192.000000	0.000000	0.000000	0.000000	0.000000	0.000000	0.000000	0.000000	0.000000	0.000000	1790355204.328040	0.000000
70.000000	14400.357235	43750.924617	-4985.355435	-32499.391735	21947.088474	-32512.042822	-16370.015308	-19320.803204	-0.004000	0.872000	0.458000	192.000000	0.000000	0.000000	0.000000	0.000000	0.000000	0.000000	0.000000	0.000000	0.000000	1790355204.328052	0.000000
71.000000	14389.069604	43744.800239	-4987.590610	-32500.732839	21950.329477	-32511.998118	-16355.196101	-19322.948971	-0.004000	0.872000	0.458000	192.000000	0.000000	0.000000	0.000000	0.000000	0.000000	0.000000	0.000000	0.000000	0.000000	1790355204.328066	0.000000
72.000000	14382.967577	43757.630140	-5003.527403	-32514.523866	21949.569517	-32525.900903	-16370.283529	-19338.304620	-0.004000	0.872000	0.458000	192.000000	0.000000	0.000000	0.000000	0.000000	0.000000	0.000000	0.000000	0.000000	0.000000	1790355204.328080	0.000000
73.000000	14378.452525	43777.389083	-4994.765519	-32517.004909	21927.374235	-32519.687118	-16395.093965	-19339.377503	-0.004000	0.872000	0.458000	192.000000	0.000000	0.000000	0.000000	0.000000	0.000000	0.000000	0.000000	0.000000	0.000000	1790355204.328096	0.000000
74.000000	14357.777161	43765.028568	-4996.330142	-32523.039880	21917.651226	-32522.726956	-16382.509933	-19326.637009	-0.004000	0.872000	0.458000	192.000000	0.000000	0.000000	0.000000	0.000000	0.000000	0.000000	0.000000	0.000000	0.000000	1790355204.328109	0.000000
75.000000	14349.484664	43759.105356	-4995.748996	-32522.212866	21944.585078	-32530.080680	-16354.771418	-19319.395044	-0.004000	0.872000	0.458000	192.000000	0.000000	0.000000	0.000000	0.000000	0.000000	0.000000	0.000000	0.000000	0.000000	1790355204.328127	0.000000
76.000000	14353.619737	43765.073271	-5002.633334	-32521.765831	21943.825119	-32530.058328	-16353.184444	-19313.896515	-0.004000	0.872000	0.458000	192.000000	0.000000	0.000000	0.000000	0.000000	0.000000	0.000000	0.000000	0.000000	0.000000	1790355204.328161	0.000000
77.000000	14350.579900	43767.308446	-5017.497244	-32533.791069	21910.498668	-32542.441194	-16377.413735	-19326.167622	-0.008000	0.870000	0.464000	192.000000	255.000000	192.000000	27.000000	48.000000	14.000000	128.000000	0.000000	0.000000	0.000000	1790355204.328176	0.000000
78.000000	14342.935603	43753.115088	-5017.743113	-32534.841601	21896.081793	-32546.710378	-16390.042471	-19334.974210	-0.008000	0.870000	0.464000	192.000000	0.000000	0.000000	0.000000	0.000000	0.000000	0.000000	0.000000	0.000000	0.000000	1790355204.328197	0.000000
79.000000	14336.431245	43743.839114	-5018.123092	-32536.808555	21909.761060	-32549.526697	-16376.050279	-19324.021855	-0.008000	0.870000	0.464000	192.000000	0.000000	0.000000	0.000000	0.000000	0.000000	0.000000	0.000000	0.000000	0.000000	1790355204.328211	0.000000
80.000000	14336.587708	43751.684576	-5013.652744	-32533.344034	21920.154622	-32543.782299	-16360.784037	-19322.278419	-0.008000	0.870000	0.464000	192.000000	0.000000	0.000000	0.000000	0.000000	0.000000	0.000000	0.000000	0.000000	0.000000	1790355204.328225	0.000000
81.000000	14322.148481	43760.692329	-5036.943261	-32543.469375	21874.512359	-32563.496538	-16383.068726	-19336.672942	-0.008000	0.870000	0.464000	192.000000	0.000000	0.000000	0.000000	0.000000	0.000000	0.000000	0.000000	0.000000	0.000000	1790355204.328412	0.000000
82.000000	14325.747112	43773.008141	-5024.359229	-32526.906732	21845.902127	-32568.704494	-16394.713985	-19334.415416	-0.008000	0.870000	0.464000	192.000000	0.000000	0.000000	0.000000	0.000000	0.000000	0.000000	0.000000	0.000000	0.000000	1790355204.328466	0.000000
83.000000	14331.267992	43771.823498	-5010.747017	-32525.386813	21859.983726	-32563.965924	-16378.732488	-19322.345474	-0.008000	0.870000	0.464000	192.000000	0.000000	0.000000	0.000000	0.000000	0.000000	0.000000	0.000000	0.000000	0.000000	1790355204.328486	0.000000
84.000000	14330.642144	43778.216097	-5016.983153	-32527.152601	21878.535673	-32558.869727	-16380.945311	-19318.925657	-0.008000	0.870000	0.464000	192.000000	0.000000	0.000000	0.000000	0.000000	0.000000	0.000000	0.000000	0.000000	0.000000	1790355204.328502	0.000000
85.000000	14329.882184	43798.086798	-5020.514729	-32516.244950	21853.389961	-32546.598619	-16392.076479	-19318.724491	-0.008000	0.870000	0.464000	192.000000	0.000000	0.000000	0.000000	0.000000	0.000000	0.000000	0.000000	0.000000	0.000000	1790355204.328518	0.000000
86.000000	14326.752940	43796.790397	-5015.038552	-32514.389755	21834.390978	-32546.509212	-16401.218343	-19330.839137	-0.008000	0.870000	0.464000	192.000000	0.000000	0.000000	0.000000	0.000000	0.000000	0.000000	0.000000	0.000000	0.000000	1790355204.328531	0.000000
87.000000	14317.678132	43777.366731	-5012.088121	-32518.234255	21862.777694	-32540.429537	-16389.483677	-19314.097680	-0.008000	0.870000	0.464000	192.000000	0.000000	0.000000	27.000000	96.000000	14.000000	80.000000	0.000000	0.000000	0.000000	1790355204.328548	0.000000
88.000000	14306.837536	43768.694254	-5029.410723	-32534.707491	21844.002228	-32561.216660	-16401.955950	-19328.738073	-0.008000	0.870000	0.464000	192.000000	0.000000	0.000000	0.000000	0.000000	0.000000	0.000000	0.000000	0.000000	0.000000	1790355204.328564	0.000000
89.000000	14305.272914	43786.128615	-5044.654613	-32537.635569	21808.619417	-32556.701607	-16424.821785	-19336.583535	-0.008000	0.870000	0.464000	192.000000	0.000000	0.000000	0.000000	0.000000	0.000000	0.000000	0.000000	0.000000	0.000000	1790355204.328578	0.000000
90.000000	14307.508088	43792.096530	-5033.031706	-32524.515095	21798.963463	-32545.369273	-16426.319352	-19317.428090	-0.008000	0.870000	0.464000	192.000000	0.000000	0.000000	0.000000	0.000000	0.000000	0.000000	0.000000	0.000000	0.000000	1790355204.328597	0.000000
91.000000	14303.976512	43779.713664	-5023.509863	-32521.922293	21816.040196	-32544.966941	-16401.777137	-19299.770212	-0.008000	0.870000	0.464000	192.000000	0.000000	0.000000	0.000000	0.000000	0.000000	0.000000	0.000000	0.000000	0.000000	1790355204.328612	0.000000
92.000000	14314.951219	43785.860394	-5014.569165	-32522.883418	21842.236440	-32551.918334	-16373.166904	-19290.717756	-0.008000	0.870000	0.464000	192.000000	0.000000	0.000000	0.000000	0.000000	0.000000	0.000000	0.000000	0.000000	0.000000	1790355204.328627	0.000000
93.000000	14317.611077	43811.140217	-5012.535156	-32522.838714	21838.637810	-32545.928066	-16372.228130	-19295.165753	-0.008000	0.870000	0.464000	192.000000	0.000000	0.000000	0.000000	0.000000	0.000000	0.000000	0.000000	0.000000	0.000000	1790355204.328641	0.000000
94.000000	14300.959027	43807.742752	-5030.975345	-32530.550066	21803.322053	-32549.079662	-16390.511857	-19300.440764	-0.008000	0.870000	0.464000	192.000000	0.000000	0.000000	0.000000	0.000000	0.000000	0.000000	0.000000	0.000000	0.000000	1790355204.328658	0.000000
95.000000	14292.621826	43799.472606	-5032.361154	-32526.616159	21806.272484	-32539.870744	-16372.786924	-19289.309596	-0.008000	0.870000	0.464000	192.000000	0.000000	0.000000	0.000000	0.000000	0.000000	0.000000	0.000000	0.000000	0.000000	1790355204.328672	0.000000
96.000000	14292.443012	43796.030437	-5036.585633	-32525.297406	21822.991588	-32529.499534	-16355.263156	-19282.022927	-0.008000	0.870000	0.464000	192.000000	0.000000	0.000000	0.000000	0.000000	0.000000	0.000000	0.000000	0.000000	0.000000	1790355204.328829	0.000000
97.000000	14294.879352	43798.444426	-5042.575901	-32537.322645	21817.470708	-32543.044691	-16378.218398	-19297.646796	0.002000	0.874000	0.458000	192.000000	0.000000	16.000000	27.000000	80.000000	14.000000	80.000000	0.000000	0.000000	0.000000	1790355204.328866	0.000000
98.000000	14291.236018	43795.538699	-5060.300834	-32541.502421	21793.554341	-32547.291523	-16403.095889	-19303.726471	0.002000	0.874000	0.458000	192.000000	0.000000	0.000000	0.000000	0.000000	0.000000	0.000000	0.000000	0.000000	0.000000	1790355204.328883	0.000000
99.000000	14302.948332	43788.922583	-5063.720651	-32538.909619	21803.120888	-32548.967904	-16399.385500	-19297.222113	0.002000	0.874000	0.458000	192.000000	0.000000	0.000000	0.000000	0.000000	0.000000	0.000000	0.000000	0.000000	0.000000	1790355204.328900	0.000000
100.000000	14317.968704	43795.650458	-5029.343668	-32520.603540	21833.765129	-32549.213773	-16377.056107	-19287.677918	0.002000	0.874000	0.458000	192.000000	0.000000	0.000000	0.000000	0.000000	0.000000	0.000000	0.000000	0.000000	0.000000	1790355204.328914	0.000000
101.000000	14311.777271	43798.891461	-5018.011334	-32529.588941	21821.806946	-32548.654979	-16371.959909	-19295.188105	0.002000	0.874000	0.458000	192.000000	0.000000	0.000000	0.000000	0.000000	0.000000	0.000000	0.000000	0.000000	0.000000	1790355204.328932	0.000000
102.000000	14304.289437	43803.004182	-5026.728514	-32533.679311	21789.665137	-32542.709415	-16395.272779	-19300.798392	0.002000	0.874000	0.458000	192.000000	0.000000	0.000000	0.000000	0.000000	0.000000	0.000000	0.000000	0.000000	0.000000	1790355204.328952	0.000000
103.000000	14289.626692	43790.107225	-5038.731401	-32532.338206	21785.641823	-32540.094261	-16395.764517	-19295.389270	0.002000	0.874000	0.458000	192.000000	0.000000	0.000000	0.000000	0.000000	0.000000	0.000000	0.000000	0.000000	0.000000	1790355204.328968	0.000000
104.000000	14286.363338	43767.464908	-5032.025877	-32538.976674	21813.492097	-32548.006779	-16385.996805	-19297.065651	0.002000	0.874000	0.458000	192.000000	0.000000	0.000000	0.000000	0.000000	0.000000	0.000000	0.000000	0.000000	0.000000	1790355204.328982	0.000000
105.000000	14270.694765	43763.888629	-5047.560340	-32538.417880	21807.635940	-32546.352750	-16391.361224	-19306.766308	0.002000	0.874000	0.458000	192.000000	0.000000	0.000000	0.000000	0.000000	0.000000	0.000000	0.000000	0.000000	0.000000	1790355204.328998	0.000000
106.000000	14283.010576	43774.483356	-5050.935453	-32525.498572	21795.096611	-32546.576267	-16396.591532	-19293.511724	0.002000	0.874000	0.458000	192.000000	0.000000	0.000000	0.000000	0.000000	0.000000	0.000000	0.000000	0.000000	0.000000	1790355204.329021	0.000000
107.000000	14277.579102	43766.928466	-5042.285328	-32521.095278	21784.121905	-32549.079662	-16410.360206	-19294.897532	0.002000	0.874000	0.458000	192.000000	0.000000	0.000000	27.000000	96.000000	14.000000	128.000000	0.000000	0.000000	0.000000	1790355204.329041	0.000000
108.000000	14276.953253	43750.276417	-5053.528256	-32525.118592	21797.577655	-32536.316816	-16400.905419	-19294.115221	0.002000	0.874000	0.458000	192.000000	0.000000	0.000000	0.000000	0.000000	0.000000	0.000000	0.000000	0.000000	0.000000	1790355204.329062	0.000000
109.000000	14280.708346	43745.962530	-5058.557398	-32533.835773	21817.671873	-32534.819249	-16397.999692	-19296.842134	0.002000	0.874000	0.458000	192.000000	0.000000	0.000000	0.000000	0.000000	0.000000	0.000000	0.000000	0.000000	0.000000	1790355204.329079	0.000000
110.000000	14285.737489	43753.718585	-5062.536009	-32545.816308	21783.876036	-32559.562631	-16428.688637	-19311.169602	0.002000	0.874000	0.458000	192.000000	0.000000	0.000000	0.000000	0.000000	0.000000	0.000000	0.000000	0.000000	0.000000	1790355204.329099	0.000000
111.000000	14296.309864	43760.938199	-5029.522482	-32518.167200	21781.886730	-32551.203078	-16427.124015	-19298.965549	0.002000	0.874000	0.458000	192.000000	0.000000	0.000000	0.000000	0.000000	0.000000	0.000000	0.000000	0.000000	0.000000	1790355204.329164	0.000000
112.000000	14308.402158	43768.090757	-5023.241642	-32504.443229	21808.440603	-32531.935874	-16400.726605	-19284.235750	0.002000	0.874000	0.458000	192.000000	0.000000	0.000000	0.000000	0.000000	0.000000	0.000000	0.000000	0.000000	0.000000	1790355204.329486	0.000000
113.000000	14311.464347	43776.316199	-5033.612851	-32510.701717	21825.003245	-32528.359595	-16393.305825	-19289.376651	0.002000	0.874000	0.458000	192.000000	0.000000	0.000000	0.000000	0.000000	0.000000	0.000000	0.000000	0.000000	0.000000	1790355204.329498	0.000000
114.000000	14297.919190	43784.251068	-5052.030689	-32521.877589	21803.813792	-32535.445098	-16412.461270	-19294.964587	0.002000	0.874000	0.458000	192.000000	0.000000	0.000000	0.000000	0.000000	0.000000	0.000000	0.000000	0.000000	0.000000	1790355204.329525	0.000000
115.000000	14286.139820	43781.792376	-5059.116192	-32515.663804	21795.923626	-32521.922293	-16414.204706	-19278.960738	0.002000	0.874000	0.458000	192.000000	0.000000	0.000000	0.000000	0.000000	0.000000	0.000000	0.000000	0.000000	0.000000	1790355204.329534	0.000000
116.000000	14296.600437	43780.093644	-5047.247415	-32500.866950	21812.128641	-32502.230406	-16390.020119	-19250.194043	0.002000	0.874000	0.458000	192.000000	0.000000	0.000000	0.000000	0.000000	0.000000	0.000000	0.000000	0.000000	0.000000	1790355204.329544	0.000000
117.000000	14309.720911	43774.908039	-5038.932567	-32500.442267	21832.044045	-32512.847485	-16357.610089	-19234.369008	-0.002000	0.880000	0.462000	192.000000	255.000000	240.000000	27.000000	128.000000	14.000000	112.000000	0.000000	0.000000	0.000000	1790355204.329554	0.000000
118.000000	14314.526536	43770.124766	-5059.697337	-32513.473334	21828.288952	-32537.523811	-16371.132895	-19253.323287	-0.002000	0.880000	0.462000	192.000000	0.000000	0.000000	0.000000	0.000000	0.000000	0.000000	0.000000	0.000000	0.000000	1790355204.329571	0.000000
119.000000	14312.380768	43763.642760	-5044.833427	-32515.887322	21813.357987	-32514.903845	-16389.550732	-19260.095866	-0.002000	0.880000	0.462000	192.000000	0.000000	0.000000	0.000000	0.000000	0.000000	0.000000	0.000000	0.000000	0.000000	1790355204.329582	0.000000
120.000000	14311.777271	43749.382347	-5042.128866	-32503.638566	21814.363815	-32494.116723	-16387.047337	-19261.772247	-0.002000	0.880000	0.462000	192.000000	0.000000	0.000000	0.000000	0.000000	0.000000	0.000000	0.000000	0.000000	0.000000	1790355204.329592	0.000000
121.000000	14326.730588	43753.226847	-5040.921872	-32509.986461	21846.125644	-32507.214845	-16365.589662	-19262.420447	-0.002000	0.880000	0.462000	192.000000	0.000000	0.000000	0.000000	0.000000	0.000000	0.000000	0.000000	0.000000	0.000000	1790355204.556344	0.000000
122.000000	14328.943411	43764.693292	-5056.232817	-32523.710432	21842.527013	-32514.076831	-16377.637253	-19279.318366	-0.002000	0.880000	0.462000	192.000000	0.000000	0.000000	0.000000	0.000000	0.000000	0.000000	0.000000	0.000000	0.000000	1790355204.556412	0.000000
123.000000	14334.911327	43768.202516	-5060.479648	-32518.077793	21824.645618	-32508.645357	-16389.327215	-19274.892721	-0.002000	0.880000	0.462000	192.000000	0.000000	0.000000	0.000000	0.000000	0.000000	0.000000	0.000000	0.000000	0.000000	1790355204.556448	0.000000
124.000000	14338.264088	43757.294864	-5046.398049	-32505.158485	21838.458996	-32502.610386	-16381.504104	-19264.812084	-0.002000	0.880000	0.462000	192.000000	0.000000	0.000000	0.000000	0.000000	0.000000	0.000000	0.000000	0.000000	0.000000	1790355204.556463	0.000000
125.000000	14326.663533	43749.874085	-5060.770221	-32516.110839	21839.978914	-32519.351842	-16372.518703	-19269.394191	-0.002000	0.880000	0.462000	192.000000	0.000000	0.000000	0.000000	0.000000	0.000000	0.000000	0.000000	0.000000	0.000000	1790355204.556474	0.000000
126.000000	14335.581879	43775.153908	-5065.486439	-32509.204150	21851.534766	-32520.603540	-16373.569235	-19267.293127	-0.004000	0.870000	0.464000	192.000000	255.000000	224.000000	27.000000	48.000000	14.000000	128.000000	0.000000	0.000000	0.000000	1790355204.556485	0.000000
127.000000	14346.578937	43790.397798	-5062.044270	-32497.245967	21858.419103	-32507.058383	-16383.627520	-19263.649793	-0.004000	0.870000	0.464000	192.000000	0.000000	0.000000	0.000000	0.000000	0.000000	0.000000	0.000000	0.000000	0.000000	1790355204.556710	0.000000
128.000000	14340.119283	43771.734091	-5048.387354	-32500.688136	21849.009019	-32507.237197	-16386.220322	-19263.225110	-0.004000	0.870000	0.464000	192.000000	0.000000	0.000000	0.000000	0.000000	0.000000	0.000000	0.000000	0.000000	0.000000	1790355204.556722	0.000000
129.000000	14330.083350	43752.578646	-5068.347462	-32509.539427	21860.564871	-32523.911598	-16383.448706	-19271.919939	-0.004000	0.870000	0.464000	192.000000	0.000000	0.000000	0.000000	0.000000	0.000000	0.000000	0.000000	0.000000	0.000000	1790355204.556733	0.000000
130.000000	14332.363228	43763.352187	-5082.362006	-32517.898979	21868.142112	-32542.999988	-16384.320424	-19279.363069	-0.004000	0.870000	0.464000	192.000000	0.000000	0.000000	0.000000	0.000000	0.000000	0.000000	0.000000	0.000000	0.000000	1790355204.556744	0.000000
131.000000	14331.491510	43778.081987	-5061.016090	-32511.036993	21857.212109	-32522.570494	-16390.690671	-19273.059878	-0.004000	0.870000	0.464000	192.000000	0.000000	0.000000	0.000000	0.000000	0.000000	0.000000	0.000000	0.000000	0.000000	1790355204.556771	0.000000
132.000000	14345.260184	43783.111129	-5036.607985	-32494.474351	21869.751438	-32499.861121	-16372.094020	-19254.083246	-0.004000	0.870000	0.464000	192.000000	0.000000	0.000000	0.000000	0.000000	0.000000	0.000000	0.000000	0.000000	0.000000	1790355204.556800	0.000000
133.000000	14349.328202	43766.056748	-5050.242549	-32507.080735	21874.668822	-32503.258586	-16361.655755	-19263.985069	-0.004000	0.870000	0.464000	192.000000	0.000000	0.000000	0.000000	0.000000	0.000000	0.000000	0.000000	0.000000	0.000000	1790355204.556810	0.000000
134.000000	14358.760638	43769.431862	-5066.291102	-32514.903845	21850.171310	-32523.777488	-16383.739279	-19286.023889	-0.004000	0.870000	0.464000	192.000000	0.000000	0.000000	0.000000	0.000000	0.000000	0.000000	0.000000	0.000000	0.000000	1790355204.556820	0.000000
135.000000	14364.929720	43788.028513	-5054.489381	-32505.136133	21864.409371	-32515.440287	-16368.115409	-19256.765456	-0.004000	0.870000	0.464000	192.000000	0.000000	0.000000	0.000000	0.000000	0.000000	0.000000	0.000000	0.000000	0.000000	1790355204.556831	0.000000
136.000000	14342.130940	43767.777832	-5047.605043	-32492.261528	21884.168313	-32494.519054	-16349.138778	-19227.618781	-0.006000	0.878000	0.456000	192.000000	255.000000	208.000000	27.000000	112.000000	14.000000	64.000000	0.000000	0.000000	0.000000	1790355204.556841	0.000000
137.000000	14340.611022	43749.717623	-5050.510770	-32476.212976	21907.190610	-32481.689153	-16321.377912	-19223.751929	-0.006000	0.878000	0.456000	192.000000	0.000000	0.000000	0.000000	0.000000	0.000000	0.000000	0.000000	0.000000	0.000000	1790355204.556853	0.000000
138.000000	14354.647917	43754.903228	-5052.567131	-32491.434514	21907.861162	-32495.971918	-16319.679179	-19235.017208	-0.006000	0.878000	0.456000	192.000000	0.000000	0.000000	0.000000	0.000000	0.000000	0.000000	0.000000	0.000000	0.000000	1790355204.556879	0.000000
139.000000	14371.434077	43790.174280	-5053.125924	-32485.310136	21894.450115	-32500.822246	-16331.279735	-19235.710113	-0.006000	0.878000	0.456000	192.000000	0.000000	0.000000	0.000000	0.000000	0.000000	0.000000	0.000000	0.000000	0.000000	1790355204.556889	0.000000
140.000000	14365.399106	43797.751522	-5062.848933	-32488.394676	21866.331621	-32500.129342	-16341.293316	-19228.959886	-0.006000	0.878000	0.456000	192.000000	0.000000	0.000000	0.000000	0.000000	0.000000	0.000000	0.000000	0.000000	0.000000	1790355204.556906	0.000000
141.000000	14355.139655	43773.455176	-5066.849895	-32494.317889	21891.566740	-32495.614290	-16344.444912	-19228.110519	-0.006000	0.878000	0.456000	192.000000	0.000000	0.000000	0.000000	0.000000	0.000000	0.000000	0.000000	0.000000	0.000000	1790355204.556916	0.000000
142.000000	14354.759676	43763.083966	-5083.837221	-32507.304252	21904.731918	-32495.927214	-16337.940554	-19233.251421	-0.006000	0.878000	0.456000	192.000000	0.000000	0.000000	0.000000	0.000000	0.000000	0.000000	0.000000	0.000000	0.000000	1790355204.556953	0.000000
143.000000	14369.735345	43774.081024	-5085.401843	-32511.327566	21891.298520	-32504.845560	-16343.796711	-19236.045389	-0.006000	0.878000	0.456000	192.000000	0.000000	0.000000	0.000000	0.000000	0.000000	0.000000	0.000000	0.000000	0.000000	1790355204.556963	0.000000
144.000000	14369.064792	43781.837080	-5063.161858	-32504.890264	21877.306327	-32512.333395	-16353.743238	-19237.900583	-0.006000	0.878000	0.456000	192.000000	0.000000	0.000000	0.000000	0.000000	0.000000	0.000000	0.000000	0.000000	0.000000	1790355204.556973	0.000000
145.000000	14369.333013	43770.504745	-5064.771183	-32498.162389	21865.459903	-32520.044746	-16335.079531	-19224.511889	-0.006000	0.878000	0.456000	192.000000	0.000000	0.000000	0.000000	0.000000	0.000000	0.000000	0.000000	0.000000	0.000000	1790355204.556983	0.000000
146.000000	14387.817906	43766.526135	-5080.797384	-32484.259604	21902.116764	-32493.870854	-16318.650999	-19221.919086	-0.002000	0.874000	0.456000	192.000000	255.000000	240.000000	27.000000	80.000000	14.000000	64.000000	0.000000	0.000000	0.000000	1790355204.556993	0.000000
147.000000	14388.108479	43775.980923	-5058.736212	-32480.772731	21915.326645	-32491.054534	-16323.523679	-19230.837432	-0.002000	0.874000	0.456000	192.000000	0.000000	0.000000	0.000000	0.000000	0.000000	0.000000	0.000000	0.000000	0.000000	1790355204.557004	0.000000
148.000000	14383.816944	43780.831251	-5059.674985	-32486.762999	21892.438458	-32494.206130	-16337.873499	-19239.152281	-0.002000	0.874000	0.456000	192.000000	0.000000	0.000000	0.000000	0.000000	0.000000	0.000000	0.000000	0.000000	0.000000	1790355204.557014	0.000000
149.000000	14372.194037	43759.865315	-5075.544724	-32499.145865	21864.118798	-32520.022395	-16359.688802	-19263.515683	-0.002000	0.874000	0.456000	192.000000	0.000000	0.000000	0.000000	0.000000	0.000000	0.000000	0.000000	0.000000	0.000000	1790355204.557024	0.000000
150.000000	14382.654653	43754.612655	-5078.137526	-32496.173083	21884.213017	-32514.009775	-16347.797674	-19249.948174	-0.002000	0.874000	0.456000	192.000000	0.000000	0.000000	0.000000	0.000000	0.000000	0.000000	0.000000	0.000000	0.000000	1790355204.557034	0.000000
151.000000	14391.550647	43765.363844	-5073.443660	-32489.735781	21901.692081	-32494.742572	-16325.311819	-19225.137737	-0.002000	0.874000	0.456000	192.000000	0.000000	0.000000	0.000000	0.000000	0.000000	0.000000	0.000000	0.000000	0.000000	1790355204.557044	0.000000
152.000000	14398.882019	43781.613562	-5071.633169	-32486.271261	21876.747534	-32487.478255	-16329.513947	-19231.060950	-0.002000	0.874000	0.456000	192.000000	0.000000	0.000000	0.000000	0.000000	0.000000	0.000000	0.000000	0.000000	0.000000	1790355204.557054	0.000000
153.000000	14403.642941	43772.941085	-5062.781878	-32484.460769	21883.743630	-32476.548252	-16323.635438	-19219.326284	-0.002000	0.874000	0.456000	192.000000	0.000000	0.000000	0.000000	0.000000	0.000000	0.000000	0.000000	0.000000	0.000000	1790355204.557064	0.000000
154.000000	14402.815926	43762.681635	-5064.391203	-32486.762999	21906.631816	-32497.648298	-16307.743348	-19215.817060	-0.002000	0.874000	0.456000	192.000000	0.000000	0.000000	0.000000	0.000000	0.000000	0.000000	0.000000	0.000000	0.000000	1790355204.557074	0.000000
155.000000	14408.761490	43757.093699	-5082.026730	-32499.570548	21938.214831	-32507.304252	-16311.118461	-19230.345694	-0.002000	0.874000	0.456000	192.000000	0.000000	0.000000	0.000000	0.000000	0.000000	0.000000	0.000000	0.000000	0.000000	1790355204.557084	0.000000
156.000000	14418.395092	43768.157812	-5077.355215	-32487.500606	21930.458776	-32481.040952	-16318.762758	-19224.198964	-0.004000	0.872000	0.454000	192.000000	255.000000	224.000000	27.000000	64.000000	14.000000	48.000000	0.000000	0.000000	0.000000	1790355204.557094	0.000000
157.000000	14414.125909	43759.150059	-5070.269712	-32477.755246	21909.649302	-32479.297516	-16299.204981	-19201.243723	-0.004000	0.872000	0.454000	192.000000	0.000000	0.000000	0.000000	0.000000	0.000000	0.000000	0.000000	0.000000	0.000000	1790355204.557104	0.000000
158.000000	14396.736252	43729.042259	-5088.173460	-32502.565682	21897.869932	-32509.762944	-16294.131135	-19225.763586	-0.004000	0.872000	0.454000	192.000000	0.000000	0.000000	0.000000	0.000000	0.000000	0.000000	0.000000	0.000000	0.000000	1790355204.557138	0.000000
159.000000	14405.632246	43728.863445	-5086.474727	-32496.597766	21921.115747	-32506.074906	-16284.251664	-19215.235915	-0.004000	0.872000	0.454000	192.000000	0.000000	0.000000	0.000000	0.000000	0.000000	0.000000	0.000000	0.000000	0.000000	1790355204.557148	0.000000
160.000000	14420.585563	43748.510629	-5066.671081	-32476.972935	21925.586096	-32495.167255	-16287.403260	-19209.737385	-0.004000	0.872000	0.454000	192.000000	0.000000	0.000000	0.000000	0.000000	0.000000	0.000000	0.000000	0.000000	0.000000	1790355204.557158	0.000000
161.000000	14421.300819	43757.160754	-5060.300834	-32464.634772	21933.185689	-32460.231478	-16295.628702	-19203.031862	-0.004000	0.872000	0.454000	192.000000	0.000000	0.000000	0.000000	0.000000	0.000000	0.000000	0.000000	0.000000	0.000000	1790355204.557170	0.000000
162.000000	14409.364988	43734.764306	-5074.851820	-32475.676534	21926.301351	-32468.971010	-16295.695757	-19217.515793	-0.004000	0.872000	0.454000	192.000000	0.000000	0.000000	0.000000	0.000000	0.000000	0.000000	0.000000	0.000000	0.000000	1790355204.557180	0.000000
163.000000	14407.733310	43731.433896	-5087.212335	-32481.242118	21937.186651	-32472.636696	-16292.387699	-19225.785938	-0.004000	0.872000	0.454000	192.000000	0.000000	0.000000	0.000000	0.000000	0.000000	0.000000	0.000000	0.000000	0.000000	1790355204.557190	0.000000
164.000000	14413.164784	43742.229789	-5081.087957	-32489.758133	21923.887363	-32483.834920	-16307.430423	-19235.218374	-0.004000	0.872000	0.454000	192.000000	0.000000	0.000000	0.000000	0.000000	0.000000	0.000000	0.000000	0.000000	0.000000	1790355204.557230	0.000000
165.000000	14418.350389	43754.791469	-5069.353291	-32470.848557	21930.704645	-32469.283935	-16299.495554	-19219.639208	-0.004000	0.872000	0.454000	192.000000	0.000000	0.000000	0.000000	0.000000	0.000000	0.000000	0.000000	0.000000	0.000000	1790355204.557253	0.000000
166.000000	14411.354293	43737.401812	-5072.862515	-32475.073037	21936.292581	-32493.803798	-16283.156429	-19220.913258	-0.002000	0.866000	0.452000	192.000000	255.000000	240.000000	27.000000	16.000000	14.000000	32.000000	0.000000	0.000000	0.000000	1790355204.557274	0.000000
167.000000	14420.920839	43737.893550	-5077.914009	-32481.577394	21943.869822	-32493.423819	-16273.008737	-19229.585735	-0.002000	0.866000	0.452000	192.000000	0.000000	0.000000	0.000000	0.000000	0.000000	0.000000	0.000000	0.000000	0.000000	1790355204.557287	0.000000
168.000000	14431.761435	43751.908094	-5087.637018	-32477.665839	21945.032113	-32477.688191	-16274.461600	-19230.926839	-0.002000	0.866000	0.452000	192.000000	0.000000	0.000000	0.000000	0.000000	0.000000	0.000000	0.000000	0.000000	0.000000	1790355204.557298	0.000000
169.000000	14439.763360	43766.749652	-5068.503924	-32465.841766	21931.889287	-32481.800912	-16277.233216	-19229.250458	-0.002000	0.866000	0.452000	192.000000	0.000000	0.000000	0.000000	0.000000	0.000000	0.000000	0.000000	0.000000	0.000000	1790355204.557326	0.000000
170.000000	14430.330924	43756.914885	-5070.202657	-32475.430664	21943.243974	-32498.050630	-16266.191455	-19230.703322	-0.002000	0.866000	0.452000	192.000000	0.000000	0.000000	0.000000	0.000000	0.000000	0.000000	0.000000	0.000000	0.000000	1790355204.557336	0.000000
171.000000	14436.947040	43761.049957	-5070.560285	-32473.396656	21960.678334	-32503.102124	-16250.589937	-19234.279601	-0.002000	0.866000	0.452000	192.000000	0.000000	0.000000	0.000000	0.000000	0.000000	0.000000	0.000000	0.000000	0.000000	1790355204.557346	0.000000
172.000000	14449.911052	43778.529022	-5071.990797	-32462.153728	21957.213814	-32481.756208	-16261.296423	-19235.844223	-0.002000	0.866000	0.452000	192.000000	0.000000	0.000000	0.000000	0.000000	0.000000	0.000000	0.000000	0.000000	0.000000	1790355204.557356	0.000000
173.000000	14446.357125	43774.215135	-5070.716747	-32469.596859	21930.503479	-32477.688191	-16285.257493	-19240.068703	-0.002000	0.866000	0.452000	192.000000	0.000000	0.000000	0.000000	0.000000	0.000000	0.000000	0.000000	0.000000	0.000000	1790355204.557498	0.000000
174.000000	14438.466959	43754.277379	-5064.815887	-32465.730007	21942.931049	-32480.638621	-16274.528655	-19232.357351	-0.002000	0.866000	0.452000	192.000000	0.000000	0.000000	0.000000	0.000000	0.000000	0.000000	0.000000	0.000000	0.000000	1790355204.557510	0.000000
175.000000	14422.418406	43739.011137	-5073.957750	-32468.166348	21984.997032	-32483.812569	-16252.847463	-19239.912240	-0.002000	0.866000	0.452000	192.000000	0.000000	0.000000	0.000000	0.000000	0.000000	0.000000	0.000000	0.000000	0.000000	1790355204.557521	0.000000
176.000000	14426.262906	43755.864353	-5090.140413	-32473.150787	21981.174884	-32490.585147	-16247.684210	-19240.292220	-0.006000	0.874000	0.452000	192.000000	255.000000	208.000000	27.000000	80.000000	14.000000	32.000000	0.000000	0.000000	0.000000	1790355205.022165	0.000000
177.000000	14435.002438	43777.880821	-5069.330939	-32461.907859	21965.595718	-32485.377191	-16236.485986	-19225.718883	-0.006000	0.874000	0.452000	192.000000	0.000000	0.000000	0.000000	0.000000	0.000000	0.000000	0.000000	0.000000	0.000000	1790355205.022257	0.000000
178.000000	14445.239537	43789.704894	-5044.006413	-32438.662045	21975.586948	-32463.874813	-16215.721216	-19200.483763	-0.006000	0.874000	0.452000	192.000000	0.000000	0.000000	0.000000	0.000000	0.000000	0.000000	0.000000	0.000000	0.000000	1790355205.022274	0.000000
179.000000	14418.618610	43751.975149	-5075.365910	-32470.893260	21975.274023	-32489.825188	-16208.300437	-19216.755833	-0.006000	0.874000	0.452000	192.000000	0.000000	0.000000	0.000000	0.000000	0.000000	0.000000	0.000000	0.000000	0.000000	1790355205.022290	0.000000
180.000000	14413.030674	43736.798315	-5090.296875	-32487.411199	21966.020401	-32509.405316	-16199.985588	-19231.798557	-0.006000	0.874000	0.452000	192.000000	0.000000	0.000000	0.000000	0.000000	0.000000	0.000000	0.000000	0.000000	0.000000	1790355205.022322	0.000000
181.000000	14416.651656	43740.396946	-5077.355215	-32472.569641	21963.002916	-32475.341257	-16212.368454	-19222.768452	-0.006000	0.874000	0.452000	192.000000	0.000000	0.000000	0.000000	0.000000	0.000000	0.000000	0.000000	0.000000	0.000000	1790355205.022337	0.000000
182.000000	14419.557383	43737.178294	-5072.281369	-32461.684342	21958.309049	-32460.454996	-16206.065262	-19202.182496	-0.006000	0.874000	0.452000	192.000000	0.000000	0.000000	0.000000	0.000000	0.000000	0.000000	0.000000	0.000000	0.000000	1790355205.022398	0.000000
183.000000	14422.060778	43726.740030	-5076.259980	-32464.500661	21977.419791	-32479.364571	-16177.790305	-19196.996891	-0.006000	0.874000	0.452000	192.000000	0.000000	0.000000	0.000000	0.000000	0.000000	0.000000	0.000000	0.000000	0.000000	1790355205.022410	0.000000
184.000000	14436.164729	43735.546617	-5064.525314	-32460.075016	22004.018367	-32481.465635	-16163.552244	-19197.265112	-0.006000	0.874000	0.452000	192.000000	0.000000	0.000000	0.000000	0.000000	0.000000	0.000000	0.000000	0.000000	0.000000	1790355205.022422	0.000000
185.000000	14439.986877	43751.282245	-5061.373718	-32465.148862	22001.582027	-32486.472426	-16178.550265	-19212.106670	-0.006000	0.874000	0.452000	192.000000	0.000000	0.000000	0.000000	0.000000	0.000000	0.000000	0.000000	0.000000	0.000000	1790355205.022434	0.000000
186.000000	14439.405732	43760.737033	-5064.413555	-32452.408368	21996.932864	-32468.635734	-16183.624111	-19202.875400	-0.006000	0.866000	0.458000	192.000000	255.000000	208.000000	27.000000	16.000000	14.000000	80.000000	0.000000	0.000000	0.000000	1790355205.022447	0.000000
187.000000	14442.780845	43753.048033	-5063.541837	-32439.086728	21993.490695	-32447.446280	-16164.133389	-19195.320510	-0.006000	0.866000	0.458000	192.000000	0.000000	0.000000	0.000000	0.000000	0.000000	0.000000	0.000000	0.000000	0.000000	1790355205.022459	0.000000
188.000000	14448.972279	43745.247274	-5071.655520	-32452.363664	22023.911419	-32457.683379	-16158.433695	-19208.440984	-0.006000	0.866000	0.458000	192.000000	0.000000	0.000000	0.000000	0.000000	0.000000	0.000000	0.000000	0.000000	0.000000	1790355205.022808	0.000000
189.000000	14453.263814	43762.927504	-5073.801288	-32451.670760	22021.139803	-32469.462749	-16166.435619	-19216.599371	-0.006000	0.866000	0.458000	192.000000	0.000000	0.000000	0.000000	0.000000	0.000000	0.000000	0.000000	0.000000	0.000000	1790355205.022820	0.000000
190.000000	14449.374610	43772.941085	-5077.690491	-32444.652312	21996.016442	-32456.901068	-16177.209160	-19222.321418	-0.006000	0.866000	0.458000	192.000000	0.000000	0.000000	0.000000	0.000000	0.000000	0.000000	0.000000	0.000000	0.000000	1790355205.022830	0.000000
191.000000	14450.849825	43752.846867	-5064.212389	-32454.598839	22001.559675	-32470.401522	-16165.429791	-19225.338903	-0.006000	0.866000	0.458000	192.000000	0.000000	0.000000	0.000000	0.000000	0.000000	0.000000	0.000000	0.000000	0.000000	1790355205.022845	0.000000
192.000000	14442.557328	43740.888684	-5078.539858	-32470.692095	22006.901742	-32492.485045	-16154.008049	-19239.711075	-0.006000	0.866000	0.458000	192.000000	0.000000	0.000000	0.000000	0.000000	0.000000	0.000000	0.000000	0.000000	0.000000	1790355205.022855	0.000000
193.000000	14452.325040	43759.775908	-5071.946093	-32463.740702	22002.900780	-32480.862138	-16150.901157	-19246.573060	-0.006000	0.866000	0.458000	192.000000	0.000000	0.000000	0.000000	0.000000	0.000000	0.000000	0.000000	0.000000	0.000000	1790355205.022865	0.000000
194.000000	14451.252157	43773.946914	-5066.604026	-32450.620228	21986.360489	-32472.882566	-16146.028476	-19243.108540	-0.006000	0.866000	0.458000	192.000000	0.000000	0.000000	0.000000	0.000000	0.000000	0.000000	0.000000	0.000000	0.000000	1790355205.022875	0.000000
195.000000	14450.805122	43770.750614	-5062.625416	-32442.037158	21998.184562	-32459.024484	-16121.709779	-19235.710113	-0.006000	0.866000	0.458000	192.000000	0.000000	0.000000	0.000000	0.000000	0.000000	0.000000	0.000000	0.000000	0.000000	1790355205.022886	0.000000
196.000000	14448.927575	43764.201553	-5067.453392	-32446.149879	22024.425510	-32464.500661	-16097.771060	-19244.561403	-0.004000	0.876000	0.454000	192.000000	255.000000	224.000000	27.000000	96.000000	14.000000	48.000000	0.000000	0.000000	0.000000	1790355205.022920	0.000000
197.000000	14436.254136	43757.428975	-5088.128756	-32467.696961	22019.061091	-32499.570548	-16121.665075	-19273.149284	-0.004000	0.876000	0.454000	192.000000	0.000000	0.000000	0.000000	0.000000	0.000000	0.000000	0.000000	0.000000	0.000000	1790355205.022933	0.000000
198.000000	14434.354238	43765.542658	-5087.592314	-32459.717388	21992.328404	-32476.280031	-16130.896345	-19234.681932	-0.004000	0.876000	0.454000	192.000000	0.000000	0.000000	0.000000	0.000000	0.000000	0.000000	0.000000	0.000000	0.000000	1790355205.022945	0.000000
199.000000	14425.614706	43753.003329	-5083.166669	-32453.972990	21991.501390	-32475.073037	-16112.165584	-19231.262115	-0.004000	0.876000	0.454000	192.000000	0.000000	0.000000	0.000000	0.000000	0.000000	0.000000	0.000000	0.000000	0.000000	1790355205.022957	0.000000
200.000000	14429.280392	43744.129687	-5074.874172	-32454.352969	22032.852117	-32469.172176	-16057.359106	-19227.909354	-0.004000	0.876000	0.454000	192.000000	0.000000	0.000000	0.000000	0.000000	0.000000	0.000000	0.000000	0.000000	0.000000	1790355205.022970	0.000000
201.000000	14437.036447	43743.548541	-5064.525314	-32461.416121	22047.514862	-32477.911708	-16039.522414	-19241.074531	-0.004000	0.876000	0.454000	192.000000	0.000000	0.000000	0.000000	0.000000	0.000000	0.000000	0.000000	0.000000	0.000000	1790355205.022982	0.000000
202.000000	14437.639944	43754.903228	-5066.022881	-32450.396711	22024.894896	-32477.911708	-16049.133664	-19233.541993	-0.004000	0.876000	0.454000	192.000000	0.000000	0.000000	0.000000	0.000000	0.000000	0.000000	0.000000	0.000000	0.000000	1790355205.023010	0.000000
203.000000	14434.153072	43757.898361	-5060.613759	-32444.272333	22025.498393	-32468.076941	-16036.192004	-19216.822888	-0.004000	0.876000	0.454000	192.000000	0.000000	0.000000	0.000000	0.000000	0.000000	0.000000	0.000000	0.000000	0.000000	1790355205.023038	0.000000
204.000000	14421.211412	43739.212303	-5076.237628	-32451.603705	22043.424492	-32480.236290	-16032.101635	-19236.917107	-0.004000	0.876000	0.454000	192.000000	0.000000	0.000000	0.000000	0.000000	0.000000	0.000000	0.000000	0.000000	0.000000	1790355205.023116	0.000000
205.000000	14441.350334	43759.306521	-5055.539913	-32436.784498	22054.756827	-32458.465690	-16013.639094	-19230.166880	-0.004000	0.876000	0.454000	192.000000	0.000000	0.000000	0.000000	0.000000	0.000000	0.000000	0.000000	0.000000	0.000000	1790355205.023130	0.000000
206.000000	14436.723523	43766.280266	-5052.187151	-32441.478365	22034.349684	-32454.107100	-16028.860632	-19236.514775	-0.002000	0.876000	0.448000	192.000000	255.000000	240.000000	27.000000	96.000000	14.000000	0.000000	0.000000	0.000000	0.000000	1790355205.023143	0.000000
207.000000	14415.824642	43736.395983	-5085.759471	-32468.501624	21985.175846	-32487.679420	-16050.295955	-19255.849034	-0.002000	0.876000	0.448000	192.000000	0.000000	0.000000	0.000000	0.000000	0.000000	0.000000	0.000000	0.000000	0.000000	1790355205.023157	0.000000
208.000000	14440.880947	43742.140382	-5062.737174	-32446.641618	22012.020291	-32470.803853	-16019.271734	-19234.503118	-0.002000	0.876000	0.448000	192.000000	0.000000	0.000000	0.000000	0.000000	0.000000	0.000000	0.000000	0.000000	0.000000	1790355205.023168	0.000000
209.000000	14451.274508	43750.410527	-5046.040421	-32431.241266	22056.455559	-32451.670760	-16005.883039	-19233.899621	-0.002000	0.876000	0.448000	192.000000	0.000000	0.000000	0.000000	0.000000	0.000000	0.000000	0.000000	0.000000	0.000000	1790355205.023179	0.000000
210.000000	14448.905223	43750.857562	-5054.601139	-32432.336501	22049.571222	-32454.934115	-16019.875231	-19240.046351	-0.002000	0.876000	0.448000	192.000000	0.000000	0.000000	0.000000	0.000000	0.000000	0.000000	0.000000	0.000000	0.000000	1790355205.023189	0.000000
211.000000	14441.529148	43750.052899	-5064.435907	-32437.008016	22032.226268	-32457.281048	-16030.380551	-19237.095921	-0.002000	0.876000	0.448000	192.000000	0.000000	0.000000	0.000000	0.000000	0.000000	0.000000	0.000000	0.000000	0.000000	1790355205.023199	0.000000
212.000000	14452.012116	43743.369728	-5047.113305	-32422.837010	22043.916231	-32447.893315	-16008.632303	-19221.203830	-0.002000	0.876000	0.448000	192.000000	0.000000	0.000000	0.000000	0.000000	0.000000	0.000000	0.000000	0.000000	0.000000	1790355205.023210	0.000000
213.000000	14458.069439	43735.054879	-5049.393183	-32432.761184	22056.723780	-32476.190624	-15994.349539	-19226.277676	-0.002000	0.876000	0.448000	192.000000	0.000000	0.000000	0.000000	0.000000	0.000000	0.000000	0.000000	0.000000	0.000000	1790355205.023221	0.000000
214.000000	14473.067459	43749.203533	-5048.633224	-32432.560019	22040.809338	-32468.881603	-16004.161954	-19232.022075	-0.002000	0.876000	0.448000	192.000000	0.000000	0.000000	0.000000	0.000000	0.000000	0.000000	0.000000	0.000000	0.000000	1790355205.023231	0.000000
215.000000	14470.318195	43755.104393	-5044.766372	-32423.418155	22033.746187	-32462.779577	-16022.065702	-19241.543918	0.002000	0.878000	0.450000	192.000000	0.000000	16.000000	27.000000	112.000000	14.000000	16.000000	0.000000	0.000000	0.000000	1790355205.023241	0.000000
216.000000	14445.507758	43729.154018	-5066.380509	-32442.841821	22023.978475	-32484.036086	-16026.290181	-19245.097845	0.002000	0.878000	0.450000	192.000000	0.000000	0.000000	0.000000	0.000000	0.000000	0.000000	0.000000	0.000000	0.000000	1790355205.023252	0.000000
217.000000	14449.978107	43721.308556	-5052.723593	-32433.722309	22065.329202	-32473.351952	-15990.281521	-19219.549801	0.002000	0.878000	0.450000	192.000000	0.000000	0.000000	0.000000	0.000000	0.000000	0.000000	0.000000	0.000000	0.000000	1790355205.023262	0.000000
218.000000	14465.959604	43737.915902	-5044.855779	-32430.391899	22064.166911	-32474.782464	-15988.068698	-19222.120252	0.002000	0.878000	0.450000	192.000000	0.000000	0.000000	0.000000	0.000000	0.000000	0.000000	0.000000	0.000000	0.000000	1790355205.023272	0.000000
219.000000	14459.075267	43734.607844	-5048.968500	-32431.531838	22059.115417	-32481.152711	-16004.765452	-19233.162014	0.002000	0.878000	0.450000	192.000000	0.000000	0.000000	0.000000	0.000000	0.000000	0.000000	0.000000	0.000000	0.000000	1790355205.023309	0.000000
220.000000	14455.923671	43717.486407	-5039.200787	-32422.859362	22079.567263	-32470.200356	-16019.607010	-19217.001702	0.002000	0.878000	0.450000	192.000000	0.000000	0.000000	0.000000	0.000000	0.000000	0.000000	0.000000	0.000000	0.000000	1790355205.023319	0.000000
221.000000	14445.105427	43689.479672	-5051.650709	-32433.744661	22083.143542	-32473.620173	-16035.700266	-19215.817060	0.002000	0.878000	0.450000	192.000000	0.000000	0.000000	0.000000	0.000000	0.000000	0.000000	0.000000	0.000000	0.000000	1790355205.023329	0.000000
222.000000	14463.098581	43708.635117	-5040.363078	-32423.105231	22093.045365	-32471.519109	-16031.051103	-19199.857914	0.002000	0.878000	0.450000	192.000000	0.000000	0.000000	0.000000	0.000000	0.000000	0.000000	0.000000	0.000000	0.000000	1790355205.023339	0.000000
223.000000	14469.357070	43722.001460	-5037.882035	-32413.806905	22077.846179	-32462.712522	-16046.406751	-19191.990100	0.002000	0.878000	0.450000	192.000000	0.000000	0.000000	0.000000	0.000000	0.000000	0.000000	0.000000	0.000000	0.000000	1790355205.023349	0.000000
224.000000	14468.887683	43716.994669	-5031.891767	-32408.286024	22063.317545	-32457.213993	-16046.451455	-19188.190304	0.002000	0.878000	0.450000	192.000000	0.000000	0.000000	0.000000	0.000000	0.000000	0.000000	0.000000	0.000000	0.000000	1790355205.023359	0.000000
225.000000	14464.573796	43703.471864	-5037.591462	-32417.383184	22054.712123	-32479.632792	-16021.551612	-19195.454621	-0.004000	0.870000	0.450000	192.000000	255.000000	224.000000	27.000000	48.000000	14.000000	16.000000	0.000000	0.000000	0.000000	1790355205.023372	0.000000
226.000000	14472.106334	43715.430047	-5029.634241	-32422.859362	22094.028842	-32454.308266	-16023.227992	-19210.497345	-0.004000	0.870000	0.450000	192.000000	0.000000	0.000000	0.000000	0.000000	0.000000	0.000000	0.000000	0.000000	0.000000	1790355205.023383	0.000000
227.000000	14475.257930	43741.089850	-5030.349497	-32422.032347	22091.301929	-32455.627019	-16049.021906	-19220.063891	-0.004000	0.870000	0.450000	192.000000	0.000000	0.000000	0.000000	0.000000	0.000000	0.000000	0.000000	0.000000	0.000000	1790355205.023393	0.000000
228.000000	14477.828381	43740.665166	-5022.079351	-32415.080954	22086.563359	-32450.486118	-16054.878063	-19215.280618	-0.004000	0.870000	0.450000	192.000000	0.000000	0.000000	0.000000	0.000000	0.000000	0.000000	0.000000	0.000000	0.000000	1790355205.023403	0.000000
229.000000	14476.397869	43723.901358	-5018.078389	-32421.853533	22091.436039	-32463.852461	-16047.770208	-19219.236877	-0.004000	0.870000	0.450000	192.000000	0.000000	0.000000	0.000000	0.000000	0.000000	0.000000	0.000000	0.000000	0.000000	1790355205.023413	0.000000
230.000000	14488.490163	43737.267701	-5012.848081	-32418.210199	22093.112420	-32474.670705	-16039.321248	-19212.598409	-0.004000	0.870000	0.450000	192.000000	0.000000	0.000000	0.000000	0.000000	0.000000	0.000000	0.000000	0.000000	0.000000	1790355205.023424	0.000000
231.000000	14486.500858	43752.221018	-5018.972459	-32419.014861	22085.065792	-32476.369438	-16049.826568	-19208.888019	-0.004000	0.870000	0.450000	192.000000	0.000000	0.000000	0.000000	0.000000	0.000000	0.000000	0.000000	0.000000	0.000000	1790355205.023435	0.000000
232.000000	14476.688442	43751.706928	-5016.558470	-32410.230626	22088.195036	-32462.243135	-16046.674972	-19206.272865	-0.004000	0.870000	0.450000	192.000000	0.000000	0.000000	0.000000	0.000000	0.000000	0.000000	0.000000	0.000000	0.000000	1790355205.023447	0.000000
233.000000	14466.943081	43733.713774	-5023.800436	-32419.327786	22101.628435	-32456.834013	-16037.957792	-19213.738348	-0.004000	0.870000	0.450000	192.000000	0.000000	0.000000	0.000000	0.000000	0.000000	0.000000	0.000000	0.000000	0.000000	1790355205.023458	0.000000
234.000000	14476.666090	43740.933387	-5020.961764	-32414.253940	22116.738214	-32452.207202	-16029.173556	-19213.045444	-0.004000	0.870000	0.450000	192.000000	0.000000	0.000000	0.000000	0.000000	0.000000	0.000000	0.000000	0.000000	0.000000	1790355205.023504	0.000000
235.000000	14483.259855	43757.183106	-5020.112398	-32415.416231	22096.420478	-32463.114853	-16042.428141	-19219.818022	-0.004000	0.870000	0.452000	192.000000	255.000000	224.000000	27.000000	48.000000	14.000000	32.000000	0.000000	0.000000	0.000000	1790355205.023515	0.000000
236.000000	14475.213227	43742.721527	-5024.985078	-32417.785516	22073.867568	-32463.226612	-16066.724487	-19237.073569	-0.004000	0.870000	0.452000	192.000000	0.000000	0.000000	0.000000	0.000000	0.000000	0.000000	0.000000	0.000000	0.000000	1790355205.023525	0.000000
237.000000	14471.145209	43724.549559	-5024.940374	-32413.024594	22078.695545	-32475.810644	-16055.950946	-19246.126025	-0.004000	0.870000	0.452000	192.000000	0.000000	0.000000	0.000000	0.000000	0.000000	0.000000	0.000000	0.000000	0.000000	1790355205.023535	0.000000
238.000000	14470.295843	43722.604957	-5023.979249	-32420.221856	22108.043386	-32491.970955	-16034.873251	-19245.343714	-0.004000	0.870000	0.452000	192.000000	0.000000	0.000000	0.000000	0.000000	0.000000	0.000000	0.000000	0.000000	0.000000	1790355205.023549	0.000000
239.000000	14464.439686	43731.143323	-5023.934546	-32413.739850	22113.653673	-32468.702789	-16031.319324	-19209.290351	-0.004000	0.870000	0.452000	192.000000	0.000000	0.000000	0.000000	0.000000	0.000000	0.000000	0.000000	0.000000	0.000000	1790355205.023561	0.000000
240.000000	14466.361936	43736.530094	-5015.753808	-32398.115980	22085.669289	-32450.441414	-16025.105539	-19189.017318	-0.004000	0.870000	0.452000	192.000000	0.000000	0.000000	0.000000	0.000000	0.000000	0.000000	0.000000	0.000000	0.000000	1790355205.023571	0.000000
241.000000	14459.499950	43719.833341	-5014.479758	-32409.828294	22109.250380	-32489.355801	-16012.879135	-19210.251476	-0.004000	0.870000	0.452000	192.000000	0.000000	0.000000	0.000000	0.000000	0.000000	0.000000	0.000000	0.000000	0.000000	1790355205.023582	0.000000
242.000000	14458.047087	43706.243480	-5015.619697	-32409.023632	22143.895584	-32469.239231	-15993.589579	-19197.622740	-0.004000	0.870000	0.452000	192.000000	0.000000	0.000000	0.000000	0.000000	0.000000	0.000000	0.000000	0.000000	0.000000	1790355205.023592	0.000000
243.000000	14458.069439	43711.831416	-5014.211537	-32396.596062	22131.423310	-32445.121699	-15996.629417	-19170.778295	-0.004000	0.870000	0.452000	192.000000	0.000000	0.000000	0.000000	0.000000	0.000000	0.000000	0.000000	0.000000	0.000000	1790355205.023602	0.000000
244.000000	14448.234671	43718.358125	-5016.983153	-32396.529007	22120.023921	-32439.332597	-16009.861649	-19174.801609	-0.004000	0.870000	0.452000	192.000000	0.000000	0.000000	0.000000	0.000000	0.000000	0.000000	0.000000	0.000000	0.000000	1790355205.023612	0.000000
245.000000	14428.028694	43702.801311	-5033.031706	-32410.834123	22107.417537	-32456.677551	-16014.466109	-19195.476973	-0.004000	0.870000	0.452000	192.000000	0.000000	0.000000	27.000000	16.000000	14.000000	48.000000	0.000000	0.000000	0.000000	1790355205.023622	0.000000
246.000000	14433.706037	43700.007343	-5027.600232	-32409.493018	22112.893714	-32466.892298	-15995.556533	-19201.623702	-0.004000	0.870000	0.452000	192.000000	0.000000	0.000000	0.000000	0.000000	0.000000	0.000000	0.000000	0.000000	0.000000	1790355205.023635	0.000000
247.000000	14432.700209	43693.033599	-5036.272709	-32418.098440	22121.588543	-32464.254792	-15998.953998	-19212.687816	-0.004000	0.870000	0.452000	192.000000	0.000000	0.000000	0.000000	0.000000	0.000000	0.000000	0.000000	0.000000	0.000000	1790355205.023648	0.000000
248.000000	14444.457226	43701.057875	-5027.980212	-32414.499809	22118.124022	-32461.974914	-16008.386434	-19217.538144	-0.004000	0.870000	0.452000	192.000000	0.000000	0.000000	0.000000	0.000000	0.000000	0.000000	0.000000	0.000000	0.000000	1790355205.023664	0.000000
249.000000	14455.096657	43700.297916	-5013.317467	-32397.557187	22118.012264	-32445.211106	-16001.882076	-19206.675196	-0.004000	0.870000	0.452000	192.000000	0.000000	0.000000	0.000000	0.000000	0.000000	0.000000	0.000000	0.000000	0.000000	1790355205.023677	0.000000
250.000000	14455.454285	43682.081244	-5019.352438	-32404.687393	22150.064665	-32460.857327	-15983.933626	-19208.016301	-0.004000	0.870000	0.452000	192.000000	0.000000	0.000000	0.000000	0.000000	0.000000	0.000000	0.000000	0.000000	0.000000	1790355205.023754	0.000000
251.000000	14453.822607	43677.432081	-5029.567186	-32412.756373	22138.687627	-32467.406388	-15988.113402	-19218.588676	-0.004000	0.870000	0.452000	192.000000	0.000000	0.000000	0.000000	0.000000	0.000000	0.000000	0.000000	0.000000	0.000000	1790355205.023767	0.000000
252.000000	14458.404715	43700.543785	-5021.833482	-32397.020745	22106.143487	-32453.101272	-15983.084259	-19202.942455	-0.004000	0.870000	0.452000	192.000000	0.000000	0.000000	0.000000	0.000000	0.000000	0.000000	0.000000	0.000000	0.000000	1790355205.023847	0.000000
253.000000	14450.872177	43701.974297	-5017.609002	-32399.546492	22131.356255	-32461.013789	-15974.791762	-19197.220409	-0.004000	0.870000	0.452000	192.000000	0.000000	0.000000	0.000000	0.000000	0.000000	0.000000	0.000000	0.000000	0.000000	1790355205.023860	0.000000
254.000000	14447.899395	43685.076378	-5021.811130	-32406.140257	22179.077229	-32462.533708	-15952.283556	-19208.373929	-0.004000	0.870000	0.452000	192.000000	0.000000	0.000000	0.000000	0.000000	0.000000	0.000000	0.000000	0.000000	0.000000	1790355205.023878	0.000000
255.000000	14463.433857	43691.088997	-5021.565261	-32397.288966	22169.309517	-32468.345161	-15933.686904	-19209.111537	0.002000	0.872000	0.458000	192.000000	0.000000	16.000000	27.000000	64.000000	14.000000	80.000000	0.000000	0.000000	0.000000	1790355205.023895	0.000000
0.000000	14462.830360	43687.222145	-5037.971442	-32407.615472	22132.853822	-32462.064321	-15948.841387	-19220.533278	0.002000	0.872000	0.458000	192.000000	0.000000	0.000000	0.000000	0.000000	0.000000	0.000000	0.000000	0.000000	0.000000	1790355205.023913	0.000000
1.000000	14460.438724	43681.813023	-5030.863587	-32405.156780	22145.281392	-32457.795138	-15953.490550	-19218.052234	0.002000	0.872000	0.458000	192.000000	0.000000	0.000000	0.000000	0.000000	0.000000	0.000000	0.000000	0.000000	0.000000	1790355205.023928	0.000000
2.000000	14461.533959	43667.843183	-5023.308697	-32401.267576	22171.835264	-32470.714446	-15933.016352	-19212.129022	0.002000	0.872000	0.458000	192.000000	0.000000	0.000000	0.000000	0.000000	0.000000	0.000000	0.000000	0.000000	0.000000	1790355205.023947	0.000000
3.000000	14470.251139	43666.770299	-5020.224156	-32394.740867	22179.211340	-32466.959353	-15910.530497	-19207.010473	0.002000	0.872000	0.458000	192.000000	0.000000	0.000000	0.000000	0.000000	0.000000	0.000000	0.000000	0.000000	0.000000	1790355205.023961	0.000000
4.000000	14470.497009	43670.592448	-5026.326183	-32403.435696	22157.351334	-32471.921441	-15921.661666	-19212.196077	0.002000	0.872000	0.458000	192.000000	0.000000	0.000000	0.000000	0.000000	0.000000	0.000000	0.000000	0.000000	0.000000	1790355205.023977	0.000000
5.000000	14475.123820	43672.313532	-5016.983153	-32394.606757	22140.073435	-32445.546382	-15933.753959	-19199.254417	0.002000	0.872000	0.458000	192.000000	0.000000	0.000000	0.000000	0.000000	0.000000	0.000000	0.000000	0.000000	0.000000	1790355205.023990	0.000000
6.000000	14464.015003	43651.928741	-5021.788779	-32396.976041	22146.063703	-32450.843746	-15934.603326	-19202.026034	0.002000	0.872000	0.458000	192.000000	0.000000	0.000000	0.000000	0.000000	0.000000	0.000000	0.000000	0.000000	0.000000	1790355205.024035	0.000000
7.000000	14465.713735	43643.122154	-5024.426284	-32399.077105	22169.421276	-32457.415158	-15915.269067	-19203.881228	0.002000	0.872000	0.458000	192.000000	0.000000	0.000000	0.000000	0.000000	0.000000	0.000000	0.000000	0.000000	0.000000	1790355205.024057	0.000000
8.000000	14469.692346	43656.734366	-5022.571090	-32397.445428	22170.225939	-32464.880641	-15899.354625	-19201.757813	0.002000	0.872000	0.458000	192.000000	0.000000	0.000000	0.000000	0.000000	0.000000	0.000000	0.000000	0.000000	0.000000	1790355205.024098	0.000000
9.000000	14466.831323	43660.377700	-5022.928717	-32397.892463	22171.499988	-32464.657124	-15899.868715	-19204.931760	-0.004000	0.884000	0.456000	192.000000	255.000000	224.000000	27.000000	160.000000	14.000000	64.000000	0.000000	0.000000	0.000000	1790355205.024372	0.000000
10.000000	14458.494122	43639.501171	-5028.270784	-32403.614510	22170.292994	-32469.999191	-15903.601456	-19210.832621	-0.004000	0.884000	0.456000	192.000000	0.000000	0.000000	0.000000	0.000000	0.000000	0.000000	0.000000	0.000000	0.000000	1790355205.024389	0.000000
11.000000	14461.489256	43638.137715	-5025.476816	-32401.513446	22184.173427	-32459.270353	-15876.019403	-19211.704339	-0.004000	0.884000	0.456000	192.000000	0.000000	0.000000	0.000000	0.000000	0.000000	0.000000	0.000000	0.000000	0.000000	1790355205.024403	0.000000
12.000000	14468.731221	43649.559456	-5017.452540	-32398.406553	22203.686500	-32440.606647	-15876.935825	-19207.345749	-0.004000	0.884000	0.456000	192.000000	0.000000	0.000000	0.000000	0.000000	0.000000	0.000000	0.000000	0.000000	0.000000	1790355205.024439	0.000000
13.000000	14463.813837	43655.549724	-5021.028819	-32401.491094	22185.179256	-32446.440452	-15876.734659	-19203.188324	-0.004000	0.884000	0.456000	192.000000	0.000000	0.000000	0.000000	0.000000	0.000000	0.000000	0.000000	0.000000	0.000000	1790355205.024455	0.000000
14.000000	14464.171465	43644.485610	-5010.523499	-32385.643707	22196.466887	-32446.820432	-15861.937804	-19196.438098	-0.004000	0.884000	0.456000	192.000000	0.000000	0.000000	0.000000	0.000000	0.000000	0.000000	0.000000	0.000000	0.000000	1790355205.024469	0.000000
15.000000	14463.880892	43632.549779	-5009.629430	-32385.621355	22203.664148	-32443.825298	-15853.242976	-19198.896789	-0.004000	0.884000	0.456000	192.000000	0.000000	0.000000	0.000000	0.000000	0.000000	0.000000	0.000000	0.000000	0.000000	1790355205.024484	0.000000
16.000000	14463.322099	43641.803401	-5015.753808	-32389.175283	22207.799221	-32444.562905	-15853.019458	-19198.561513	-0.004000	0.884000	0.456000	192.000000	0.000000	0.000000	0.000000	0.000000	0.000000	0.000000	0.000000	0.000000	0.000000	1790355205.024505	0.000000
17.000000	14462.025697	43648.196000	-5022.034648	-32386.314259	22185.425125	-32446.239286	-15860.261424	-19193.487667	-0.004000	0.884000	0.456000	192.000000	0.000000	0.000000	0.000000	0.000000	0.000000	0.000000	0.000000	0.000000	0.000000	1790355205.024522	0.000000
18.000000	14454.157883	43625.084296	-5032.227043	-32399.099457	22172.438761	-32465.461786	-15872.353717	-19213.805403	-0.004000	0.884000	0.456000	192.000000	0.000000	0.000000	0.000000	0.000000	0.000000	0.000000	0.000000	0.000000	0.000000	1790355205.024542	0.000000
19.000000	14459.991689	43612.723781	-5029.008392	-32398.048925	22169.801255	-32477.710542	-15865.469380	-19221.203830	-0.012000	0.874000	0.452000	192.000000	255.000000	160.000000	27.000000	80.000000	14.000000	32.000000	0.000000	0.000000	0.000000	1790355205.024556	0.000000
20.000000	14462.293918	43620.233967	-5027.711991	-32402.295757	22168.527206	-32477.241156	-15858.674450	-19206.161106	-0.012000	0.874000	0.452000	192.000000	0.000000	0.000000	0.000000	0.000000	0.000000	0.000000	0.000000	0.000000	0.000000	1790355205.024576	0.000000
21.000000	14458.695288	43634.941415	-5037.949090	-32401.222873	22161.709924	-32474.380132	-15862.273081	-19198.829734	-0.012000	0.874000	0.452000	192.000000	0.000000	0.000000	0.000000	0.000000	0.000000	0.000000	0.000000	0.000000	0.000000	1790355205.024595	0.000000
22.000000	14459.410543	43636.707203	-5026.214424	-32394.137370	22172.081133	-32461.572583	-15859.948499	-19205.311740	-0.012000	0.874000	0.452000	192.000000	0.000000	0.000000	0.000000	0.000000	0.000000	0.000000	0.000000	0.000000	0.000000	1790355205.024614	0.000000
23.000000	14470.832285	43637.042479	-5012.803377	-32378.111169	22188.308500	-32437.119774	-15838.602583	-19185.306929	-0.012000	0.874000	0.452000	192.000000	0.000000	0.000000	0.000000	0.000000	0.000000	0.000000	0.000000	0.000000	0.000000	1790355205.024632	0.000000
24.000000	14481.225846	43641.289311	-5020.224156	-32384.816692	22223.959532	-32445.591086	-15812.048711	-19189.620815	-0.012000	0.874000	0.452000	192.000000	0.000000	0.000000	0.000000	0.000000	0.000000	0.000000	0.000000	0.000000	0.000000	1790355205.024648	0.000000
25.000000	14498.615503	43647.994834	-5040.720706	-32393.869149	22198.992634	-32455.559964	-15829.527775	-19197.131002	-0.012000	0.874000	0.452000	192.000000	0.000000	0.000000	0.000000	0.000000	0.000000	0.000000	0.000000	0.000000	0.000000	1790355205.024790	0.000000
26.000000	14542.559033	43647.905427	-5029.723648	-32384.257899	22199.774945	-32447.647446	-15838.826101	-19186.268054	-0.012000	0.874000	0.452000	192.000000	0.000000	0.000000	0.000000	0.000000	0.000000	0.000000	0.000000	0.000000	0.000000	1790355205.024813	0.000000
27.000000	14598.416042	43634.628491	-5007.640124	-32374.356076	22207.799221	-32441.746586	-15840.748351	-19176.835618	-0.012000	0.874000	0.452000	192.000000	0.000000	0.000000	0.000000	0.000000	0.000000	0.000000	0.000000	0.000000	0.000000	1790355205.024831	0.000000
28.000000	14621.192470	43626.090124	-5015.105607	-32390.806960	22198.255026	-32460.834975	-15842.894118	-19184.681080	-0.012000	0.874000	0.452000	192.000000	0.000000	0.000000	0.000000	0.000000	0.000000	0.000000	0.000000	0.000000	0.000000	1790355205.024846	0.000000
29.000000	14626.758054	43635.231988	-5013.540985	-32389.398800	22174.115142	-32460.879679	-15842.111807	-19184.971653	-0.008000	0.868000	0.450000	192.000000	255.000000	192.000000	27.000000	32.000000	14.000000	16.000000	0.000000	0.000000	0.000000	1790355205.024885	0.000000
30.000000	14626.199260	43646.519619	-5012.177528	-32377.485320	22214.929427	-32445.859307	-15838.602583	-19177.595577	-0.008000	0.868000	0.450000	192.000000	0.000000	0.000000	0.000000	0.000000	0.000000	0.000000	0.000000	0.000000	0.000000	1790355205.024907	0.000000
31.000000	14616.029217	43638.070659	-4998.073578	-32374.803111	22236.744730	-32435.599856	-15831.830005	-19172.298214	-0.008000	0.868000	0.450000	192.000000	0.000000	0.000000	0.000000	0.000000	0.000000	0.000000	0.000000	0.000000	0.000000	1790355205.024922	0.000000
32.000000	14604.830993	43617.596461	-5022.548738	-32390.650498	22225.613561	-32444.339388	-15853.779418	-19188.167952	-0.008000	0.868000	0.450000	192.000000	0.000000	0.000000	0.000000	0.000000	0.000000	0.000000	0.000000	0.000000	0.000000	1790355205.024941	0.000000
33.000000	14612.341179	43637.400107	-5008.489491	-32379.899309	22230.776814	-32446.328693	-15895.800697	-19179.964862	-0.008000	0.868000	0.450000	192.000000	0.000000	0.000000	0.000000	0.000000	0.000000	0.000000	0.000000	0.000000	0.000000	1790355205.024986	0.000000
34.000000	14602.685225	43643.077450	-4997.559488	-32365.415378	22220.338550	-32424.312225	-15941.465311	-19157.926042	-0.008000	0.868000	0.450000	192.000000	0.000000	0.000000	0.000000	0.000000	0.000000	0.000000	0.000000	0.000000	0.000000	1790355205.025002	0.000000
35.000000	14577.226588	43613.841368	-5001.292229	-32366.085931	22234.375445	-32423.820487	-15954.429323	-19159.960051	-0.008000	0.868000	0.450000	192.000000	0.000000	0.000000	0.000000	0.000000	0.000000	0.000000	0.000000	0.000000	0.000000	1790355205.025018	0.000000
36.000000	14560.932167	43603.984249	-5008.489491	-32379.251108	22246.624201	-32446.865135	-15957.938547	-19170.957109	-0.008000	0.868000	0.450000	192.000000	0.000000	0.000000	0.000000	0.000000	0.000000	0.000000	0.000000	0.000000	0.000000	1790355205.025036	0.000000
37.000000	14544.995373	43619.183435	-5017.854871	-32381.173358	22228.116957	-32443.914705	-15973.875341	-19172.253510	-0.008000	0.868000	0.450000	192.000000	0.000000	0.000000	0.000000	0.000000	0.000000	0.000000	0.000000	0.000000	0.000000	1790355205.025055	0.000000
38.000000	14529.818538	43632.952110	-5021.855834	-32381.151006	22196.824514	-32450.508469	-15997.858762	-19177.170894	-0.008000	0.868000	0.450000	192.000000	0.000000	0.000000	0.000000	0.000000	0.000000	0.000000	0.000000	0.000000	0.000000	1790355205.025070	0.000000
39.000000	14518.597963	43624.413744	-5009.607078	-32379.362867	22198.992634	-32451.067263	-16002.306760	-19173.974594	-0.008000	0.872000	0.448000	192.000000	255.000000	192.000000	27.000000	64.000000	14.000000	0.000000	0.000000	0.000000	0.000000	1790355205.025082	0.000000
40.000000	14507.377387	43599.804473	-5018.167796	-32382.112131	22235.895364	-32439.019673	-15998.797536	-19171.538254	-0.008000	0.872000	0.448000	192.000000	0.000000	0.000000	0.000000	0.000000	0.000000	0.000000	0.000000	0.000000	0.000000	1790355205.088020	0.000000
41.000000	14505.544544	43599.379790	-5022.906366	-32375.294849	22239.561050	-32436.315112	-16008.341731	-19168.766638	-0.008000	0.872000	0.448000	192.000000	0.000000	0.000000	0.000000	0.000000	0.000000	0.000000	0.000000	0.000000	0.000000	1790355205.088069	0.000000
42.000000	14500.783622	43611.516787	-5009.383560	-32358.978076	22222.216096	-32411.683489	-16021.149280	-19153.634507	-0.008000	0.872000	0.448000	192.000000	0.000000	0.000000	0.000000	0.000000	0.000000	0.000000	0.000000	0.000000	0.000000	1790355205.088081	0.000000
43.000000	14489.048957	43608.432246	-5002.879203	-32363.448425	22206.055785	-32429.229609	-16046.697324	-19177.662632	-0.008000	0.872000	0.448000	192.000000	0.000000	0.000000	0.000000	0.000000	0.000000	0.000000	0.000000	0.000000	0.000000	1790355205.088091	0.000000
44.000000	14479.147134	43597.368133	-5018.100741	-32373.394951	22196.310424	-32454.442376	-16051.614708	-19188.346766	-0.008000	0.872000	0.448000	192.000000	0.000000	0.000000	0.000000	0.000000	0.000000	0.000000	0.000000	0.000000	0.000000	1790355205.088101	0.000000
45.000000	14468.060668	43586.482833	-5028.159026	-32382.782684	22201.294863	-32451.536650	-16052.844054	-19171.650013	-0.008000	0.872000	0.448000	192.000000	0.000000	0.000000	0.000000	0.000000	0.000000	0.000000	0.000000	0.000000	0.000000	1790355205.088112	0.000000
46.000000	14464.573796	43590.036761	-5011.462273	-32366.622372	22214.728262	-32427.664987	-16049.737161	-19136.222498	-0.008000	0.872000	0.448000	192.000000	0.000000	0.000000	0.000000	0.000000	0.000000	0.000000	0.000000	0.000000	0.000000	1790355205.088122	0.000000
47.000000	14448.011154	43580.023179	-5022.749904	-32373.193785	22188.129686	-32436.002187	-16053.380496	-19136.535422	-0.008000	0.872000	0.448000	192.000000	0.000000	0.000000	0.000000	0.000000	0.000000	0.000000	0.000000	0.000000	0.000000	1790355205.088132	0.000000
48.000000	14454.537863	43588.315676	-4995.033740	-32355.692369	22227.826384	-32409.023632	-16031.274620	-19121.783271	0.002000	0.866000	0.446000	192.000000	0.000000	16.000000	27.000000	16.000000	13.000000	240.000000	0.000000	0.000000	0.000000	1790355205.088142	0.000000
49.000000	14444.189005	43579.330275	-5002.812147	-32368.119939	22239.359884	-32413.829257	-16024.032655	-19130.947486	0.002000	0.866000	0.446000	192.000000	0.000000	0.000000	0.000000	0.000000	0.000000	0.000000	0.000000	0.000000	0.000000	1790355205.088153	0.000000
50.000000	14430.420331	43579.956124	-5022.012296	-32370.779797	22217.164602	-32404.933262	-16059.527225	-19140.402274	0.002000	0.866000	0.446000	192.000000	0.000000	0.000000	0.000000	0.000000	0.000000	0.000000	0.000000	0.000000	0.000000	1790355205.088163	0.000000
51.000000	14413.880040	43567.930885	-5019.106569	-32373.551413	22202.121878	-32402.921605	-16070.323118	-19138.904707	0.002000	0.866000	0.446000	192.000000	0.000000	0.000000	0.000000	0.000000	0.000000	0.000000	0.000000	0.000000	0.000000	1790355205.088173	0.000000
52.000000	14411.913086	43553.022272	-5009.472967	-32366.801186	22244.925469	-32405.357946	-16055.995650	-19130.992190	0.002000	0.866000	0.446000	192.000000	0.000000	0.000000	0.000000	0.000000	0.000000	0.000000	0.000000	0.000000	0.000000	1790355205.088183	0.000000
53.000000	14401.631284	43550.541228	-5013.697447	-32364.588364	22245.819538	-32411.079992	-16053.894586	-19132.690922	0.002000	0.866000	0.446000	192.000000	0.000000	0.000000	0.000000	0.000000	0.000000	0.000000	0.000000	0.000000	0.000000	1790355205.088193	0.000000
54.000000	14397.362101	43555.436260	-5019.464197	-32369.438692	22218.952741	-32411.951710	-16079.330871	-19140.581088	0.002000	0.866000	0.446000	192.000000	0.000000	0.000000	0.000000	0.000000	0.000000	0.000000	0.000000	0.000000	0.000000	1790355205.183579	0.000000
55.000000	14392.467069	43548.663682	-5028.851930	-32375.339553	22184.911035	-32418.143143	-16109.349264	-19152.673382	0.002000	0.866000	0.446000	192.000000	0.000000	0.000000	0.000000	0.000000	0.000000	0.000000	0.000000	0.000000	0.000000	1790355205.184373	0.000000
56.000000	14389.337825	43530.178789	-5026.974383	-32372.053846	22221.791413	-32414.991547	-16107.874049	-19144.358533	0.002000	0.866000	0.446000	192.000000	0.000000	0.000000	0.000000	0.000000	0.000000	0.000000	0.000000	0.000000	0.000000	1790355205.184422	0.000000
57.000000	14395.842182	43526.714269	-4995.324313	-32360.207422	22245.394855	-32403.815675	-16095.915865	-19132.601515	0.002000	0.866000	0.446000	192.000000	0.000000	0.000000	0.000000	0.000000	0.000000	0.000000	0.000000	0.000000	0.000000	1790355205.184437	0.000000
58.000000	14404.849935	43539.365356	-4993.066787	-32350.149137	22251.943916	-32404.150951	-16112.612619	-19134.233193	0.002000	0.862000	0.452000	192.000000	0.000000	16.000000	26.000000	240.000000	14.000000	32.000000	0.000000	0.000000	0.000000	1790355205.184468	0.000000
59.000000	14401.966560	43546.741432	-4995.592534	-32337.341587	22226.239410	-32386.694239	-16138.786511	-19131.215707	0.002000	0.862000	0.452000	192.000000	0.000000	0.000000	0.000000	0.000000	0.000000	0.000000	0.000000	0.000000	0.000000	1790355205.184487	0.000000
60.000000	14392.154144	43526.803676	-5006.611944	-32352.183146	22218.840983	-32394.539701	-16136.104302	-19131.573335	0.002000	0.862000	0.452000	192.000000	0.000000	0.000000	0.000000	0.000000	0.000000	0.000000	0.000000	0.000000	0.000000	1790355205.184505	0.000000
61.000000	14383.861647	43511.112751	-5025.476816	-32356.251163	22231.559125	-32404.218007	-16130.583421	-19135.104911	0.002000	0.862000	0.452000	192.000000	0.000000	0.000000	0.000000	0.000000	0.000000	0.000000	0.000000	0.000000	0.000000	1790355205.184518	0.000000
62.000000	14391.751813	43522.087457	-5014.323296	-32354.395968	22227.312294	-32412.242283	-16140.999334	-19133.003847	0.002000	0.862000	0.452000	192.000000	0.000000	0.000000	0.000000	0.000000	0.000000	0.000000	0.000000	0.000000	0.000000	1790355205.184532	0.000000
63.000000	14392.511772	43518.824103	-5013.451578	-32362.040265	22224.093643	-32432.716481	-16172.068259	-19145.856100	0.002000	0.862000	0.452000	192.000000	0.000000	0.000000	0.000000	0.000000	0.000000	0.000000	0.000000	0.000000	0.000000	1790355205.184549	0.000000
64.000000	14388.242589	43503.066123	-5021.207633	-32384.771989	22207.195724	-32405.492056	-16191.357814	-19157.724876	0.002000	0.862000	0.452000	192.000000	0.000000	0.000000	0.000000	0.000000	0.000000	0.000000	0.000000	0.000000	0.000000	1790355205.184578	0.000000
65.000000	14379.190133	43482.793091	-5039.692526	-32382.358001	22211.911942	-32415.304472	-16206.378187	-19166.486760	0.002000	0.862000	0.452000	192.000000	0.000000	0.000000	0.000000	0.000000	0.000000	0.000000	0.000000	0.000000	0.000000	1790355205.184589	0.000000
66.000000	14386.052118	43492.449044	-5032.115284	-32359.402759	22232.229678	-32419.193675	-16220.638599	-19165.995022	0.002000	0.862000	0.452000	192.000000	0.000000	0.000000	0.000000	0.000000	0.000000	0.000000	0.000000	0.000000	0.000000	1790355205.184600	0.000000
67.000000	14375.725612	43498.282850	-5025.163892	-32369.259878	22209.050919	-32413.918664	-16224.706617	-19153.612155	0.002000	0.862000	0.452000	192.000000	0.000000	0.000000	0.000000	0.000000	0.000000	0.000000	0.000000	0.000000	0.000000	1790355205.184612	0.000000
68.000000	14363.141580	43481.720207	-5032.741133	-32372.076198	22214.348282	-32392.125713	-16217.643466	-19135.529594	-0.002000	0.868000	0.452000	192.000000	255.000000	240.000000	27.000000	32.000000	14.000000	32.000000	0.000000	0.000000	0.000000	1790355205.184623	0.000000
69.000000	14364.661499	43471.863088	-5015.552642	-32364.007218	22242.109149	-32399.546492	-16203.651274	-19140.335219	-0.002000	0.868000	0.452000	192.000000	0.000000	0.000000	0.000000	0.000000	0.000000	0.000000	0.000000	0.000000	0.000000	1790355205.184636	0.000000
70.000000	14367.902502	43472.555992	-5018.681886	-32361.190899	22246.244221	-32389.935242	-16197.661006	-19114.742472	-0.002000	0.868000	0.452000	192.000000	0.000000	0.000000	0.000000	0.000000	0.000000	0.000000	0.000000	0.000000	0.000000	1790355205.184651	0.000000
71.000000	14375.703260	43487.308143	-5016.558470	-32345.075291	22233.123747	-32377.977059	-16213.709559	-19112.686111	-0.002000	0.868000	0.452000	192.000000	0.000000	0.000000	0.000000	0.000000	0.000000	0.000000	0.000000	0.000000	0.000000	1790355205.185224	0.000000
72.000000	14363.275690	43466.051634	-5016.603174	-32345.790547	22233.011989	-32378.625259	-16225.287762	-19121.671512	-0.002000	0.868000	0.452000	192.000000	0.000000	0.000000	0.000000	0.000000	0.000000	0.000000	0.000000	0.000000	0.000000	1790355205.185258	0.000000
73.000000	14386.454449	43463.123556	-4990.630447	-32324.869314	22270.987603	-32369.997486	-16204.835916	-19105.086518	-0.002000	0.868000	0.452000	192.000000	0.000000	0.000000	0.000000	0.000000	0.000000	0.000000	0.000000	0.000000	0.000000	1790355205.185276	0.000000
74.000000	14375.211522	43458.250875	-5017.832520	-32349.612695	22263.991507	-32387.834178	-16211.384977	-19121.492698	-0.002000	0.868000	0.452000	192.000000	0.000000	0.000000	0.000000	0.000000	0.000000	0.000000	0.000000	0.000000	0.000000	1790355205.185291	0.000000
75.000000	14374.965653	43465.246971	-5012.311639	-32366.376503	22254.626126	-32391.633975	-16230.518071	-19134.501414	-0.002000	0.868000	0.452000	192.000000	0.000000	0.000000	0.000000	0.000000	0.000000	0.000000	0.000000	0.000000	0.000000	1790355205.185308	0.000000
76.000000	14360.749943	43443.476372	-5017.117264	-32377.015934	22244.366675	-32397.199559	-16258.122475	-19144.157367	-0.002000	0.868000	0.452000	192.000000	0.000000	0.000000	0.000000	0.000000	0.000000	0.000000	0.000000	0.000000	0.000000	1790355205.185358	0.000000
77.000000	14358.268900	43409.546424	-5035.892729	-32392.304527	22247.205346	-32402.809847	-16265.945585	-19146.571356	-0.002000	0.868000	0.452000	192.000000	0.000000	0.000000	0.000000	0.000000	0.000000	0.000000	0.000000	0.000000	0.000000	1790355205.425922	0.000000
78.000000	14377.670214	43422.577491	-5017.743113	-32375.227794	22275.145027	-32381.866262	-16266.571434	-19131.998018	-0.008000	0.862000	0.456000	192.000000	255.000000	192.000000	26.000000	240.000000	14.000000	64.000000	0.000000	0.000000	0.000000	1790355205.426034	0.000000
79.000000	14374.138638	43438.447230	-5034.193997	-32380.726323	22256.704838	-32388.884710	-16293.125307	-19138.323562	-0.008000	0.862000	0.456000	192.000000	0.000000	0.000000	0.000000	0.000000	0.000000	0.000000	0.000000	0.000000	0.000000	1790355205.426058	0.000000
80.000000	14372.797534	43446.382099	-5047.560340	-32359.782739	22237.929373	-32383.676753	-16314.359464	-19132.668571	-0.008000	0.862000	0.456000	192.000000	0.000000	0.000000	0.000000	0.000000	0.000000	0.000000	0.000000	0.000000	0.000000	1790355205.426073	0.000000
81.000000	14337.548833	43415.916671	-5037.300889	-32371.606811	22247.607678	-32409.180094	-16323.724845	-19145.364361	-0.008000	0.862000	0.456000	192.000000	0.000000	0.000000	0.000000	0.000000	0.000000	0.000000	0.000000	0.000000	0.000000	1790355205.426090	0.000000
82.000000	14348.657650	43429.975919	-5024.783912	-32368.075236	22290.433620	-32396.640765	-16311.677255	-19144.470292	-0.008000	0.862000	0.456000	192.000000	0.000000	0.000000	0.000000	0.000000	0.000000	0.000000	0.000000	0.000000	0.000000	1790355205.426104	0.000000
83.000000	14361.286385	43459.681387	-5023.621622	-32352.116090	22289.941882	-32373.260841	-16318.472185	-19133.249716	-0.008000	0.862000	0.456000	192.000000	0.000000	0.000000	0.000000	0.000000	0.000000	0.000000	0.000000	0.000000	0.000000	1790355205.426119	0.000000
84.000000	14355.474932	43464.062329	-5017.944278	-32353.814823	22282.744620	-32370.221003	-16349.272889	-19124.756053	-0.008000	0.862000	0.456000	192.000000	0.000000	0.000000	0.000000	0.000000	0.000000	0.000000	0.000000	0.000000	0.000000	1790355205.426136	0.000000
85.000000	14348.814112	43431.652299	-5033.344630	-32372.657343	22275.770876	-32381.553338	-16373.368069	-19132.981495	-0.008000	0.862000	0.456000	192.000000	0.000000	0.000000	0.000000	0.000000	0.000000	0.000000	0.000000	0.000000	0.000000	1790355205.426150	0.000000
86.000000	14337.079446	43407.668878	-5048.186189	-32387.700067	22281.202350	-32401.960480	-16384.588645	-19144.626754	-0.008000	0.862000	0.456000	192.000000	0.000000	0.000000	0.000000	0.000000	0.000000	0.000000	0.000000	0.000000	0.000000	1790355205.426677	0.000000
87.000000	14343.919080	43414.866139	-5044.632261	-32383.721457	22263.432713	-32396.998393	-16413.243581	-19149.968821	-0.008000	0.862000	0.456000	192.000000	0.000000	0.000000	0.000000	0.000000	0.000000	0.000000	0.000000	0.000000	0.000000	1790355205.426697	0.000000
88.000000	14340.253394	43417.615404	-5040.810113	-32380.145178	22233.481375	-32405.112076	-16448.425227	-19157.277841	-0.004000	0.864000	0.458000	192.000000	255.000000	224.000000	27.000000	0.000000	14.000000	80.000000	0.000000	0.000000	0.000000	1790355205.426710	0.000000
89.000000	14325.098911	43406.037200	-5042.017107	-32381.486283	22248.501748	-32402.452219	-16446.167701	-19157.210786	-0.004000	0.864000	0.458000	192.000000	0.000000	0.000000	0.000000	0.000000	0.000000	0.000000	0.000000	0.000000	0.000000	1790355205.426730	0.000000
90.000000	14326.887050	43392.961430	-5034.641032	-32368.835195	22297.183847	-32388.147102	-16413.489451	-19144.559699	-0.004000	0.864000	0.458000	192.000000	0.000000	0.000000	0.000000	0.000000	0.000000	0.000000	0.000000	0.000000	0.000000	1790355205.426744	0.000000
91.000000	14334.866623	43406.663049	-5052.008337	-32370.153948	22301.453030	-32373.998448	-16407.677997	-19128.533498	-0.004000	0.864000	0.458000	192.000000	0.000000	0.000000	0.000000	0.000000	0.000000	0.000000	0.000000	0.000000	0.000000	1790355205.426756	0.000000
92.000000	14342.980307	43423.158636	-5017.765465	-32363.806053	22267.903062	-32377.999410	-16431.840233	-19129.449919	-0.004000	0.864000	0.458000	192.000000	0.000000	0.000000	0.000000	0.000000	0.000000	0.000000	0.000000	0.000000	0.000000	1790355205.426773	0.000000
93.000000	14332.787911	43412.988593	-5019.352438	-32356.429977	22263.924451	-32392.528044	-16433.136634	-19129.718140	-0.004000	0.864000	0.458000	192.000000	0.000000	0.000000	0.000000	0.000000	0.000000	0.000000	0.000000	0.000000	0.000000	1790355205.426789	0.000000
94.000000	14324.204841	43397.007095	-5024.962726	-32363.068445	22279.905949	-32379.139349	-16428.576878	-19127.371207	-0.004000	0.864000	0.458000	192.000000	0.000000	0.000000	0.000000	0.000000	0.000000	0.000000	0.000000	0.000000	0.000000	1790355205.426807	0.000000
95.000000	14327.803472	43402.796197	-5026.482645	-32366.935297	22294.389879	-32362.509651	-16430.901460	-19118.095233	-0.004000	0.864000	0.458000	192.000000	0.000000	0.000000	0.000000	0.000000	0.000000	0.000000	0.000000	0.000000	0.000000	1790355205.426822	0.000000
96.000000	14317.588725	43405.970145	-5029.544834	-32357.771082	22289.584254	-32384.682582	-16459.399934	-19135.775463	-0.004000	0.864000	0.458000	192.000000	0.000000	0.000000	0.000000	0.000000	0.000000	0.000000	0.000000	0.000000	0.000000	1790355205.426836	0.000000
97.000000	14315.688827	43405.768979	-5033.858721	-32363.180204	22281.448219	-32391.343402	-16473.772105	-19132.601515	-0.004000	0.864000	0.458000	192.000000	0.000000	0.000000	0.000000	0.000000	0.000000	0.000000	0.000000	0.000000	0.000000	1790355205.426893	0.000000
98.000000	14313.408949	43393.699037	-5032.316450	-32369.818672	22279.995356	-32377.708838	-16474.889693	-19130.098120	0.004000	0.864000	0.454000	192.000000	0.000000	32.000000	27.000000	0.000000	14.000000	48.000000	0.000000	0.000000	0.000000	1790355205.426909	0.000000
99.000000	14322.684923	43393.386113	-5030.371848	-32345.209401	22285.717402	-32368.276402	-16480.432925	-19131.260411	0.004000	0.864000	0.454000	192.000000	0.000000	0.000000	0.000000	0.000000	0.000000	0.000000	0.000000	0.000000	0.000000	1790355205.426925	0.000000
100.000000	14325.590649	43417.302479	-5025.074485	-32337.118070	22281.828199	-32360.609753	-16496.503830	-19130.299286	0.004000	0.864000	0.454000	192.000000	0.000000	0.000000	0.000000	0.000000	0.000000	0.000000	0.000000	0.000000	0.000000	1790355205.426941	0.000000
101.000000	14303.797698	43405.545462	-5040.698354	-32347.712797	22280.151818	-32360.609753	-16521.560135	-19138.189451	0.004000	0.864000	0.454000	192.000000	0.000000	0.000000	0.000000	0.000000	0.000000	0.000000	0.000000	0.000000	0.000000	1790355205.426958	0.000000
102.000000	14304.736472	43394.079017	-5033.143465	-32349.433881	22290.679489	-32366.555317	-16513.491155	-19134.121434	0.004000	0.864000	0.454000	192.000000	0.000000	0.000000	0.000000	0.000000	0.000000	0.000000	0.000000	0.000000	0.000000	1790355205.427298	0.000000
103.000000	14313.967742	43384.445415	-5025.096837	-32347.936314	22304.805792	-32373.014971	-16504.014016	-19138.010638	0.004000	0.864000	0.454000	192.000000	0.000000	0.000000	0.000000	0.000000	0.000000	0.000000	0.000000	0.000000	0.000000	1790355205.427350	0.000000
104.000000	14318.415739	43387.149976	-5029.857758	-32344.963532	22289.606606	-32375.764236	-16520.286086	-19140.446978	0.004000	0.864000	0.454000	192.000000	0.000000	0.000000	0.000000	0.000000	0.000000	0.000000	0.000000	0.000000	0.000000	1790355205.427400	0.000000
105.000000	14322.930792	43388.289915	-5023.755732	-32342.437785	22266.383143	-32371.338591	-16532.288972	-19130.366341	0.004000	0.864000	0.454000	192.000000	0.000000	0.000000	0.000000	0.000000	0.000000	0.000000	0.000000	0.000000	0.000000	1790355205.427424	0.000000
106.000000	14317.208745	43381.159709	-5017.452540	-32334.212343	22273.379239	-32384.079085	-16527.706865	-19127.058283	0.004000	0.864000	0.454000	192.000000	0.000000	0.000000	0.000000	0.000000	0.000000	0.000000	0.000000	0.000000	0.000000	1790355205.427467	0.000000
107.000000	14322.751978	43379.706845	-5015.887918	-32342.571895	22297.452068	-32387.811826	-16531.640772	-19136.982457	0.004000	0.864000	0.454000	192.000000	0.000000	0.000000	0.000000	0.000000	0.000000	0.000000	0.000000	0.000000	0.000000	1790355205.427509	0.000000
108.000000	14321.612039	43379.125700	-5032.204691	-32351.892573	22281.962309	-32402.318108	-16556.920595	-19148.694771	-0.004000	0.868000	0.454000	192.000000	255.000000	224.000000	27.000000	32.000000	14.000000	48.000000	0.000000	0.000000	0.000000	1790355205.427530	0.000000
109.000000	14317.231097	43375.728235	-5022.884014	-32343.510669	22267.277213	-32378.893480	-16560.385115	-19140.044646	-0.004000	0.868000	0.454000	192.000000	0.000000	0.000000	0.000000	0.000000	0.000000	0.000000	0.000000	0.000000	0.000000	1790355205.427548	0.000000
110.000000	14292.890047	43350.984854	-5035.490398	-32351.132614	22272.507521	-32372.411474	-16555.601842	-19143.486815	-0.004000	0.868000	0.454000	192.000000	0.000000	0.000000	0.000000	0.000000	0.000000	0.000000	0.000000	0.000000	0.000000	1790355205.427627	0.000000
111.000000	14295.728719	43354.069394	-5029.902462	-32335.084061	22292.467629	-32374.065503	-16546.236461	-19137.809472	-0.004000	0.868000	0.454000	192.000000	0.000000	0.000000	0.000000	0.000000	0.000000	0.000000	0.000000	0.000000	0.000000	1790355205.427660	0.000000
112.000000	14313.699521	43377.337560	-5021.699372	-32334.033529	22296.870923	-32372.255012	-16555.490083	-19135.373132	-0.004000	0.868000	0.454000	192.000000	0.000000	0.000000	0.000000	0.000000	0.000000	0.000000	0.000000	0.000000	0.000000	1790355205.427682	0.000000
113.000000	14314.258315	43378.969238	-5029.522482	-32333.094756	22277.424905	-32381.933317	-16573.729107	-19131.238059	-0.004000	0.868000	0.454000	192.000000	0.000000	0.000000	0.000000	0.000000	0.000000	0.000000	0.000000	0.000000	0.000000	1790355205.427699	0.000000
114.000000	14308.983303	43366.496964	-5022.146406	-32332.670073	22285.918568	-32391.365754	-16560.876854	-19130.567507	-0.004000	0.868000	0.454000	192.000000	0.000000	0.000000	0.000000	0.000000	0.000000	0.000000	0.000000	0.000000	0.000000	1790355205.427720	0.000000
115.000000	14306.859887	43362.630112	-5012.088121	-32324.131706	22302.995301	-32382.715628	-16552.092618	-19126.320675	-0.004000	0.868000	0.454000	192.000000	0.000000	0.000000	0.000000	0.000000	0.000000	0.000000	0.000000	0.000000	0.000000	1790355205.427739	0.000000
116.000000	14307.597495	43367.771014	-5013.563337	-32330.390195	22308.449126	-32388.728248	-16552.785522	-19123.772576	-0.004000	0.868000	0.454000	192.000000	0.000000	0.000000	0.000000	0.000000	0.000000	0.000000	0.000000	0.000000	0.000000	1790355205.427763	0.000000
117.000000	14301.853097	43367.726310	-5012.222232	-32334.614674	22306.571580	-32380.279288	-16556.652374	-19108.707501	-0.004000	0.868000	0.454000	192.000000	0.000000	0.000000	0.000000	0.000000	0.000000	0.000000	0.000000	0.000000	0.000000	1790355205.428166	0.000000
118.000000	14301.830745	43356.975121	-4996.218383	-32324.623445	22316.965141	-32361.012085	-16558.149941	-19106.539381	-0.008000	0.866000	0.458000	192.000000	255.000000	192.000000	27.000000	16.000000	14.000000	80.000000	0.000000	0.000000	0.000000	1790355205.428212	0.000000
119.000000	14291.504239	43344.189923	-4998.319447	-32313.715793	22323.894182	-32350.931448	-16548.046952	-19101.554942	-0.008000	0.866000	0.458000	192.000000	0.000000	0.000000	0.000000	0.000000	0.000000	0.000000	0.000000	0.000000	0.000000	1790355205.428228	0.000000
120.000000	14297.159230	43353.890580	-5004.309714	-32321.315386	22328.185717	-32349.478584	-16547.018772	-19100.012672	-0.008000	0.866000	0.458000	192.000000	0.000000	0.000000	0.000000	0.000000	0.000000	0.000000	0.000000	0.000000	0.000000	1790355205.428242	0.000000
121.000000	14292.286550	43373.023674	-5013.183357	-32329.473773	22301.408327	-32359.425111	-16573.796162	-19107.768727	-0.008000	0.866000	0.458000	192.000000	0.000000	0.000000	0.000000	0.000000	0.000000	0.000000	0.000000	0.000000	0.000000	1790355205.428258	0.000000
122.000000	14289.805506	43365.222915	-5008.824767	-32325.271645	22276.955518	-32381.776855	-16542.391961	-19116.575315	-0.008000	0.866000	0.458000	192.000000	0.000000	0.000000	0.000000	0.000000	0.000000	0.000000	0.000000	0.000000	0.000000	1790355205.428271	0.000000
123.000000	14281.378899	43346.827429	-4993.089139	-32323.394099	22291.394745	-32382.805035	-16426.006428	-19110.942675	-0.008000	0.866000	0.458000	192.000000	0.000000	0.000000	0.000000	0.000000	0.000000	0.000000	0.000000	0.000000	0.000000	1790355205.428284	0.000000
124.000000	14272.952291	43341.239493	-5000.845194	-32329.607884	22287.796114	-32374.154910	-16390.467154	-19111.903800	-0.008000	0.866000	0.458000	192.000000	0.000000	0.000000	0.000000	0.000000	0.000000	0.000000	0.000000	0.000000	0.000000	1790355205.428300	0.000000
125.000000	14261.910529	43346.290987	-5015.418531	-32340.224962	22273.803922	-32380.659268	-16413.981189	-19126.700655	-0.008000	0.866000	0.458000	192.000000	0.000000	0.000000	0.000000	0.000000	0.000000	0.000000	0.000000	0.000000	0.000000	1790355205.428315	0.000000
126.000000	14259.697707	43351.543647	-5002.365113	-32330.658416	22271.904024	-32375.853643	-16409.622599	-19120.352759	-0.008000	0.866000	0.458000	192.000000	0.000000	0.000000	0.000000	0.000000	0.000000	0.000000	0.000000	0.000000	0.000000	1790355205.428329	0.000000
127.000000	14242.755084	43331.002394	-5016.737284	-32336.156945	22281.939957	-32373.953745	-16386.645006	-19118.139937	-0.008000	0.866000	0.458000	192.000000	0.000000	0.000000	0.000000	0.000000	0.000000	0.000000	0.000000	0.000000	0.000000	1790355205.428344	0.000000
128.000000	14245.213776	43329.929510	-5013.853909	-32343.018930	22292.132353	-32396.596062	-16372.898683	-19123.392597	-0.010000	0.872000	0.460000	192.000000	255.000000	176.000000	27.000000	64.000000	14.000000	96.000000	0.000000	0.000000	0.000000	1790355205.428358	0.000000
129.000000	14245.973736	43341.127734	-5016.066732	-32353.099567	22284.979795	-32406.967271	-16372.563407	-19123.638466	-0.010000	0.872000	0.460000	192.000000	0.000000	0.000000	0.000000	0.000000	0.000000	0.000000	0.000000	0.000000	0.000000	1790355205.428372	0.000000
130.000000	14238.262384	43347.453278	-5007.304848	-32342.884820	22268.461855	-32386.761294	-16358.817084	-19119.838669	-0.010000	0.872000	0.460000	192.000000	0.000000	0.000000	0.000000	0.000000	0.000000	0.000000	0.000000	0.000000	0.000000	1790355205.428391	0.000000
131.000000	14226.930049	43341.038327	-5003.058017	-32331.217209	22270.026478	-32381.687448	-16342.232089	-19124.085501	-0.010000	0.872000	0.460000	192.000000	0.000000	0.000000	0.000000	0.000000	0.000000	0.000000	0.000000	0.000000	0.000000	1790355205.428407	0.000000
132.000000	14226.952401	43339.406650	-5003.840328	-32337.833326	22292.713498	-32382.849739	-16318.203964	-19121.224477	-0.010000	0.872000	0.460000	192.000000	0.000000	0.000000	0.000000	0.000000	0.000000	0.000000	0.000000	0.000000	0.000000	1790355205.428425	0.000000
133.000000	14217.877593	43344.793420	-5008.042456	-32347.154003	22301.363623	-32391.678678	-16299.875534	-19117.022349	-0.010000	0.872000	0.460000	192.000000	0.000000	0.000000	0.000000	0.000000	0.000000	0.000000	0.000000	0.000000	0.000000	1790355205.428707	0.000000
134.000000	14210.389758	43355.634016	-5000.688732	-32345.589381	22284.912739	-32387.722419	-16306.804574	-19120.330408	-0.010000	0.872000	0.460000	192.000000	0.000000	0.000000	0.000000	0.000000	0.000000	0.000000	0.000000	0.000000	0.000000	1790355205.428727	0.000000
135.000000	14212.937857	43366.631075	-4985.444842	-32317.023852	22298.614359	-32374.445483	-16291.873609	-19106.785251	-0.010000	0.872000	0.460000	192.000000	0.000000	0.000000	0.000000	0.000000	0.000000	0.000000	0.000000	0.000000	0.000000	1790355205.428745	0.000000
136.000000	14200.845564	43356.930418	-4992.955028	-32325.696328	22307.175077	-32387.655364	-16277.076754	-19105.913532	-0.010000	0.872000	0.460000	192.000000	0.000000	0.000000	0.000000	0.000000	0.000000	0.000000	0.000000	0.000000	0.000000	1790355205.428764	0.000000
137.000000	14208.132232	43372.084900	-5000.129938	-32334.033529	22296.781516	-32396.752524	-16284.855161	-19116.396501	-0.010000	0.872000	0.460000	192.000000	0.000000	0.000000	0.000000	0.000000	0.000000	0.000000	0.000000	0.000000	0.000000	1790355205.428783	0.000000
138.000000	14209.987427	43368.776842	-4995.972514	-32322.455325	22270.071181	-32382.447408	-16304.725862	-19115.793004	-0.004000	0.870000	0.454000	192.000000	255.000000	224.000000	27.000000	48.000000	14.000000	48.000000	0.000000	0.000000	0.000000	1790355205.428807	0.000000
139.000000	14198.141002	43344.972234	-4995.547831	-32316.509761	22288.086687	-32359.916849	-16296.455717	-19087.361585	-0.004000	0.870000	0.454000	192.000000	0.000000	0.000000	0.000000	0.000000	0.000000	0.000000	0.000000	0.000000	0.000000	1790355205.694082	0.000000
140.000000	14209.786261	43342.513542	-4976.750013	-32318.744936	22303.777612	-32372.523233	-16277.143809	-19089.261483	-0.004000	0.870000	0.454000	192.000000	0.000000	0.000000	0.000000	0.000000	0.000000	0.000000	0.000000	0.000000	0.000000	1790355205.694113	0.000000
141.000000	14216.000046	43343.698185	-4972.234961	-32329.943160	22314.975836	-32383.721457	-16270.281824	-19089.261483	-0.004000	0.870000	0.454000	192.000000	0.000000	0.000000	0.000000	0.000000	0.000000	0.000000	0.000000	0.000000	0.000000	1790355205.694124	0.000000
142.000000	14206.344093	43339.138429	-4991.010426	-32332.267741	22292.937016	-32382.112131	-16299.428499	-19103.298378	-0.004000	0.870000	0.454000	192.000000	0.000000	0.000000	0.000000	0.000000	0.000000	0.000000	0.000000	0.000000	0.000000	1790355205.694134	0.000000
143.000000	14194.609427	43324.453333	-4992.060958	-32326.523343	22279.369507	-32378.267631	-16315.857031	-19112.484945	-0.004000	0.870000	0.454000	192.000000	0.000000	0.000000	0.000000	0.000000	0.000000	0.000000	0.000000	0.000000	0.000000	1790355205.694144	0.000000
144.000000	14193.760061	43310.617603	-4992.016255	-32321.784773	22297.228551	-32375.361905	-16309.844412	-19107.455803	-0.004000	0.870000	0.454000	192.000000	0.000000	0.000000	0.000000	0.000000	0.000000	0.000000	0.000000	0.000000	0.000000	1790355205.694155	0.000000
145.000000	14201.717282	43312.517501	-4980.102775	-32321.225979	22307.286836	-32377.552376	-16303.943551	-19101.331425	-0.004000	0.870000	0.454000	192.000000	0.000000	0.000000	0.000000	0.000000	0.000000	0.000000	0.000000	0.000000	0.000000	1790355205.694165	0.000000
146.000000	14199.459755	43317.300775	-4993.089139	-32331.686596	22282.990489	-32386.984812	-16325.490633	-19109.221591	-0.004000	0.870000	0.454000	192.000000	0.000000	0.000000	0.000000	0.000000	0.000000	0.000000	0.000000	0.000000	0.000000	1790355205.694175	0.000000
147.000000	14192.329549	43314.149179	-5001.761615	-32343.108337	22258.627088	-32399.881768	-16348.624688	-19115.815355	-0.004000	0.870000	0.454000	192.000000	0.000000	0.000000	27.000000	48.000000	14.000000	64.000000	0.000000	0.000000	0.000000	1790355205.694185	0.000000
148.000000	14191.703700	43306.147254	-4998.140633	-32340.761404	22266.852530	-32384.190844	-16339.482825	-19103.477192	-0.004000	0.870000	0.454000	192.000000	0.000000	0.000000	0.000000	0.000000	0.000000	0.000000	0.000000	0.000000	0.000000	1790355205.694269	0.000000
149.000000	14173.419973	43293.563222	-5003.750921	-32358.665151	22291.506504	-32390.896367	-16352.960927	-19123.169079	-0.004000	0.870000	0.454000	192.000000	0.000000	0.000000	0.000000	0.000000	0.000000	0.000000	0.000000	0.000000	0.000000	1790355205.694279	0.000000
150.000000	14167.385002	43302.839196	-5006.589592	-32357.614619	22279.414210	-32390.047001	-16379.313633	-19129.427568	-0.004000	0.870000	0.454000	192.000000	0.000000	0.000000	0.000000	0.000000	0.000000	0.000000	0.000000	0.000000	0.000000	1790355205.694289	0.000000
151.000000	14162.579377	43299.799359	-5000.621677	-32349.992675	22271.568748	-32396.216082	-16390.511857	-19124.018445	-0.004000	0.870000	0.454000	192.000000	0.000000	0.000000	0.000000	0.000000	0.000000	0.000000	0.000000	0.000000	0.000000	1790355205.694299	0.000000
152.000000	14154.644508	43280.308638	-4989.490508	-32341.342549	22290.567731	-32380.547509	-16366.439029	-19113.848402	-0.004000	0.870000	0.454000	192.000000	0.000000	0.000000	0.000000	0.000000	0.000000	0.000000	0.000000	0.000000	0.000000	1790355205.694309	0.000000
153.000000	14155.158598	43268.238696	-4984.371958	-32332.938294	22317.859211	-32372.903213	-16360.202892	-19112.887277	-0.004000	0.870000	0.454000	192.000000	0.000000	0.000000	0.000000	0.000000	0.000000	0.000000	0.000000	0.000000	0.000000	1790355205.694319	0.000000
154.000000	14161.461790	43285.024856	-4993.759691	-32337.855677	22297.675585	-32387.521254	-16375.245616	-19119.726911	-0.004000	0.870000	0.454000	192.000000	0.000000	0.000000	0.000000	0.000000	0.000000	0.000000	0.000000	0.000000	0.000000	1790355205.694329	0.000000
155.000000	14153.325755	43293.786740	-4988.596438	-32342.840116	22274.697992	-32387.722419	-16381.392346	-19118.251695	-0.004000	0.870000	0.454000	192.000000	0.000000	0.000000	0.000000	0.000000	0.000000	0.000000	0.000000	0.000000	0.000000	1790355205.694339	0.000000
156.000000	14140.428798	43289.495205	-4969.530400	-32326.478639	22294.501638	-32371.785625	-16357.721848	-19088.054489	-0.004000	0.870000	0.454000	192.000000	0.000000	0.000000	0.000000	0.000000	0.000000	0.000000	0.000000	0.000000	0.000000	1790355205.694349	0.000000
157.000000	14129.521147	43276.620600	-4978.605208	-32340.873163	22307.666815	-32379.072294	-16354.682011	-19094.849419	-0.002000	0.872000	0.454000	192.000000	255.000000	240.000000	27.000000	64.000000	14.000000	48.000000	0.000000	0.000000	0.000000	1790355205.694359	0.000000
158.000000	14139.199452	43289.048170	-4977.778194	-32339.554410	22298.636710	-32378.424094	-16374.306843	-19097.688091	-0.002000	0.872000	0.454000	192.000000	0.000000	0.000000	0.000000	0.000000	0.000000	0.000000	0.000000	0.000000	0.000000	1790355205.694370	0.000000
159.000000	14118.546440	43279.123995	-4984.573124	-32344.672959	22266.181978	-32389.108227	-16395.920979	-19107.411099	-0.002000	0.872000	0.454000	192.000000	0.000000	0.000000	0.000000	0.000000	0.000000	0.000000	0.000000	0.000000	0.000000	1790355205.694380	0.000000
160.000000	14116.937115	43269.579800	-4995.436072	-32359.983904	22263.164492	-32383.408533	-16389.953064	-19104.281855	-0.002000	0.872000	0.454000	192.000000	0.000000	0.000000	0.000000	0.000000	0.000000	0.000000	0.000000	0.000000	0.000000	1790355205.694390	0.000000
161.000000	14122.435644	43270.585629	-4988.574086	-32393.399762	22290.411269	-32387.208329	-16378.508971	-19110.182716	-0.002000	0.872000	0.454000	192.000000	0.000000	0.000000	0.000000	0.000000	0.000000	0.000000	0.000000	0.000000	0.000000	1790355205.694402	0.000000
162.000000	14122.681513	43280.554507	-4994.989037	-32346.796375	22280.285928	-32381.039248	-16390.869485	-19108.260466	-0.002000	0.872000	0.454000	192.000000	0.000000	0.000000	0.000000	0.000000	0.000000	0.000000	0.000000	0.000000	0.000000	1790355205.694412	0.000000
163.000000	14113.539650	43286.790644	-4985.891877	-32321.449497	22256.906004	-32373.082027	-16418.876221	-19105.242980	-0.002000	0.872000	0.454000	192.000000	0.000000	0.000000	0.000000	0.000000	0.000000	0.000000	0.000000	0.000000	0.000000	1790355205.694504	0.000000
164.000000	14108.823432	43269.579800	-4976.213572	-32339.420299	22272.462818	-32368.030532	-16425.090006	-19092.949521	-0.002000	0.872000	0.454000	192.000000	0.000000	0.000000	0.000000	0.000000	0.000000	0.000000	0.000000	0.000000	0.000000	1790355205.694514	0.000000
165.000000	14101.357949	43260.415585	-4987.165926	-32395.858454	22293.696975	-32362.532003	-16420.552602	-19085.729907	-0.002000	0.872000	0.454000	192.000000	0.000000	0.000000	0.000000	0.000000	0.000000	0.000000	0.000000	0.000000	0.000000	1790355205.694524	0.000000
166.000000	14117.697074	43277.045283	-4981.265066	-32343.667131	22303.688205	-32365.571840	-16431.370846	-19091.273140	-0.002000	0.872000	0.454000	192.000000	0.000000	0.000000	0.000000	0.000000	0.000000	0.000000	0.000000	0.000000	0.000000	1790355205.694534	0.000000
167.000000	14112.578525	43282.588516	-4977.822897	-32331.217209	22283.772800	-32381.285117	-16452.716762	-19096.257579	-0.006000	0.876000	0.454000	192.000000	255.000000	208.000000	27.000000	96.000000	14.000000	48.000000	0.000000	0.000000	0.000000	1790355205.694544	0.000000
168.000000	14094.942998	43279.973361	-4971.743223	-32302.271700	22270.942899	-32365.080102	-16467.580672	-19096.682262	-0.006000	0.876000	0.454000	192.000000	0.000000	0.000000	0.000000	0.000000	0.000000	0.000000	0.000000	0.000000	0.000000	1790355205.694555	0.000000
169.000000	14099.994493	43280.666266	-4972.838458	-32321.091869	22283.862207	-32360.497994	-16463.199730	-19096.078765	-0.006000	0.876000	0.454000	192.000000	0.000000	0.000000	0.000000	0.000000	0.000000	0.000000	0.000000	0.000000	0.000000	1790355205.694565	0.000000
170.000000	14101.179135	43282.744978	-4974.648949	-32339.442651	22284.443353	-32376.948878	-16469.905254	-19106.360567	-0.006000	0.876000	0.454000	192.000000	0.000000	0.000000	0.000000	0.000000	0.000000	0.000000	0.000000	0.000000	0.000000	1790355205.694575	0.000000
171.000000	14086.359928	43290.657495	-4993.156194	-32372.679695	22261.733980	-32367.874070	-16492.547571	-19106.204105	-0.006000	0.876000	0.454000	192.000000	0.000000	0.000000	0.000000	0.000000	0.000000	0.000000	0.000000	0.000000	0.000000	1790355205.694585	0.000000
172.000000	14090.852629	43301.632202	-5018.011334	-32351.065558	22249.664038	-32364.655419	-16493.173420	-19097.106945	-0.006000	0.876000	0.454000	192.000000	0.000000	0.000000	0.000000	0.000000	0.000000	0.000000	0.000000	0.000000	0.000000	1790355205.694595	0.000000
173.000000	14087.544571	43297.206556	-4983.902572	-32310.541846	22270.786437	-32381.240413	-16488.680719	-19109.378053	-0.006000	0.876000	0.454000	192.000000	0.000000	0.000000	0.000000	0.000000	0.000000	0.000000	0.000000	0.000000	0.000000	1790355205.694605	0.000000
174.000000	14085.264693	43319.446542	-4981.063900	-32325.226942	22280.956481	-32373.394951	-16494.827449	-19107.768727	-0.006000	0.876000	0.454000	192.000000	0.000000	0.000000	0.000000	0.000000	0.000000	0.000000	0.000000	0.000000	0.000000	1790355205.694615	0.000000
175.000000	14094.384205	43352.683586	-4962.511952	-32303.858674	22273.714515	-32357.525212	-16481.930492	-19081.952462	-0.006000	0.876000	0.454000	192.000000	0.000000	0.000000	0.000000	0.000000	0.000000	0.000000	0.000000	0.000000	0.000000	1790355205.694625	0.000000
176.000000	14088.952731	43352.862400	-4957.773382	-32306.987918	22279.615376	-32373.573765	-16472.788629	-19079.069087	-0.006000	0.876000	0.454000	192.000000	0.000000	0.000000	0.000000	0.000000	0.000000	0.000000	0.000000	0.000000	0.000000	1790355205.694635	0.000000
177.000000	14098.943961	43345.642787	-4951.783115	-32310.430087	22298.502600	-32369.483396	-16476.275501	-19084.612320	-0.002000	0.872000	0.452000	192.000000	255.000000	240.000000	27.000000	64.000000	14.000000	32.000000	0.000000	0.000000	0.000000	1790355205.694645	0.000000
178.000000	14095.010054	43335.875074	-4967.384633	-32320.309558	22286.455010	-32365.013047	-16497.554362	-19097.688091	-0.002000	0.872000	0.452000	192.000000	0.000000	0.000000	0.000000	0.000000	0.000000	0.000000	0.000000	0.000000	0.000000	1790355205.694655	0.000000
179.000000	14091.746699	43345.709842	-4976.213572	-32322.880009	22281.023536	-32355.513555	-16513.044120	-19085.796962	-0.002000	0.872000	0.452000	192.000000	0.000000	0.000000	0.000000	0.000000	0.000000	0.000000	0.000000	0.000000	0.000000	1790355205.694690	0.000000
180.000000	14093.646597	43361.289008	-4967.161115	-32315.973320	22259.856434	-32360.453291	-16521.917763	-19084.142933	-0.002000	0.872000	0.452000	192.000000	0.000000	0.000000	0.000000	0.000000	0.000000	0.000000	0.000000	0.000000	0.000000	1790355205.694725	0.000000
181.000000	14104.777766	43356.796307	-4951.425487	-32290.224110	22278.073106	-32349.880916	-16502.538801	-19068.250843	-0.002000	0.872000	0.452000	192.000000	0.000000	0.000000	0.000000	0.000000	0.000000	0.000000	0.000000	0.000000	0.000000	1790355205.694736	0.000000
182.000000	14098.675740	43332.231740	-4966.982301	-32309.692479	22299.419022	-32361.347361	-16507.657350	-19089.037965	-0.002000	0.872000	0.452000	192.000000	0.000000	0.000000	0.000000	0.000000	0.000000	0.000000	0.000000	0.000000	0.000000	1790355205.694750	0.000000
183.000000	14093.512487	43331.002394	-4972.659644	-32321.248331	22282.945786	-32376.255974	-16527.595106	-19095.631730	-0.002000	0.872000	0.452000	192.000000	0.000000	0.000000	0.000000	0.000000	0.000000	0.000000	0.000000	0.000000	0.000000	1790355205.694761	0.000000
184.000000	14095.613551	43342.580598	-4963.406022	-32312.911131	22268.238338	-32369.371637	-16541.319077	-19093.463611	-0.002000	0.872000	0.452000	192.000000	0.000000	0.000000	0.000000	0.000000	0.000000	0.000000	0.000000	0.000000	0.000000	1790355205.694805	0.000000
185.000000	14095.814716	43338.892560	-4950.442010	-32311.190046	22281.001184	-32356.765253	-16529.159728	-19090.043794	-0.002000	0.872000	0.452000	192.000000	0.000000	0.000000	0.000000	0.000000	0.000000	0.000000	0.000000	0.000000	0.000000	1790355205.694815	0.000000
186.000000	14087.164591	43332.745830	-4962.400194	-32320.644834	22283.437524	-32352.808994	-16521.224859	-19096.414041	-0.002000	0.872000	0.452000	192.000000	0.000000	0.000000	0.000000	0.000000	0.000000	0.000000	0.000000	0.000000	0.000000	1790355205.694825	0.000000
187.000000	14089.779745	43350.716633	-4967.541095	-32323.483506	22267.925414	-32360.453291	-16539.374475	-19095.855247	-0.002000	0.870000	0.452000	192.000000	255.000000	240.000000	27.000000	48.000000	14.000000	32.000000	0.000000	0.000000	0.000000	1790355205.694835	0.000000
188.000000	14084.370623	43354.449374	-4964.188333	-32315.123953	22246.154815	-32365.482433	-16572.633871	-19097.084593	-0.002000	0.870000	0.452000	192.000000	0.000000	0.000000	0.000000	0.000000	0.000000	0.000000	0.000000	0.000000	0.000000	1790355205.694845	0.000000
189.000000	14071.898350	43338.266711	-4964.367147	-32318.163790	22254.156739	-32371.159777	-16604.619217	-19099.006843	-0.002000	0.870000	0.452000	192.000000	0.000000	0.000000	0.000000	0.000000	0.000000	0.000000	0.000000	0.000000	0.000000	1790355205.694855	0.000000
190.000000	14075.273463	43334.489266	-4959.695632	-32306.496180	22267.701896	-32362.889631	-16730.191318	-19085.059355	-0.002000	0.870000	0.452000	192.000000	0.000000	0.000000	0.000000	0.000000	0.000000	0.000000	0.000000	0.000000	0.000000	1790355205.694865	0.000000
191.000000	14072.233626	43336.970310	-4965.127106	-32307.703174	22267.165454	-32366.532965	-16917.051901	-19092.211913	-0.002000	0.870000	0.452000	192.000000	0.000000	0.000000	0.000000	0.000000	0.000000	0.000000	0.000000	0.000000	0.000000	1790355205.694875	0.000000
192.000000	14073.641786	43345.307511	-4955.225284	-32302.986956	22252.010972	-32347.444576	-17021.725121	-19093.843590	-0.002000	0.870000	0.452000	192.000000	0.000000	0.000000	0.000000	0.000000	0.000000	0.000000	0.000000	0.000000	0.000000	1790355205.694885	0.000000
193.000000	14056.989736	43325.861493	-4957.505161	-32305.646814	22233.503727	-32361.861451	-17085.874627	-19097.598684	-0.002000	0.870000	0.452000	192.000000	0.000000	0.000000	0.000000	0.000000	0.000000	0.000000	0.000000	0.000000	0.000000	1790355205.694895	0.000000
194.000000	14045.232719	43303.040362	-4965.194162	-32311.190046	22235.694198	-32380.636916	-17099.688005	-19100.951445	-0.002000	0.870000	0.452000	192.000000	0.000000	0.000000	0.000000	0.000000	0.000000	0.000000	0.000000	0.000000	0.000000	1790355205.694927	0.000000
195.000000	14042.595213	43307.242490	-4963.741298	-32313.604035	22261.823387	-32358.441634	-17083.706508	-19089.596759	-0.002000	0.870000	0.452000	192.000000	0.000000	0.000000	0.000000	0.000000	0.000000	0.000000	0.000000	0.000000	0.000000	1790355205.694937	0.000000
196.000000	14041.678791	43325.637975	-4960.209723	-32304.059840	22264.170321	-32333.854715	-17073.111781	-19067.088552	-0.002000	0.870000	0.452000	192.000000	0.000000	0.000000	0.000000	0.000000	0.000000	0.000000	0.000000	0.000000	0.000000	1790355205.694947	0.000000
197.000000	14035.912041	43324.185112	-4951.514894	-32301.623500	22252.793283	-32341.990750	-17077.068040	-19074.084648	-0.004000	0.874000	0.460000	192.000000	255.000000	224.000000	27.000000	80.000000	14.000000	96.000000	0.000000	0.000000	0.000000	1790355205.694957	0.000000
198.000000	14038.482492	43317.501940	-4941.747182	-32293.129837	22274.563882	-32346.751672	-17045.976763	-19063.579328	-0.004000	0.874000	0.460000	192.000000	0.000000	0.000000	0.000000	0.000000	0.000000	0.000000	0.000000	0.000000	0.000000	1790355205.694968	0.000000
199.000000	14030.748788	43308.315373	-4947.580987	-32300.483561	22269.400629	-32351.490241	-17041.551118	-19067.759105	-0.004000	0.874000	0.460000	192.000000	0.000000	0.000000	0.000000	0.000000	0.000000	0.000000	0.000000	0.000000	0.000000	1790355205.694978	0.000000
200.000000	14031.218175	43313.590385	-4941.434257	-32294.582700	22259.007068	-32328.758517	-17054.984516	-19069.010802	-0.004000	0.874000	0.460000	192.000000	0.000000	0.000000	0.000000	0.000000	0.000000	0.000000	0.000000	0.000000	0.000000	1790355205.694987	0.000000
201.000000	14019.707026	43304.470873	-4938.103847	-32293.487465	22256.235451	-32329.496125	-17071.368345	-19070.329555	-0.004000	0.874000	0.460000	192.000000	0.000000	0.000000	0.000000	0.000000	0.000000	0.000000	0.000000	0.000000	0.000000	1790355205.694997	0.000000
202.000000	14016.846003	43293.227946	-4930.794827	-32287.117217	22265.556129	-32331.396023	-17066.383906	-19065.054544	-0.004000	0.874000	0.460000	192.000000	0.000000	0.000000	0.000000	0.000000	0.000000	0.000000	0.000000	0.000000	0.000000	1790355205.695007	0.000000
203.000000	14005.580724	43278.475795	-4945.524626	-32308.463133	22270.585271	-32361.325009	-17078.163275	-19080.812523	-0.004000	0.874000	0.460000	192.000000	0.000000	0.000000	0.000000	0.000000	0.000000	0.000000	0.000000	0.000000	0.000000	1790355205.695017	0.000000
204.000000	14007.570029	43285.002504	-4941.769533	-32307.971395	22277.849588	-32363.738997	-17098.190439	-19087.808619	-0.004000	0.874000	0.460000	192.000000	0.000000	0.000000	0.000000	0.000000	0.000000	0.000000	0.000000	0.000000	0.000000	1790355205.695029	0.000000
205.000000	13995.790660	43280.532155	-4947.446876	-32306.004442	22258.671791	-32349.255067	-17114.887192	-19097.911608	-0.004000	0.874000	0.460000	192.000000	0.000000	0.000000	0.000000	0.000000	0.000000	0.000000	0.000000	0.000000	0.000000	1790355205.695039	0.000000
206.000000	13988.191067	43261.913152	-4945.636385	-32307.859636	22245.037227	-32344.628256	-17117.055311	-19093.508314	-0.004000	0.874000	0.460000	192.000000	0.000000	0.000000	0.000000	0.000000	0.000000	0.000000	0.000000	0.000000	0.000000	1790355206.164302	0.000000
207.000000	13990.269779	43266.495260	-4941.791885	-32309.647776	22259.454102	-32352.496070	-17112.674369	-19090.580236	-0.002000	0.868000	0.460000	192.000000	255.000000	240.000000	27.000000	32.000000	14.000000	96.000000	0.000000	0.000000	0.000000	1790355206.164492	0.000000
208.000000	13984.927712	43280.129824	-4948.519760	-32318.096735	22233.056692	-32365.035399	-17136.456625	-19097.799849	-0.002000	0.868000	0.460000	192.000000	0.000000	0.000000	0.000000	0.000000	0.000000	0.000000	0.000000	0.000000	0.000000	1790355206.164532	0.000000
209.000000	13981.440840	43287.751769	-4943.177693	-32311.994709	22209.609712	-32360.788567	-17149.130064	-19093.709480	-0.002000	0.868000	0.460000	192.000000	0.000000	0.000000	0.000000	0.000000	0.000000	0.000000	0.000000	0.000000	0.000000	1790355206.165188	0.000000
210.000000	13971.248444	43272.329065	-4931.152455	-32302.741087	22228.608695	-32341.454308	-17143.072741	-19086.489867	-0.002000	0.868000	0.460000	192.000000	0.000000	0.000000	0.000000	0.000000	0.000000	0.000000	0.000000	0.000000	0.000000	1790355206.165212	0.000000
211.000000	13956.764514	43258.672149	-4943.669432	-32314.319290	22238.510518	-32346.908134	-17137.328343	-19088.859151	-0.002000	0.868000	0.460000	192.000000	0.000000	0.000000	0.000000	0.000000	0.000000	0.000000	0.000000	0.000000	0.000000	1790355206.165225	0.000000
212.000000	13967.001613	43294.054960	-4945.904606	-32319.147267	22222.283151	-32382.290945	-17143.296259	-19097.598684	-0.002000	0.868000	0.460000	192.000000	0.000000	0.000000	0.000000	0.000000	0.000000	0.000000	0.000000	0.000000	0.000000	1790355206.165238	0.000000
213.000000	13963.939424	43308.427132	-4940.294318	-32321.538904	22209.162677	-32380.055771	-17167.972585	-19109.132184	-0.002000	0.868000	0.460000	192.000000	0.000000	0.000000	0.000000	0.000000	0.000000	0.000000	0.000000	0.000000	0.000000	1790355206.165250	0.000000
214.000000	13949.209624	43294.881975	-4948.609167	-32327.328006	22208.402718	-32357.480509	-17180.377803	-19114.586009	-0.002000	0.868000	0.460000	192.000000	0.000000	0.000000	0.000000	0.000000	0.000000	0.000000	0.000000	0.000000	0.000000	1790355206.165263	0.000000
215.000000	13946.102732	43293.026780	-4940.651946	-32320.421317	22218.326893	-32350.730282	-17166.854997	-19100.549114	-0.002000	0.868000	0.460000	192.000000	0.000000	0.000000	0.000000	0.000000	0.000000	0.000000	0.000000	0.000000	0.000000	1790355206.165276	0.000000
216.000000	13949.567252	43304.582632	-4938.886158	-32321.315386	22220.584419	-32389.845835	-17170.185407	-19122.476175	-0.002000	0.868000	0.460000	192.000000	0.000000	0.000000	0.000000	0.000000	0.000000	0.000000	0.000000	0.000000	0.000000	1790355206.165289	0.000000
217.000000	13953.992898	43314.529158	-4928.470245	-32305.669165	22195.908093	-32374.736056	-17181.383631	-19113.826050	-0.002000	0.872000	0.454000	192.000000	255.000000	240.000000	27.000000	64.000000	14.000000	48.000000	0.000000	0.000000	0.000000	1790355206.165302	0.000000
218.000000	13942.884081	43305.811978	-4923.217585	-32297.846055	22195.237541	-32354.083044	-17168.285509	-19103.678358	-0.002000	0.872000	0.454000	192.000000	0.000000	0.000000	0.000000	0.000000	0.000000	0.000000	0.000000	0.000000	0.000000	1790355206.165316	0.000000
219.000000	13943.308764	43294.837272	-4917.182614	-32289.128874	22214.750614	-32344.337683	-17138.982372	-19079.493771	-0.002000	0.872000	0.454000	192.000000	0.000000	0.000000	0.000000	0.000000	0.000000	0.000000	0.000000	0.000000	0.000000	1790355206.165330	0.000000
220.000000	13938.033752	43292.356228	-4917.495539	-32296.192026	22230.396835	-32354.686541	-17106.862915	-19056.694991	-0.002000	0.872000	0.454000	192.000000	0.000000	0.000000	0.000000	0.000000	0.000000	0.000000	0.000000	0.000000	0.000000	1790355206.165346	0.000000
221.000000	13929.294220	43295.753693	-4922.278812	-32300.818837	22234.308390	-32365.594192	-17114.037825	-19070.888349	-0.002000	0.872000	0.454000	192.000000	0.000000	0.000000	0.000000	0.000000	0.000000	0.000000	0.000000	0.000000	0.000000	1790355206.165359	0.000000
222.000000	13920.867612	43273.044321	-4927.039734	-32310.564197	22210.570837	-32358.843965	-17134.914355	-19095.028233	-0.002000	0.872000	0.454000	192.000000	0.000000	0.000000	0.000000	0.000000	0.000000	0.000000	0.000000	0.000000	0.000000	1790355206.165373	0.000000
223.000000	13919.235935	43246.758669	-4931.241862	-32319.750764	22210.727300	-32363.984867	-17124.587849	-19094.670605	-0.002000	0.872000	0.454000	192.000000	0.000000	0.000000	0.000000	0.000000	0.000000	0.000000	0.000000	0.000000	0.000000	1790355206.165388	0.000000
224.000000	13906.003702	43243.271797	-4948.430353	-32334.569971	22216.494050	-32373.998448	-17123.403206	-19109.489812	-0.002000	0.872000	0.454000	192.000000	0.000000	0.000000	0.000000	0.000000	0.000000	0.000000	0.000000	0.000000	0.000000	1790355206.165407	0.000000
225.000000	13915.436139	43277.335856	-4929.476074	-32317.292072	22219.600942	-32354.463023	-17123.760834	-19101.219666	-0.002000	0.872000	0.454000	192.000000	0.000000	0.000000	0.000000	0.000000	0.000000	0.000000	0.000000	0.000000	0.000000	1790355206.165767	0.000000
226.000000	13912.597467	43282.789681	-4921.943536	-32306.518532	22207.486297	-32355.535907	-17126.934782	-19100.660873	-0.002000	0.872000	0.454000	192.000000	0.000000	0.000000	0.000000	0.000000	0.000000	0.000000	0.000000	0.000000	0.000000	1790355206.165815	0.000000
227.000000	13902.717996	43265.623542	-4923.888138	-32310.832418	22209.721471	-32365.884765	-17118.552878	-19104.304207	-0.006000	0.862000	0.454000	192.000000	255.000000	208.000000	26.000000	240.000000	14.000000	48.000000	0.000000	0.000000	0.000000	1790355206.165827	0.000000
228.000000	13904.081452	43269.557449	-4920.490673	-32314.632215	22236.141233	-32378.602907	-17105.588866	-19107.634617	-0.006000	0.862000	0.454000	192.000000	0.000000	0.000000	0.000000	0.000000	0.000000	0.000000	0.000000	0.000000	0.000000	1790355206.165839	0.000000
229.000000	13900.348711	43278.118167	-4922.122350	-32320.980110	22209.050919	-32380.323992	-17121.682122	-19115.077748	-0.006000	0.862000	0.454000	192.000000	0.000000	0.000000	0.000000	0.000000	0.000000	0.000000	0.000000	0.000000	0.000000	1790355206.165852	0.000000
230.000000	13899.588752	43282.543812	-4916.243841	-32307.971395	22191.951834	-32354.865355	-17137.037770	-19107.031120	-0.006000	0.862000	0.454000	192.000000	0.000000	0.000000	0.000000	0.000000	0.000000	0.000000	0.000000	0.000000	0.000000	1790355206.165882	0.000000
231.000000	13886.155353	43260.214419	-4921.876481	-32311.838247	22196.131610	-32362.554355	-17128.901735	-19102.717233	-0.006000	0.862000	0.454000	192.000000	0.000000	0.000000	0.000000	0.000000	0.000000	0.000000	0.000000	0.000000	0.000000	1790355206.165894	0.000000
232.000000	13887.630568	43256.347568	-4922.189405	-32306.026793	22214.169468	-32357.614619	-17109.053386	-19100.102079	-0.006000	0.862000	0.454000	192.000000	0.000000	0.000000	0.000000	0.000000	0.000000	0.000000	0.000000	0.000000	0.000000	1790355206.165906	0.000000
233.000000	13879.941568	43270.831498	-4925.005725	-32314.363994	22211.733128	-32363.828404	-17113.657846	-19106.069995	-0.006000	0.862000	0.454000	192.000000	0.000000	0.000000	0.000000	0.000000	0.000000	0.000000	0.000000	0.000000	0.000000	1790355206.165917	0.000000
234.000000	13871.246740	43284.175489	-4932.493559	-32317.135610	22187.213264	-32371.830329	-17127.158299	-19107.522858	-0.006000	0.862000	0.454000	192.000000	0.000000	0.000000	0.000000	0.000000	0.000000	0.000000	0.000000	0.000000	0.000000	1790355206.165928	0.000000
235.000000	13880.165086	43280.219231	-4920.848301	-32305.959738	22193.359994	-32355.066521	-17116.518869	-19095.475268	-0.006000	0.862000	0.454000	192.000000	0.000000	0.000000	0.000000	0.000000	0.000000	0.000000	0.000000	0.000000	0.000000	1790355206.165939	0.000000
236.000000	13871.067926	43274.027797	-4931.487731	-32314.878084	22197.919750	-32370.958611	-17109.165145	-19105.153573	-0.004000	0.870000	0.448000	192.000000	255.000000	224.000000	27.000000	48.000000	14.000000	0.000000	0.000000	0.000000	0.000000	1790355206.165955	0.000000
237.000000	13874.085411	43291.484510	-4923.932841	-32314.833381	22218.572762	-32374.177262	-17117.502346	-19108.282817	-0.004000	0.870000	0.448000	192.000000	0.000000	0.000000	0.000000	0.000000	0.000000	0.000000	0.000000	0.000000	0.000000	1790355206.166017	0.000000
238.000000	13853.745324	43285.896574	-4933.409981	-32321.605959	22183.748744	-32365.124806	-17135.897831	-19116.262390	-0.004000	0.870000	0.448000	192.000000	0.000000	0.000000	0.000000	0.000000	0.000000	0.000000	0.000000	0.000000	0.000000	1790355206.166049	0.000000
239.000000	13845.877510	43277.537021	-4932.672373	-32317.560293	22165.509721	-32368.321105	-17139.384704	-19117.536440	-0.004000	0.870000	0.448000	192.000000	0.000000	0.000000	0.000000	0.000000	0.000000	0.000000	0.000000	0.000000	0.000000	1790355206.166079	0.000000
240.000000	13848.783237	43276.084158	-4922.457626	-32316.688575	22184.128724	-32367.471739	-17125.437215	-19107.969893	-0.004000	0.870000	0.448000	192.000000	0.000000	0.000000	0.000000	0.000000	0.000000	0.000000	0.000000	0.000000	0.000000	1790355206.166296	0.000000
241.000000	13849.386734	43278.140518	-4929.721943	-32322.500029	22164.682706	-32386.895405	-17142.424541	-19126.164213	-0.004000	0.870000	0.448000	192.000000	0.000000	0.000000	0.000000	0.000000	0.000000	0.000000	0.000000	0.000000	0.000000	1790355206.166310	0.000000
242.000000	13844.961088	43274.877164	-4937.612109	-32326.858619	22137.167709	-32402.474571	-17174.231073	-19143.352704	-0.004000	0.870000	0.448000	192.000000	0.000000	0.000000	0.000000	0.000000	0.000000	0.000000	0.000000	0.000000	0.000000	1790355206.166321	0.000000
243.000000	13841.720085	43271.882030	-4931.487731	-32311.994709	22146.801310	-32372.858509	-17151.946384	-19100.571466	-0.004000	0.870000	0.448000	192.000000	0.000000	0.000000	0.000000	0.000000	0.000000	0.000000	0.000000	0.000000	0.000000	1790355206.166333	0.000000
244.000000	13842.390638	43263.723643	-4934.013478	-32308.798410	22171.790561	-32349.769157	-17122.576192	-19085.193465	-0.004000	0.870000	0.448000	192.000000	0.000000	0.000000	0.000000	0.000000	0.000000	0.000000	0.000000	0.000000	0.000000	1790355206.166345	0.000000
245.000000	13834.120492	43261.957855	-4930.616013	-32318.677881	22186.140381	-32366.376503	-17120.005741	-19105.667663	-0.004000	0.870000	0.448000	192.000000	0.000000	0.000000	0.000000	0.000000	0.000000	0.000000	0.000000	0.000000	0.000000	1790355206.166357	0.000000
246.000000	13832.779388	43271.367940	-4922.256460	-32313.224055	22157.708962	-32372.299716	-17138.468282	-19106.137050	-0.004000	0.870000	0.448000	192.000000	0.000000	0.000000	27.000000	80.000000	14.000000	0.000000	0.000000	0.000000	0.000000	1790355206.166371	0.000000
247.000000	13815.948524	43258.627446	-4922.837606	-32325.964549	22156.233747	-32375.361905	-17157.735486	-19110.115660	-0.004000	0.870000	0.448000	192.000000	0.000000	0.000000	0.000000	0.000000	0.000000	0.000000	0.000000	0.000000	0.000000	1790355206.166386	0.000000
248.000000	13801.889277	43242.601245	-4931.845359	-32329.138497	22165.956755	-32377.127692	-17142.044561	-19107.433451	-0.004000	0.870000	0.448000	192.000000	0.000000	0.000000	0.000000	0.000000	0.000000	0.000000	0.000000	0.000000	0.000000	1790355206.166398	0.000000
249.000000	13807.700730	43253.419489	-4924.446931	-32308.641947	22178.831360	-32350.506765	-17128.700570	-19097.822201	-0.004000	0.870000	0.448000	192.000000	0.000000	0.000000	0.000000	0.000000	0.000000	0.000000	0.000000	0.000000	0.000000	1790355206.166409	0.000000
250.000000	13803.632713	43263.589533	-4934.281699	-32309.536017	22156.792540	-32360.676808	-17143.363314	-19102.337253	-0.004000	0.870000	0.448000	192.000000	0.000000	0.000000	0.000000	0.000000	0.000000	0.000000	0.000000	0.000000	0.000000	1790355206.166420	0.000000
251.000000	13800.347006	43263.455422	-4932.113580	-32307.703174	22142.934459	-32360.095663	-17156.282622	-19095.989358	-0.004000	0.870000	0.448000	192.000000	0.000000	0.000000	0.000000	0.000000	0.000000	0.000000	0.000000	0.000000	0.000000	1790355206.166432	0.000000
252.000000	13806.583143	43268.641027	-4917.540242	-32300.841189	22159.698267	-32352.876050	-17141.865747	-19092.346024	-0.004000	0.870000	0.448000	192.000000	0.000000	0.000000	0.000000	0.000000	0.000000	0.000000	0.000000	0.000000	0.000000	1790355206.166445	0.000000
253.000000	13809.824146	43270.183297	-4921.004763	-32307.144380	22163.073380	-32359.559221	-17141.686933	-19099.699748	-0.004000	0.870000	0.448000	192.000000	0.000000	0.000000	0.000000	0.000000	0.000000	0.000000	0.000000	0.000000	0.000000	1790355206.166458	0.000000
254.000000	13800.101137	43267.434033	-4931.197158	-32321.494200	22150.757569	-32362.554355	-17157.400210	-19109.109832	-0.004000	0.870000	0.448000	192.000000	0.000000	0.000000	0.000000	0.000000	0.000000	0.000000	0.000000	0.000000	0.000000	1790355206.166472	0.000000
255.000000	13797.709501	43264.505954	-4926.413885	-32322.500029	22128.539935	-32359.089835	-17174.543998	-19107.880486	-0.004000	0.870000	0.448000	192.000000	0.000000	0.000000	0.000000	0.000000	0.000000	0.000000	0.000000	0.000000	0.000000	1790355206.166579	0.000000
0.000000	13795.407271	43254.604132	-4924.022248	-32315.325119	22137.815909	-32373.439655	-17169.470152	-19105.354739	0.004000	0.880000	0.446000	192.000000	0.000000	32.000000	27.000000	128.000000	13.000000	240.000000	0.000000	0.000000	0.000000	1790355206.166593	0.000000
1.000000	13781.057451	43245.126992	-4932.359449	-32319.482543	22155.272622	-32387.588309	-17165.469189	-19107.075823	0.004000	0.880000	0.446000	192.000000	0.000000	0.000000	0.000000	0.000000	0.000000	0.000000	0.000000	0.000000	0.000000	1790355206.166606	0.000000
2.000000	13787.897085	43263.008387	-4923.508158	-32315.705099	22143.850880	-32362.219079	-17177.136800	-19113.893105	0.004000	0.880000	0.446000	192.000000	0.000000	0.000000	0.000000	0.000000	0.000000	0.000000	0.000000	0.000000	0.000000	1790355206.166617	0.000000
3.000000	13776.810619	43268.998655	-4922.792902	-32320.063689	22114.190115	-32372.903213	-17194.906437	-19115.345969	0.004000	0.880000	0.446000	192.000000	0.000000	0.000000	0.000000	0.000000	0.000000	0.000000	0.000000	0.000000	0.000000	1790355206.166628	0.000000
4.000000	13763.176055	43251.430184	-4923.977545	-32321.069517	22120.269790	-32380.391047	-17200.606132	-19110.383881	0.004000	0.880000	0.446000	192.000000	0.000000	0.000000	0.000000	0.000000	0.000000	0.000000	0.000000	0.000000	0.000000	1790355206.166640	0.000000
5.000000	13756.179959	43233.928768	-4937.098019	-32327.886799	22137.771206	-32383.743809	-17202.997768	-19115.882411	0.004000	0.880000	0.446000	192.000000	0.000000	0.000000	0.000000	0.000000	0.000000	0.000000	0.000000	0.000000	0.000000	1790355206.166653	0.000000
6.000000	13764.114829	43245.797544	-4922.435274	-32329.652587	22136.899488	-32381.128655	-17207.490469	-19121.716216	0.004000	0.880000	0.446000	192.000000	0.000000	0.000000	0.000000	0.000000	0.000000	0.000000	0.000000	0.000000	0.000000	1790355206.166668	0.000000
7.000000	13775.938901	43270.764443	-4904.755045	-32308.731354	22110.882057	-32370.444521	-17214.866545	-19107.053471	0.004000	0.880000	0.446000	192.000000	0.000000	0.000000	0.000000	0.000000	0.000000	0.000000	0.000000	0.000000	0.000000	1790355206.166682	0.000000
8.000000	13751.530796	43256.079347	-4923.463455	-32309.424258	22093.335938	-32378.088817	-17215.581800	-19121.716216	0.004000	0.880000	0.446000	192.000000	0.000000	0.000000	0.000000	0.000000	0.000000	0.000000	0.000000	0.000000	0.000000	1790355206.166693	0.000000
9.000000	13754.660041	43252.436012	-4915.193309	-32307.680822	22147.695380	-32352.808994	-17195.867562	-19096.749317	0.004000	0.880000	0.446000	192.000000	0.000000	0.000000	0.000000	0.000000	0.000000	0.000000	0.000000	0.000000	0.000000	1790355206.166706	0.000000
10.000000	13754.660041	43249.083251	-4914.478053	-32313.626386	22148.768264	-32375.585422	-17189.162038	-19095.519971	-0.004000	0.874000	0.454000	192.000000	255.000000	224.000000	27.000000	80.000000	14.000000	48.000000	0.000000	0.000000	0.000000	1790355206.166721	0.000000
11.000000	13749.317974	43258.649797	-4902.162242	-32299.991822	22122.616723	-32367.359980	-17206.506992	-19091.384899	-0.004000	0.874000	0.454000	192.000000	0.000000	0.000000	0.000000	0.000000	0.000000	0.000000	0.000000	0.000000	0.000000	1790355206.166766	0.000000
12.000000	13732.755331	43249.306768	-4893.802690	-32291.945194	22103.617740	-32354.686541	-17219.381597	-19085.864018	-0.004000	0.874000	0.454000	192.000000	0.000000	0.000000	0.000000	0.000000	0.000000	0.000000	0.000000	0.000000	0.000000	1790355206.166782	0.000000
13.000000	13719.813671	43240.433126	-4891.522812	-32289.598261	22128.450528	-32355.133576	-17201.231980	-19077.169189	-0.004000	0.874000	0.454000	192.000000	0.000000	0.000000	0.000000	0.000000	0.000000	0.000000	0.000000	0.000000	0.000000	1790355206.166796	0.000000
14.000000	13682.419203	43224.608090	-4922.099998	-32321.382442	22095.459353	-32380.569861	-17216.587629	-19106.092346	-0.004000	0.874000	0.454000	192.000000	0.000000	0.000000	0.000000	0.000000	0.000000	0.000000	0.000000	0.000000	0.000000	1790355206.166808	0.000000
15.000000	13666.482409	43227.849093	-4926.972679	-32326.635102	22084.059964	-32390.516387	-17245.890766	-19121.716216	-0.004000	0.874000	0.454000	192.000000	0.000000	0.000000	0.000000	0.000000	0.000000	0.000000	0.000000	0.000000	0.000000	1790355206.166946	0.000000
16.000000	13657.049973	43230.084268	-4913.963963	-32317.962625	22073.465237	-32380.949841	-17254.965574	-19110.942675	-0.004000	0.874000	0.454000	192.000000	0.000000	0.000000	0.000000	0.000000	0.000000	0.000000	0.000000	0.000000	0.000000	1790355206.166962	0.000000
17.000000	13657.876987	43230.531303	-4904.397417	-32305.691517	22114.748909	-32373.953745	-17237.486510	-19100.772631	-0.004000	0.874000	0.454000	192.000000	0.000000	0.000000	0.000000	0.000000	0.000000	0.000000	0.000000	0.000000	0.000000	1790355206.166979	0.000000
18.000000	13658.592243	43238.913207	-4909.359504	-32307.971395	22128.919915	-32375.943050	-17237.397103	-19101.957274	-0.004000	0.874000	0.454000	192.000000	0.000000	0.000000	0.000000	0.000000	0.000000	0.000000	0.000000	0.000000	0.000000	1790355206.166995	0.000000
19.000000	13658.413429	43252.726585	-4907.325495	-32312.575854	22113.564266	-32374.490187	-17252.171606	-19099.319768	-0.004000	0.874000	0.454000	192.000000	0.000000	0.000000	0.000000	0.000000	0.000000	0.000000	0.000000	0.000000	0.000000	1790355206.167018	0.000000
20.000000	13651.059705	43250.402004	-4906.498481	-32314.833381	22086.183379	-32377.127692	-17270.678850	-19104.125393	-0.004000	0.870000	0.456000	192.000000	255.000000	224.000000	27.000000	48.000000	14.000000	64.000000	0.000000	0.000000	0.000000	1790355206.167035	0.000000
21.000000	13637.335734	43237.505047	-4919.618955	-32317.292072	22085.579882	-32387.185977	-17263.369830	-19111.993207	-0.004000	0.870000	0.456000	192.000000	0.000000	0.000000	0.000000	0.000000	0.000000	0.000000	0.000000	0.000000	0.000000	1790355206.167052	0.000000
22.000000	13641.470807	43239.941387	-4917.629649	-32323.349395	22093.760621	-32414.253940	-17267.035516	-19130.165175	-0.004000	0.870000	0.456000	192.000000	0.000000	0.000000	0.000000	0.000000	0.000000	0.000000	0.000000	0.000000	0.000000	1790355206.167066	0.000000
23.000000	13633.290068	43242.109506	-4921.496501	-32325.897494	22068.301984	-32419.730117	-17280.357156	-19125.739530	-0.004000	0.870000	0.456000	192.000000	0.000000	0.000000	0.000000	0.000000	0.000000	0.000000	0.000000	0.000000	0.000000	1790355206.167082	0.000000
24.000000	13635.033504	43254.268855	-4910.767664	-32302.718735	22073.353478	-32385.487245	-17275.484476	-19105.622960	-0.004000	0.870000	0.456000	192.000000	0.000000	0.000000	0.000000	0.000000	0.000000	0.000000	0.000000	0.000000	0.000000	1790355206.167094	0.000000
25.000000	13621.734216	43236.745088	-4914.545109	-32313.782849	22067.743190	-32390.069352	-17288.940226	-19120.173945	-0.004000	0.870000	0.456000	192.000000	0.000000	0.000000	0.000000	0.000000	0.000000	0.000000	0.000000	0.000000	0.000000	1790355206.167113	0.000000
26.000000	13616.995647	43233.258216	-4921.787074	-32318.946102	22066.893824	-32385.062562	-17284.067545	-19116.620018	-0.004000	0.870000	0.456000	192.000000	0.000000	0.000000	0.000000	0.000000	0.000000	0.000000	0.000000	0.000000	0.000000	1790355206.167134	0.000000
27.000000	13630.876080	43258.470983	-4896.239030	-32301.936424	22099.706185	-32379.720495	-17254.026801	-19105.265332	-0.004000	0.870000	0.456000	192.000000	0.000000	0.000000	0.000000	0.000000	0.000000	0.000000	0.000000	0.000000	0.000000	1790355206.167153	0.000000
28.000000	13626.718655	43264.081271	-4893.378007	-32299.410677	22079.455504	-32377.239451	-17262.408705	-19110.696806	-0.004000	0.870000	0.456000	192.000000	0.000000	0.000000	0.000000	0.000000	0.000000	0.000000	0.000000	0.000000	0.000000	1790355206.167170	0.000000
29.000000	13616.995647	43257.956893	-4885.934876	-32292.951023	22099.370909	-32372.947916	-17237.195937	-19085.461686	-0.004000	0.870000	0.456000	192.000000	0.000000	0.000000	0.000000	0.000000	0.000000	0.000000	0.000000	0.000000	0.000000	1790355206.167185	0.000000
30.000000	13598.376643	43232.699422	-4898.764777	-32312.687613	22092.352461	-32388.929413	-17230.378655	-19083.740602	-0.002000	0.868000	0.458000	192.000000	255.000000	240.000000	27.000000	32.000000	14.000000	80.000000	0.000000	0.000000	0.000000	1790355206.167379	0.000000
31.000000	13595.470917	43244.992881	-4906.029094	-32318.655529	22074.068734	-32365.370675	-17240.951030	-19085.752259	-0.002000	0.868000	0.458000	192.000000	0.000000	0.000000	0.000000	0.000000	0.000000	0.000000	0.000000	0.000000	0.000000	1790355206.167409	0.000000
32.000000	13595.023882	43261.332007	-4889.824079	-32306.920863	22050.778216	-32369.103416	-17254.429132	-19085.171114	-0.002000	0.868000	0.458000	192.000000	0.000000	0.000000	0.000000	0.000000	0.000000	0.000000	0.000000	0.000000	0.000000	1790355206.167433	0.000000
33.000000	13581.858704	43250.759631	-4886.851297	-32297.980165	22057.684905	-32362.844928	-17253.624469	-19092.793058	-0.002000	0.868000	0.458000	192.000000	0.000000	0.000000	0.000000	0.000000	0.000000	0.000000	0.000000	0.000000	0.000000	1790355206.167453	0.000000
34.000000	13564.401992	43235.113410	-4915.126254	-32312.106468	22058.154292	-32367.605849	-17245.846062	-19090.624939	-0.002000	0.868000	0.458000	192.000000	0.000000	0.000000	0.000000	0.000000	0.000000	0.000000	0.000000	0.000000	0.000000	1790355206.167467	0.000000
35.000000	13567.575940	43247.540980	-4910.544146	-32316.733279	22060.568280	-32367.069407	-17250.182301	-19096.302282	-0.002000	0.868000	0.458000	192.000000	0.000000	0.000000	0.000000	0.000000	0.000000	0.000000	0.000000	0.000000	0.000000	1790355206.167482	0.000000
36.000000	13566.480704	43256.347568	-4897.647190	-32309.938349	22044.229155	-32370.757445	-17268.555435	-19098.850381	-0.002000	0.868000	0.458000	192.000000	0.000000	0.000000	0.000000	0.000000	0.000000	0.000000	0.000000	0.000000	0.000000	1790355206.167498	0.000000
37.000000	13568.179437	43252.033681	-4891.656922	-32290.648793	22023.687902	-32360.497994	-17275.596234	-19089.864980	-0.002000	0.868000	0.458000	192.000000	0.000000	0.000000	0.000000	0.000000	0.000000	0.000000	0.000000	0.000000	0.000000	1790355206.167514	0.000000
38.000000	13567.084201	43248.770326	-4881.732748	-32290.447627	22049.906498	-32352.920753	-17253.110379	-19077.973852	-0.002000	0.868000	0.458000	192.000000	0.000000	0.000000	0.000000	0.000000	0.000000	0.000000	0.000000	0.000000	0.000000	1790355206.167527	0.000000
39.000000	13563.999660	43247.473925	-4896.261382	-32308.150209	22051.649934	-32375.026628	-17262.900443	-19101.487887	-0.002000	0.868000	0.458000	192.000000	0.000000	0.000000	0.000000	0.000000	0.000000	0.000000	0.000000	0.000000	0.000000	1790355206.167539	0.000000
40.000000	13554.723687	43254.157097	-4900.977600	-32309.401907	22018.167021	-32380.949841	-17285.453354	-19100.817335	-0.002000	0.868000	0.458000	192.000000	0.000000	0.000000	27.000000	0.000000	14.000000	96.000000	0.000000	0.000000	0.000000	1790355206.167558	0.000000
41.000000	13548.241681	43248.904437	-4888.102995	-32299.209511	22015.663626	-32360.408588	-17289.990758	-19091.787230	-0.002000	0.868000	0.458000	192.000000	0.000000	0.000000	0.000000	0.000000	0.000000	0.000000	0.000000	0.000000	0.000000	1790355206.167573	0.000000
42.000000	13535.165910	43227.804390	-4894.070911	-32300.192988	22025.006655	-32358.620448	-17269.829484	-19084.008823	-0.002000	0.868000	0.458000	192.000000	0.000000	0.000000	0.000000	0.000000	0.000000	0.000000	0.000000	0.000000	0.000000	1790355206.167590	0.000000
43.000000	13545.246547	43226.575044	-4893.400358	-32304.238654	22023.129108	-32367.359980	-17271.662327	-19082.041869	-0.002000	0.868000	0.458000	192.000000	0.000000	0.000000	0.000000	0.000000	0.000000	0.000000	0.000000	0.000000	0.000000	1790355206.167629	0.000000
44.000000	13544.352477	43237.214474	-4883.431480	-32291.386401	22011.483849	-32359.983904	-17285.431002	-19084.411154	-0.002000	0.868000	0.458000	192.000000	0.000000	0.000000	0.000000	0.000000	0.000000	0.000000	0.000000	0.000000	0.000000	1790355206.167651	0.000000
45.000000	13535.948221	43233.548788	-4883.565591	-32292.816912	21978.783247	-32355.737073	-17302.619493	-19093.441259	-0.002000	0.868000	0.458000	192.000000	0.000000	0.000000	0.000000	0.000000	0.000000	0.000000	0.000000	0.000000	0.000000	1790355206.167666	0.000000
46.000000	13525.398198	43215.399172	-4897.043693	-32299.656546	21993.066012	-32363.381370	-17285.878037	-19087.294529	-0.002000	0.868000	0.458000	192.000000	0.000000	0.000000	0.000000	0.000000	0.000000	0.000000	0.000000	0.000000	0.000000	1790355206.168350	0.000000
47.000000	13509.483756	43209.252442	-4904.397417	-32318.208494	21999.011576	-32372.567936	-17282.748792	-19096.816372	-0.002000	0.868000	0.458000	192.000000	0.000000	0.000000	0.000000	0.000000	0.000000	0.000000	0.000000	0.000000	0.000000	1790355206.168375	0.000000
48.000000	13514.959933	43225.166884	-4898.138928	-32308.083154	21989.668547	-32354.150099	-17303.155935	-19105.287684	-0.002000	0.868000	0.458000	192.000000	0.000000	0.000000	0.000000	0.000000	0.000000	0.000000	0.000000	0.000000	0.000000	1790355206.168395	0.000000
49.000000	13513.395311	43223.311689	-4877.731786	-32296.080267	21962.801750	-32362.688465	-17306.687511	-19094.894122	-0.002000	0.868000	0.458000	192.000000	0.000000	0.000000	0.000000	0.000000	0.000000	0.000000	0.000000	0.000000	0.000000	1790355206.168417	0.000000
50.000000	13511.853041	43208.805407	-4861.124439	-32299.880064	21997.156381	-32349.299771	-17269.538912	-19072.587082	0.002000	0.868000	0.460000	192.000000	0.000000	16.000000	27.000000	32.000000	14.000000	96.000000	0.000000	0.000000	0.000000	1790355206.168437	0.000000
51.000000	13497.525572	43199.015343	-4881.755100	-32320.734241	21994.518875	-32362.621410	-17275.260958	-19085.998128	0.002000	0.868000	0.460000	192.000000	0.000000	0.000000	0.000000	0.000000	0.000000	0.000000	0.000000	0.000000	0.000000	1790355206.168457	0.000000
52.000000	13503.448785	43210.593547	-4879.519925	-32284.077380	21986.539303	-32369.863375	-17294.729328	-19095.497620	0.002000	0.868000	0.460000	192.000000	0.000000	0.000000	0.000000	0.000000	0.000000	0.000000	0.000000	0.000000	0.000000	1790355206.168483	0.000000
53.000000	13490.238904	43207.665468	-4886.314855	-32302.361107	21962.511177	-32367.382332	-17313.594200	-19095.139992	0.002000	0.868000	0.460000	192.000000	0.000000	0.000000	0.000000	0.000000	0.000000	0.000000	0.000000	0.000000	0.000000	1790355206.168504	0.000000
54.000000	13478.459534	43190.409921	-4880.436347	-32294.783866	21960.655983	-32350.573820	-17303.401804	-19086.087535	0.002000	0.868000	0.460000	192.000000	0.000000	0.000000	0.000000	0.000000	0.000000	0.000000	0.000000	0.000000	0.000000	1790355206.168520	0.000000
55.000000	13468.088325	43175.635418	-4883.789108	-32304.462171	21996.485829	-32346.505802	-17293.209409	-19074.822256	0.002000	0.868000	0.460000	192.000000	0.000000	0.000000	0.000000	0.000000	0.000000	0.000000	0.000000	0.000000	0.000000	1790355206.168535	0.000000
56.000000	13465.473171	43188.308857	-4903.123367	-32318.052032	21980.347869	-32357.435805	-17312.767185	-19087.518047	0.002000	0.868000	0.460000	192.000000	0.000000	0.000000	0.000000	0.000000	0.000000	0.000000	0.000000	0.000000	0.000000	1790355206.168570	0.000000
57.000000	13471.955177	43205.854977	-4899.860013	-32308.150209	21963.628765	-32352.026683	-17325.105348	-19082.511256	0.002000	0.868000	0.460000	192.000000	0.000000	0.000000	0.000000	0.000000	0.000000	0.000000	0.000000	0.000000	0.000000	1790355206.168604	0.000000
58.000000	13466.590758	43209.699477	-4884.012626	-32306.451476	21961.080666	-32362.174375	-17318.265714	-19080.209026	0.002000	0.868000	0.460000	192.000000	0.000000	0.000000	0.000000	0.000000	0.000000	0.000000	0.000000	0.000000	0.000000	1790355206.168620	0.000000
59.000000	13485.321520	43227.558521	-4867.338224	-32306.473828	21968.657907	-32350.283247	-17298.260903	-19075.828084	0.002000	0.868000	0.460000	192.000000	0.000000	0.000000	0.000000	0.000000	0.000000	0.000000	0.000000	0.000000	0.000000	1790355206.168640	0.000000
60.000000	13482.214628	43235.493390	-4877.508268	-32302.606976	21968.926128	-32357.145233	-17304.228819	-19090.490829	0.002000	0.868000	0.460000	192.000000	0.000000	0.000000	27.000000	64.000000	14.000000	48.000000	0.000000	0.000000	0.000000	1790355206.168657	0.000000
61.000000	13453.135008	43228.966681	-4899.256515	-32333.161811	21940.271192	-32376.770064	-17349.938136	-19118.877544	0.002000	0.868000	0.460000	192.000000	0.000000	0.000000	0.000000	0.000000	0.000000	0.000000	0.000000	0.000000	0.000000	1790355206.168836	0.000000
62.000000	13464.668508	43246.803373	-4874.066099	-32304.909206	21932.626895	-32351.199669	-17347.904128	-19096.346986	0.002000	0.868000	0.460000	192.000000	0.000000	0.000000	0.000000	0.000000	0.000000	0.000000	0.000000	0.000000	0.000000	1790355206.168889	0.000000
63.000000	13468.669470	43246.557504	-4864.164277	-32304.126895	21960.655983	-32338.325064	-17322.959581	-19081.483076	0.002000	0.868000	0.460000	192.000000	0.000000	0.000000	0.000000	0.000000	0.000000	0.000000	0.000000	0.000000	0.000000	1790355206.168906	0.000000
64.000000	13446.965927	43225.658622	-4886.113690	-32328.087965	21952.296430	-32360.252125	-17327.720502	-19095.519971	0.002000	0.868000	0.460000	192.000000	0.000000	0.000000	0.000000	0.000000	0.000000	0.000000	0.000000	0.000000	0.000000	1790355206.168923	0.000000
65.000000	13447.859996	43239.628463	-4882.693873	-32324.556389	21944.316857	-32361.906154	-17339.410465	-19097.330463	0.002000	0.868000	0.460000	192.000000	0.000000	0.000000	0.000000	0.000000	0.000000	0.000000	0.000000	0.000000	0.000000	1790355206.168954	0.000000
66.000000	13447.949403	43251.944274	-4876.189515	-32304.909206	21923.820308	-32354.172451	-17362.902148	-19095.028233	0.002000	0.868000	0.460000	192.000000	0.000000	0.000000	0.000000	0.000000	0.000000	0.000000	0.000000	0.000000	0.000000	1790355206.168968	0.000000
67.000000	13455.504293	43252.324254	-4865.058346	-32292.347526	21951.961154	-32343.845945	-17346.831244	-19077.348003	0.002000	0.868000	0.460000	192.000000	0.000000	0.000000	0.000000	0.000000	0.000000	0.000000	0.000000	0.000000	0.000000	1790355206.168982	0.000000
68.000000	13440.640383	43246.557504	-4885.130213	-32312.911131	21949.614221	-32358.709855	-17348.507625	-19093.485963	0.002000	0.868000	0.460000	192.000000	0.000000	0.000000	0.000000	0.000000	0.000000	0.000000	0.000000	0.000000	0.000000	1790355206.168996	0.000000
69.000000	13422.356656	43246.021062	-4894.048559	-32336.939256	21904.240180	-32375.831291	-17385.119782	-19114.206030	-0.004000	0.872000	0.452000	192.000000	255.000000	224.000000	27.000000	64.000000	14.000000	32.000000	0.000000	0.000000	0.000000	1790355206.169012	0.000000
70.000000	13415.315856	43238.890855	-4884.996102	-32339.196782	21899.143982	-32364.230736	-17370.568796	-19086.981605	-0.004000	0.872000	0.452000	192.000000	0.000000	0.000000	0.000000	0.000000	0.000000	0.000000	0.000000	0.000000	0.000000	1790355206.345063	0.000000
71.000000	13419.942667	43235.895721	-4875.340149	-32318.074384	21950.843567	-32348.562163	-17330.961505	-19076.185712	-0.004000	0.872000	0.452000	192.000000	0.000000	0.000000	0.000000	0.000000	0.000000	0.000000	0.000000	0.000000	0.000000	1790355206.345091	0.000000
72.000000	13417.483976	43235.493390	-4881.755100	-32323.327043	21956.140930	-32347.086948	-17332.257906	-19078.197369	-0.004000	0.872000	0.452000	192.000000	0.000000	0.000000	0.000000	0.000000	0.000000	0.000000	0.000000	0.000000	0.000000	1790355206.345103	0.000000
73.000000	13421.060255	43256.615789	-4856.631739	-32304.462171	21954.665715	-32332.044224	-17339.142244	-19062.908776	-0.004000	0.872000	0.452000	192.000000	0.000000	0.000000	0.000000	0.000000	0.000000	0.000000	0.000000	0.000000	0.000000	1790355206.345115	0.000000
74.000000	13421.261420	43256.548733	-4849.099201	-32298.740125	21945.412093	-32332.491259	-17339.186947	-19063.109942	-0.004000	0.872000	0.452000	192.000000	0.000000	0.000000	0.000000	0.000000	0.000000	0.000000	0.000000	0.000000	0.000000	1790355206.345126	0.000000
75.000000	13404.095281	43236.253349	-4859.984500	-32304.953910	21927.284828	-32345.030587	-17341.243308	-19065.345116	-0.004000	0.872000	0.452000	192.000000	0.000000	0.000000	0.000000	0.000000	0.000000	0.000000	0.000000	0.000000	0.000000	1790355206.345138	0.000000
76.000000	13393.411147	43228.921977	-4865.527733	-32288.748895	21938.594811	-32359.134538	-17344.350200	-19074.554035	-0.004000	0.872000	0.452000	192.000000	0.000000	0.000000	0.000000	0.000000	0.000000	0.000000	0.000000	0.000000	0.000000	1790355206.345150	0.000000
77.000000	13386.772679	43235.940425	-4866.868838	-32307.077325	21942.484014	-32346.774023	-17360.666974	-19091.898989	-0.004000	0.872000	0.452000	192.000000	0.000000	0.000000	0.000000	0.000000	0.000000	0.000000	0.000000	0.000000	0.000000	1790355206.345243	0.000000
78.000000	13380.022452	43237.683861	-4868.209942	-32315.481581	21904.620159	-32354.150099	-17377.810762	-19101.063204	-0.004000	0.872000	0.452000	192.000000	0.000000	0.000000	0.000000	0.000000	0.000000	0.000000	0.000000	0.000000	0.000000	1790355206.345254	0.000000
79.000000	13377.630815	43225.122181	-4866.690024	-32304.640985	21905.782450	-32329.496125	-17361.248119	-19078.040907	-0.004000	0.872000	0.460000	192.000000	255.000000	224.000000	27.000000	64.000000	14.000000	96.000000	0.000000	0.000000	0.000000	1790355206.345266	0.000000
80.000000	13389.767812	43231.403021	-4862.733765	-32293.241595	21934.750311	-32334.368805	-17340.885680	-19065.054544	-0.004000	0.872000	0.460000	192.000000	0.000000	0.000000	0.000000	0.000000	0.000000	0.000000	0.000000	0.000000	0.000000	1790355206.345279	0.000000
81.000000	13379.620120	43218.573119	-4882.425652	-32318.588474	21924.870840	-32358.039303	-17365.338488	-19089.127372	-0.004000	0.872000	0.460000	192.000000	0.000000	0.000000	0.000000	0.000000	0.000000	0.000000	0.000000	0.000000	0.000000	1790355206.345290	0.000000
82.000000	13362.252815	43208.447779	-4875.183687	-32330.121974	21904.687214	-32344.538849	-17389.411317	-19100.772631	-0.004000	0.872000	0.460000	192.000000	0.000000	0.000000	0.000000	0.000000	0.000000	0.000000	0.000000	0.000000	0.000000	1790355206.345301	0.000000
83.000000	13344.416123	43193.941497	-4880.883381	-32326.232770	21887.454019	-32351.356131	-17394.149887	-19104.035986	-0.004000	0.872000	0.460000	192.000000	0.000000	0.000000	0.000000	0.000000	0.000000	0.000000	0.000000	0.000000	0.000000	1790355206.345312	0.000000
84.000000	13344.349068	43192.578041	-4872.501477	-32334.145288	21894.561874	-32352.652532	-17371.395811	-19092.010747	-0.004000	0.872000	0.460000	192.000000	0.000000	0.000000	0.000000	0.000000	0.000000	0.000000	0.000000	0.000000	0.000000	1790355206.345323	0.000000
85.000000	13333.396713	43193.785035	-4882.157431	-32335.575799	21900.127459	-32359.648628	-17374.994442	-19099.252713	-0.004000	0.872000	0.460000	192.000000	0.000000	0.000000	0.000000	0.000000	0.000000	0.000000	0.000000	0.000000	0.000000	1790355206.345335	0.000000
86.000000	13331.943850	43190.789901	-4890.673446	-32317.180314	21876.211092	-32366.868242	-17393.725204	-19103.253675	-0.004000	0.872000	0.460000	192.000000	0.000000	0.000000	0.000000	0.000000	0.000000	0.000000	0.000000	0.000000	0.000000	1790355206.345346	0.000000
87.000000	13308.519221	43170.919200	-4901.357579	-32335.508744	21857.525034	-32356.072349	-17406.711567	-19101.823163	-0.004000	0.872000	0.460000	192.000000	0.000000	0.000000	0.000000	0.000000	0.000000	0.000000	0.000000	0.000000	0.000000	1790355206.345357	0.000000
88.000000	13335.095446	43175.411901	-4874.379024	-32322.723546	21880.033240	-32343.443613	-17383.733974	-19090.312015	-0.004000	0.872000	0.460000	192.000000	0.000000	0.000000	0.000000	0.000000	0.000000	0.000000	0.000000	0.000000	0.000000	1790355206.345368	0.000000
89.000000	13330.558041	43176.373026	-4877.329454	-32371.338591	21893.533694	-32356.653494	-17388.606654	-19104.058338	-0.006000	0.872000	0.456000	192.000000	255.000000	208.000000	27.000000	64.000000	14.000000	64.000000	0.000000	0.000000	0.000000	1790355206.345380	0.000000
90.000000	13342.337411	43213.074590	-4857.414050	-32328.490296	21882.536636	-32343.689483	-17396.899151	-19082.533608	-0.006000	0.872000	0.456000	192.000000	0.000000	0.000000	0.000000	0.000000	0.000000	0.000000	0.000000	0.000000	0.000000	1790355206.345392	0.000000
91.000000	13325.305381	43209.878291	-4870.847448	-32280.434046	21877.552197	-32332.737128	-17395.401585	-19049.967116	-0.006000	0.872000	0.456000	192.000000	0.000000	0.000000	0.000000	0.000000	0.000000	0.000000	0.000000	0.000000	0.000000	1790355206.345403	0.000000
92.000000	13342.359762	43221.411791	-4853.055460	-32282.624517	21906.989444	-32312.821724	-17365.003212	-19049.028343	-0.006000	0.872000	0.456000	192.000000	0.000000	0.000000	0.000000	0.000000	0.000000	0.000000	0.000000	0.000000	0.000000	1790355206.345441	0.000000
93.000000	13346.807760	43229.570178	-4845.545273	-32296.996688	21917.092433	-32334.368805	-17359.281166	-19065.501579	-0.006000	0.872000	0.456000	192.000000	0.000000	0.000000	0.000000	0.000000	0.000000	0.000000	0.000000	0.000000	0.000000	1790355206.345452	0.000000
94.000000	13328.322867	43229.480771	-4860.945625	-32303.031659	21897.981691	-32327.126840	-17383.353994	-19073.279986	-0.006000	0.872000	0.456000	192.000000	0.000000	0.000000	0.000000	0.000000	0.000000	0.000000	0.000000	0.000000	0.000000	1790355206.345463	0.000000
95.000000	13329.708675	43241.640120	-4850.149733	-32295.521473	21894.852447	-32305.244482	-17378.593073	-19052.828139	-0.006000	0.872000	0.456000	192.000000	0.000000	0.000000	0.000000	0.000000	0.000000	0.000000	0.000000	0.000000	0.000000	1790355206.345474	0.000000
96.000000	13303.154803	43212.336983	-4869.975730	-32315.079250	21890.046822	-32329.540828	-17378.861294	-19065.456875	-0.006000	0.872000	0.456000	192.000000	0.000000	0.000000	0.000000	0.000000	0.000000	0.000000	0.000000	0.000000	0.000000	1790355206.345486	0.000000
97.000000	13329.328695	43227.737335	-4837.208073	-32278.467092	21913.314988	-32317.962625	-17361.024602	-19057.209081	-0.006000	0.872000	0.456000	192.000000	0.000000	0.000000	0.000000	0.000000	0.000000	0.000000	0.000000	0.000000	0.000000	1790355206.345497	0.000000
98.000000	13335.408370	43233.839361	-4844.450038	-32291.788732	21892.281996	-32332.401852	-17372.759267	-19064.160474	-0.006000	0.872000	0.456000	192.000000	0.000000	0.000000	0.000000	0.000000	0.000000	0.000000	0.000000	0.000000	0.000000	1790355206.345508	0.000000
99.000000	13327.093521	43225.703326	-4849.814457	-32297.421372	21864.051743	-32330.278436	-17386.393832	-19065.501579	0.002000	0.876000	0.448000	192.000000	0.000000	16.000000	27.000000	96.000000	14.000000	0.000000	0.000000	0.000000	0.000000	1790355206.345520	0.000000
100.000000	13310.799099	43202.792788	-4856.385870	-32308.194912	21877.999232	-32327.797392	-17380.180047	-19066.686221	0.002000	0.876000	0.448000	192.000000	0.000000	0.000000	0.000000	0.000000	0.000000	0.000000	0.000000	0.000000	0.000000	1790355206.345532	0.000000
101.000000	13299.131489	43187.906526	-4877.865896	-32338.101547	21899.591017	-32335.084061	-17380.045936	-19080.589006	0.002000	0.876000	0.448000	192.000000	0.000000	0.000000	0.000000	0.000000	0.000000	0.000000	0.000000	0.000000	0.000000	1790355206.345543	0.000000
102.000000	13317.683437	43208.581890	-4880.257533	-32349.903268	21889.242159	-32339.196782	-17391.914712	-19084.969948	0.002000	0.876000	0.448000	192.000000	0.000000	0.000000	0.000000	0.000000	0.000000	0.000000	0.000000	0.000000	0.000000	1790355206.345554	0.000000
103.000000	13346.740704	43254.760594	-4832.156579	-32296.527302	21887.230502	-32293.621575	-17380.090640	-19051.487035	0.002000	0.876000	0.448000	192.000000	0.000000	0.000000	0.000000	0.000000	0.000000	0.000000	0.000000	0.000000	0.000000	1790355206.345565	0.000000
104.000000	13304.451204	43208.894814	-4841.097276	-32284.457360	21882.111953	-32322.008291	-17395.401585	-19059.757180	0.002000	0.876000	0.448000	192.000000	0.000000	0.000000	0.000000	0.000000	0.000000	0.000000	0.000000	0.000000	0.000000	1790355206.345576	0.000000
105.000000	13279.014919	43183.436177	-4860.610349	-32303.098715	21875.384077	-32322.678843	-17410.913695	-19078.532646	0.002000	0.876000	0.448000	192.000000	0.000000	0.000000	0.000000	0.000000	0.000000	0.000000	0.000000	0.000000	0.000000	1790355206.345587	0.000000
106.000000	13273.203465	43189.024113	-4876.167163	-32308.954872	21882.871912	-32315.258064	-17413.774718	-19066.283890	0.002000	0.876000	0.448000	192.000000	0.000000	0.000000	0.000000	0.000000	0.000000	0.000000	0.000000	0.000000	0.000000	1790355206.345599	0.000000
107.000000	13292.224800	43198.814177	-4861.862047	-32311.905302	21860.251946	-32319.996634	-17429.130367	-19066.842683	0.002000	0.876000	0.448000	192.000000	0.000000	0.000000	0.000000	0.000000	0.000000	0.000000	0.000000	0.000000	0.000000	1790355206.345635	0.000000
108.000000	13283.597026	43195.997858	-4849.389774	-32293.621575	21846.975010	-32320.197799	-17438.093416	-19067.803808	0.002000	0.876000	0.448000	192.000000	0.000000	0.000000	0.000000	0.000000	0.000000	0.000000	0.000000	0.000000	0.000000	1790355206.345646	0.000000
109.000000	13263.972195	43186.386607	-4856.408221	-32320.063689	21858.016772	-32327.171543	-17425.017646	-19073.436448	-0.006000	0.872000	0.454000	192.000000	255.000000	208.000000	27.000000	64.000000	14.000000	48.000000	0.000000	0.000000	0.000000	1790355206.345658	0.000000
110.000000	13258.294852	43199.328267	-4864.611312	-32345.410567	21850.663048	-32328.244427	-17416.300466	-19085.394631	-0.006000	0.872000	0.454000	192.000000	0.000000	0.000000	0.000000	0.000000	0.000000	0.000000	0.000000	0.000000	0.000000	1790355206.345670	0.000000
111.000000	13283.619378	43245.194047	-4838.303308	-32277.148339	21842.214089	-32301.131761	-17409.214963	-19058.460779	-0.006000	0.872000	0.454000	192.000000	0.000000	0.000000	0.000000	0.000000	0.000000	0.000000	0.000000	0.000000	0.000000	1790355206.345682	0.000000
112.000000	13268.666061	43225.949195	-4846.640509	-32296.728468	21836.290876	-32321.784773	-17416.278114	-19067.222663	-0.006000	0.872000	0.454000	192.000000	0.000000	0.000000	0.000000	0.000000	0.000000	0.000000	0.000000	0.000000	0.000000	1790355206.811082	0.000000
113.000000	13250.091761	43197.227204	-4868.701681	-32317.604997	21840.627115	-32349.143308	-17427.185765	-19077.012727	-0.006000	0.872000	0.454000	192.000000	0.000000	0.000000	0.000000	0.000000	0.000000	0.000000	0.000000	0.000000	0.000000	1790355206.811119	0.000000
114.000000	13232.702104	43192.488634	-4898.965943	-32364.186032	21839.062493	-32328.646759	-17438.853376	-19089.261483	-0.006000	0.872000	0.454000	192.000000	0.000000	0.000000	0.000000	0.000000	0.000000	0.000000	0.000000	0.000000	0.000000	1790355206.811132	0.000000
115.000000	13228.902308	43207.665468	-4886.516021	-32348.271590	21813.849725	-32321.673014	-17465.474303	-19092.144858	-0.006000	0.872000	0.454000	192.000000	0.000000	0.000000	0.000000	0.000000	0.000000	0.000000	0.000000	0.000000	0.000000	1790355206.811144	0.000000
116.000000	13250.427038	43237.728564	-4835.375230	-32297.689593	21815.727272	-32276.231918	-17443.346076	-19042.591040	-0.006000	0.872000	0.454000	192.000000	0.000000	0.000000	0.000000	0.000000	0.000000	0.000000	0.000000	0.000000	0.000000	1790355206.811155	0.000000
117.000000	13242.268651	43216.337945	-4850.909692	-32289.173578	21832.446376	-32302.338755	-17445.581251	-19061.768837	-0.006000	0.872000	0.454000	192.000000	0.000000	0.000000	0.000000	0.000000	0.000000	0.000000	0.000000	0.000000	0.000000	1790355206.811167	0.000000
118.000000	13247.677773	43212.269928	-4847.467524	-32320.421317	21853.389961	-32318.700232	-17445.223623	-19078.867922	-0.006000	0.872000	0.454000	192.000000	0.000000	0.000000	0.000000	0.000000	0.000000	0.000000	0.000000	0.000000	0.000000	1790355206.811181	0.000000
119.000000	13234.311430	43220.651832	-4865.058346	-32339.822631	21829.898278	-32325.249293	-17468.514141	-19098.872733	-0.004000	0.868000	0.458000	192.000000	255.000000	224.000000	27.000000	32.000000	14.000000	80.000000	0.000000	0.000000	0.000000	1790355206.811195	0.000000
120.000000	13229.170529	43221.992936	-4857.123477	-32302.115238	21806.004263	-32317.649700	-17482.036946	-19091.384899	-0.004000	0.868000	0.458000	192.000000	0.000000	0.000000	0.000000	0.000000	0.000000	0.000000	0.000000	0.000000	0.000000	1790355206.811210	0.000000
121.000000	13228.522328	43206.704343	-4869.573399	-32304.797447	21818.253019	-32308.373726	-17456.108922	-19070.597776	-0.004000	0.868000	0.458000	192.000000	0.000000	0.000000	0.000000	0.000000	0.000000	0.000000	0.000000	0.000000	0.000000	1790355206.811223	0.000000
122.000000	13216.430034	43201.921070	-4844.517093	-32295.342659	21837.564926	-32314.743974	-17443.010800	-19067.803808	-0.004000	0.868000	0.458000	192.000000	0.000000	0.000000	0.000000	0.000000	0.000000	0.000000	0.000000	0.000000	0.000000	1790355206.811235	0.000000
123.000000	13209.389235	43214.438047	-4870.713338	-32325.741032	21822.812775	-32328.982035	-17464.021440	-19084.724079	-0.004000	0.868000	0.458000	192.000000	0.000000	0.000000	0.000000	0.000000	0.000000	0.000000	0.000000	0.000000	0.000000	1790355206.811596	0.000000
124.000000	13206.148232	43220.875349	-4868.589922	-32348.137480	21794.068431	-32310.698308	-17491.715251	-19094.022404	-0.004000	0.868000	0.458000	192.000000	0.000000	0.000000	0.000000	0.000000	0.000000	0.000000	0.000000	0.000000	0.000000	1790355206.811612	0.000000
125.000000	13172.687670	43199.283564	-4870.489820	-32315.950968	21789.911007	-32297.399020	-17501.058281	-19093.843590	-0.004000	0.868000	0.458000	192.000000	0.000000	0.000000	0.000000	0.000000	0.000000	0.000000	0.000000	0.000000	0.000000	1790355206.811625	0.000000
126.000000	13188.423298	43191.795730	-4902.408111	-32350.372654	21804.886675	-32300.371802	-17487.960158	-19089.149724	-0.004000	0.868000	0.458000	192.000000	0.000000	0.000000	0.000000	0.000000	0.000000	0.000000	0.000000	0.000000	0.000000	1790355206.811638	0.000000
127.000000	13189.987921	43211.889948	-4836.850445	-32352.406663	21806.048966	-32294.001555	-17490.530609	-19078.800866	-0.004000	0.868000	0.458000	192.000000	0.000000	0.000000	0.000000	0.000000	0.000000	0.000000	0.000000	0.000000	0.000000	1790355206.811650	0.000000
128.000000	13189.764403	43217.455532	-4846.595805	-32321.315386	21789.240454	-32286.491369	-17500.208914	-19070.508369	-0.004000	0.868000	0.458000	192.000000	0.000000	0.000000	0.000000	0.000000	0.000000	0.000000	0.000000	0.000000	0.000000	1790355206.811665	0.000000
129.000000	13164.819856	43196.131968	-4866.444155	-32340.068500	21775.248262	-32298.136627	-17495.917379	-19081.796000	-0.006000	0.868000	0.456000	192.000000	255.000000	208.000000	27.000000	32.000000	14.000000	64.000000	0.000000	0.000000	0.000000	1790355206.811678	0.000000
130.000000	13170.161923	43196.556651	-4854.396564	-32283.116255	21808.775879	-32326.255122	-17482.014594	-19094.558846	-0.006000	0.868000	0.456000	192.000000	0.000000	0.000000	0.000000	0.000000	0.000000	0.000000	0.000000	0.000000	0.000000	1790355206.811692	0.000000
131.000000	13178.722641	43208.134855	-4850.082678	-32331.664244	21824.667969	-32315.638043	-17495.492696	-19099.990320	-0.006000	0.868000	0.456000	192.000000	0.000000	0.000000	0.000000	0.000000	0.000000	0.000000	0.000000	0.000000	0.000000	1790355206.811704	0.000000
132.000000	13186.098717	43241.573065	-4832.581262	-32336.402814	21821.516373	-32276.902470	-17505.930961	-19092.748355	-0.006000	0.868000	0.456000	192.000000	0.000000	0.000000	0.000000	0.000000	0.000000	0.000000	0.000000	0.000000	0.000000	1790355206.811717	0.000000
133.000000	13151.744086	43217.522587	-4847.802800	-32318.543770	21802.852667	-32285.954927	-17511.943580	-19075.895140	-0.006000	0.868000	0.456000	192.000000	0.000000	0.000000	0.000000	0.000000	0.000000	0.000000	0.000000	0.000000	0.000000	1790355206.811731	0.000000
134.000000	13166.473885	43188.130044	-4853.703660	-32383.073256	21811.882771	-32268.453511	-17496.342063	-19074.621090	-0.006000	0.868000	0.456000	192.000000	0.000000	0.000000	0.000000	0.000000	0.000000	0.000000	0.000000	0.000000	0.000000	1790355206.811741	0.000000
135.000000	13138.757722	43193.516814	-4881.956265	-32472.212013	21784.412478	-32307.904340	-17519.498470	-19105.913532	-0.006000	0.868000	0.456000	192.000000	0.000000	0.000000	0.000000	0.000000	0.000000	0.000000	0.000000	0.000000	0.000000	1790355206.811759	0.000000
136.000000	13148.950118	43219.757762	-4838.504474	-32217.268016	21817.046024	-32278.355334	-17496.386766	-19056.404419	-0.006000	0.868000	0.456000	192.000000	0.000000	0.000000	0.000000	0.000000	0.000000	0.000000	0.000000	0.000000	0.000000	1790355206.811773	0.000000
137.000000	13175.861618	43224.228111	-4809.961296	-32274.510834	21832.736949	-32262.977333	-17474.794981	-19043.708628	-0.006000	0.868000	0.456000	192.000000	0.000000	0.000000	0.000000	0.000000	0.000000	0.000000	0.000000	0.000000	0.000000	1790355206.811788	0.000000
138.000000	13138.936536	43182.497404	-4821.003058	-32347.511631	21819.191792	-32293.979203	-17490.843533	-19073.816427	-0.006000	0.868000	0.456000	192.000000	0.000000	0.000000	0.000000	0.000000	0.000000	0.000000	0.000000	0.000000	0.000000	1790355206.811881	0.000000
139.000000	13137.461321	43193.606221	-4824.735799	-32336.939256	21827.372530	-32280.814025	-17491.558789	-19076.744506	0.002000	0.866000	0.458000	192.000000	0.000000	16.000000	27.000000	16.000000	14.000000	80.000000	0.000000	0.000000	0.000000	1790355206.811895	0.000000
140.000000	13120.071664	43196.154320	-4825.763980	-32300.170636	21827.663103	-32276.388380	-17502.689958	-19075.783381	0.002000	0.866000	0.458000	192.000000	0.000000	0.000000	0.000000	0.000000	0.000000	0.000000	0.000000	0.000000	0.000000	1790355206.811912	0.000000
141.000000	13120.094016	43205.698515	-4869.931027	-32328.065613	21803.657330	-32283.071552	-17525.935772	-19088.121544	0.002000	0.866000	0.458000	192.000000	0.000000	0.000000	0.000000	0.000000	0.000000	0.000000	0.000000	0.000000	0.000000	1790355206.811925	0.000000
142.000000	13123.782053	43199.976468	-4798.047817	-32294.068610	21821.762243	-32263.111444	-17507.339121	-19079.225550	0.002000	0.866000	0.458000	192.000000	0.000000	0.000000	0.000000	0.000000	0.000000	0.000000	0.000000	0.000000	0.000000	1790355206.811937	0.000000
143.000000	13106.191231	43214.728619	-4799.388921	-32328.624407	21842.594068	-32271.716866	-17494.240999	-19074.174055	0.002000	0.866000	0.458000	192.000000	0.000000	0.000000	0.000000	0.000000	0.000000	0.000000	0.000000	0.000000	0.000000	1790355206.811951	0.000000
144.000000	13102.838469	43236.700384	-4809.290744	-32283.719752	21822.723368	-32281.261060	-17515.206935	-19079.650233	0.002000	0.866000	0.458000	192.000000	0.000000	0.000000	0.000000	0.000000	0.000000	0.000000	0.000000	0.000000	0.000000	1790355206.811964	0.000000
145.000000	13099.373948	43214.639212	-4836.291651	-32304.618633	21803.254998	-32283.876214	-17528.036836	-19079.359660	0.002000	0.866000	0.458000	192.000000	0.000000	0.000000	0.000000	0.000000	0.000000	0.000000	0.000000	0.000000	0.000000	1790355206.811979	0.000000
146.000000	13079.235027	43172.416767	-4820.645430	-32350.462061	21787.675832	-32291.229938	-17536.485796	-19096.257579	0.002000	0.866000	0.458000	192.000000	0.000000	0.000000	0.000000	0.000000	0.000000	0.000000	0.000000	0.000000	0.000000	1790355206.811993	0.000000
147.000000	13089.896809	43198.098922	-4794.203316	-32278.221223	21810.251094	-32276.164863	-17507.763804	-19075.179884	0.002000	0.866000	0.458000	192.000000	0.000000	0.000000	0.000000	0.000000	0.000000	0.000000	0.000000	0.000000	0.000000	1790355206.812006	0.000000
148.000000	13108.895792	43218.617823	-4792.124604	-32296.080267	21815.704920	-32257.590563	-17518.939676	-19078.420887	0.002000	0.866000	0.458000	192.000000	0.000000	0.000000	0.000000	0.000000	0.000000	0.000000	0.000000	0.000000	0.000000	1790355206.812023	0.000000
149.000000	13094.836544	43206.145550	-4809.558965	-32319.996634	21788.234626	-32274.555537	-17546.544081	-19106.785251	0.004000	0.878000	0.450000	192.000000	0.000000	32.000000	27.000000	112.000000	14.000000	16.000000	0.000000	0.000000	0.000000	1790355206.812037	0.000000
150.000000	13067.187436	43176.618895	-4832.447151	-32352.674884	21774.488303	-32300.774133	-17554.322488	-19134.076730	0.004000	0.878000	0.450000	192.000000	0.000000	0.000000	0.000000	0.000000	0.000000	0.000000	0.000000	0.000000	0.000000	1790355206.812053	0.000000
151.000000	13069.914349	43188.822948	-4807.569660	-32264.161976	21830.367664	-32265.346618	-17505.148650	-19106.293512	0.004000	0.878000	0.450000	192.000000	0.000000	0.000000	0.000000	0.000000	0.000000	0.000000	0.000000	0.000000	0.000000	1790355206.812067	0.000000
152.000000	13067.410954	43203.038657	-4813.314058	-32259.803386	21816.956617	-32277.461264	-17513.977589	-19104.371262	0.004000	0.878000	0.450000	192.000000	0.000000	0.000000	0.000000	0.000000	0.000000	0.000000	0.000000	0.000000	0.000000	1790355206.812084	0.000000
153.000000	13068.975576	43206.324364	-4815.057494	-32288.637136	21788.435792	-32269.414636	-17514.759900	-19093.128335	0.004000	0.878000	0.450000	192.000000	0.000000	0.000000	0.000000	0.000000	0.000000	0.000000	0.000000	0.000000	0.000000	1790355206.812099	0.000000
154.000000	13033.279840	43181.357465	-4854.128343	-32372.724399	21780.903254	-32291.721677	-17534.474139	-19113.937809	0.004000	0.878000	0.450000	192.000000	0.000000	0.000000	0.000000	0.000000	0.000000	0.000000	0.000000	0.000000	0.000000	1790355206.812284	0.000000
155.000000	13008.178831	43165.510078	-4870.713338	-32338.548581	21824.667969	-32306.339718	-17511.407138	-19111.903800	0.004000	0.878000	0.450000	192.000000	0.000000	0.000000	0.000000	0.000000	0.000000	0.000000	0.000000	0.000000	0.000000	1790355206.812296	0.000000
156.000000	13044.768637	43222.775247	-4792.258715	-32310.318328	21863.425894	-32236.468164	-17450.208062	-19040.489976	0.004000	0.878000	0.450000	192.000000	0.000000	0.000000	0.000000	0.000000	0.000000	0.000000	0.000000	0.000000	0.000000	1790355206.812308	0.000000
157.000000	13026.395503	43200.490558	-4807.033218	-32349.165660	21822.365740	-32260.049255	-17481.344042	-19066.194483	0.004000	0.878000	0.450000	192.000000	0.000000	0.000000	0.000000	0.000000	0.000000	0.000000	0.000000	0.000000	0.000000	1790355206.812319	0.000000
158.000000	13040.231233	43199.440026	-4797.399616	-32276.857767	21805.490173	-32262.485595	-17506.959141	-19084.299396	0.004000	0.872000	0.452000	192.000000	0.000000	32.000000	27.000000	64.000000	14.000000	32.000000	0.000000	0.000000	0.000000	1790355206.812330	0.000000
159.000000	12995.617151	43145.818191	-4835.196416	-32305.669165	21816.040196	-32266.374799	-17498.912513	-19089.194428	0.004000	0.872000	0.452000	192.000000	0.000000	0.000000	0.000000	0.000000	0.000000	0.000000	0.000000	0.000000	0.000000	1790355206.812342	0.000000
160.000000	13011.911572	43156.368215	-4853.480143	-32324.019948	21824.243286	-32254.371912	-17489.547132	-19082.511256	0.004000	0.872000	0.452000	192.000000	0.000000	0.000000	0.000000	0.000000	0.000000	0.000000	0.000000	0.000000	0.000000	1790355206.812355	0.000000
161.000000	13018.840613	43154.714186	-4844.628852	-32441.366606	21805.110193	-32270.979258	-17518.537345	-19106.651140	0.004000	0.872000	0.452000	192.000000	0.000000	0.000000	0.000000	0.000000	0.000000	0.000000	0.000000	0.000000	0.000000	1790355206.812395	0.000000
162.000000	13005.608381	43159.519811	-4892.528640	-32373.014971	21785.887693	-32284.882043	-17545.202976	-19123.660818	0.004000	0.872000	0.452000	192.000000	0.000000	0.000000	0.000000	0.000000	0.000000	0.000000	0.000000	0.000000	0.000000	1790355206.812433	0.000000
163.000000	12956.658060	43149.617988	-4865.639492	-32353.345436	21770.621451	-32296.326136	-17549.226290	-19138.658838	0.004000	0.872000	0.452000	192.000000	0.000000	0.000000	0.000000	0.000000	0.000000	0.000000	0.000000	0.000000	0.000000	1790355206.812462	0.000000
164.000000	13024.652067	43186.207793	-4782.356892	-32208.886112	21833.809833	-32280.746970	-17448.889309	-19089.864980	0.004000	0.872000	0.452000	192.000000	0.000000	0.000000	0.000000	0.000000	0.000000	0.000000	0.000000	0.000000	0.000000	1790355206.812498	0.000000
165.000000	12931.892327	43130.797819	-4904.240954	-32429.855458	21752.918870	-32353.948933	-17471.084591	-19157.009620	0.004000	0.872000	0.452000	192.000000	0.000000	0.000000	0.000000	0.000000	0.000000	0.000000	0.000000	0.000000	0.000000	1790355206.812605	0.000000
166.000000	12955.741639	43138.464467	-4950.821990	-32440.494888	21746.481567	-32310.430087	-17463.306184	-19146.638411	0.004000	0.872000	0.452000	192.000000	0.000000	0.000000	0.000000	0.000000	0.000000	0.000000	0.000000	0.000000	0.000000	1790355206.812628	0.000000
167.000000	12999.148726	43166.113575	-4835.174064	-32278.087113	21796.102440	-32271.985086	-17405.191649	-19096.682262	0.004000	0.872000	0.452000	192.000000	0.000000	0.000000	0.000000	0.000000	0.000000	0.000000	0.000000	0.000000	0.000000	1790355206.812644	0.000000
168.000000	12941.168301	43114.704563	-4848.808628	-32249.990970	21775.360021	-32293.599223	-17425.129405	-19128.712312	0.004000	0.872000	0.452000	192.000000	0.000000	0.000000	27.000000	96.000000	14.000000	80.000000	0.000000	0.000000	0.000000	1790355206.812657	0.000000
169.000000	12930.730037	43140.118496	-4931.621841	-32578.069875	21739.507823	-32318.521418	-17455.483074	-19166.352649	0.004000	0.872000	0.452000	192.000000	0.000000	0.000000	0.000000	0.000000	0.000000	0.000000	0.000000	0.000000	0.000000	1790355206.812883	0.000000
170.000000	12967.073973	43187.951230	-4840.717297	-32266.508909	21751.331896	-32309.558369	-17412.835945	-19125.784233	0.004000	0.872000	0.452000	192.000000	0.000000	0.000000	0.000000	0.000000	0.000000	0.000000	0.000000	0.000000	0.000000	1790355206.812896	0.000000
171.000000	12909.428824	43135.871665	-4803.568697	-32201.398277	21766.821655	-32229.181496	-17363.706811	-19093.217742	0.004000	0.872000	0.452000	192.000000	0.000000	0.000000	0.000000	0.000000	0.000000	0.000000	0.000000	0.000000	0.000000	1790355206.812908	0.000000
172.000000	12865.239425	43096.711409	-4911.929955	-32422.904065	21748.560279	-32324.511686	-17390.014814	-19146.370190	0.004000	0.872000	0.452000	192.000000	0.000000	0.000000	0.000000	0.000000	0.000000	0.000000	0.000000	0.000000	0.000000	1790355206.812921	0.000000
173.000000	12893.402623	43128.316775	-4862.130268	-32324.288168	21742.234736	-32312.441744	-17401.570666	-19139.105873	0.004000	0.872000	0.452000	192.000000	0.000000	0.000000	0.000000	0.000000	0.000000	0.000000	0.000000	0.000000	0.000000	1790355206.812934	0.000000
174.000000	12848.654431	43089.134167	-4932.135932	-32591.100942	21723.660436	-32283.987973	-17414.221753	-19134.590821	0.004000	0.872000	0.452000	192.000000	0.000000	0.000000	0.000000	0.000000	0.000000	0.000000	0.000000	0.000000	0.000000	1790355206.812948	0.000000
175.000000	12820.580640	43143.806534	-4937.366240	-32535.780375	21701.331043	-32319.795468	-17423.698893	-19160.965879	0.004000	0.872000	0.452000	192.000000	0.000000	0.000000	0.000000	0.000000	0.000000	0.000000	0.000000	0.000000	0.000000	1790355206.812961	0.000000
176.000000	12776.279482	43082.719217	-4995.033740	-32364.677771	21676.744125	-32392.863320	-17444.955402	-19208.619798	0.004000	0.872000	0.452000	192.000000	0.000000	0.000000	0.000000	0.000000	0.000000	0.000000	0.000000	0.000000	0.000000	1790355206.812975	0.000000
177.000000	12817.451396	43180.932782	-4920.870652	-32397.043097	21715.077366	-32385.867224	-17394.842791	-19160.429437	0.004000	0.872000	0.452000	192.000000	0.000000	0.000000	0.000000	0.000000	0.000000	0.000000	0.000000	0.000000	0.000000	1790355206.812989	0.000000
178.000000	12743.958860	43124.628738	-4925.341001	-32492.105066	21662.573119	-32350.730282	-17429.935030	-19189.240836	-0.008000	0.884000	0.450000	192.000000	255.000000	192.000000	27.000000	160.000000	14.000000	16.000000	0.000000	0.000000	0.000000	1790355206.813002	0.000000
179.000000	12738.594441	43139.738517	-4978.716967	-32479.811606	21685.997747	-32381.955669	-17396.608579	-19160.384734	-0.008000	0.884000	0.450000	192.000000	0.000000	0.000000	0.000000	0.000000	0.000000	0.000000	0.000000	0.000000	0.000000	1790355206.813014	0.000000
180.000000	12758.956880	43107.619060	-4937.589757	-32236.490516	21703.074479	-32295.387363	-17384.203361	-19157.054324	-0.008000	0.884000	0.450000	192.000000	0.000000	0.000000	0.000000	0.000000	0.000000	0.000000	0.000000	0.000000	0.000000	1790355206.813027	0.000000
181.000000	12781.442735	43147.740441	-4918.411960	-32494.206130	21704.370881	-32329.049090	-17380.247102	-19160.496492	-0.008000	0.884000	0.450000	192.000000	0.000000	0.000000	0.000000	0.000000	0.000000	0.000000	0.000000	0.000000	0.000000	1790355206.813040	0.000000
182.000000	12661.212702	43075.521955	-5123.332754	-32660.078425	21662.684877	-32466.154691	-17438.875728	-19218.409862	-0.008000	0.884000	0.450000	192.000000	0.000000	0.000000	0.000000	0.000000	0.000000	0.000000	0.000000	0.000000	0.000000	1790355206.813053	0.000000
183.000000	12666.353603	43076.259563	-5100.645733	-32518.033089	21648.491520	-32391.946899	-17458.344097	-19224.690703	-0.008000	0.884000	0.450000	192.000000	0.000000	0.000000	0.000000	0.000000	0.000000	0.000000	0.000000	0.000000	0.000000	1790355206.813065	0.000000
184.000000	12652.070838	43046.397632	-5033.501093	-32564.547070	21653.565366	-32480.258641	-17440.708571	-19250.797540	-0.008000	0.884000	0.450000	192.000000	0.000000	0.000000	0.000000	0.000000	0.000000	0.000000	0.000000	0.000000	0.000000	1790355206.813199	0.000000
185.000000	12611.100091	43032.271329	-5037.680869	-32402.183998	21659.957964	-32443.534725	-17437.400512	-19255.446703	-0.008000	0.884000	0.450000	192.000000	0.000000	0.000000	0.000000	0.000000	0.000000	0.000000	0.000000	0.000000	0.000000	1790355206.813212	0.000000
186.000000	12588.211905	43059.629865	-5127.132550	-32740.790575	21623.166993	-32443.221801	-17470.816370	-19295.143401	-0.008000	0.884000	0.450000	192.000000	0.000000	0.000000	0.000000	0.000000	0.000000	0.000000	0.000000	0.000000	0.000000	1790355206.813224	0.000000
187.000000	12678.334138	43127.042726	-5057.126887	-32359.693332	21680.208645	-32185.975574	-17374.212131	-19150.281745	-0.008000	0.884000	0.450000	192.000000	0.000000	0.000000	0.000000	0.000000	0.000000	0.000000	0.000000	0.000000	0.000000	1790355206.813238	0.000000
188.000000	12671.740374	43144.141810	-4904.911507	-32138.835745	21697.777116	-32253.522546	-17352.262718	-19150.147635	0.002000	0.884000	0.444000	192.000000	0.000000	16.000000	27.000000	160.000000	13.000000	224.000000	0.000000	0.000000	0.000000	1790355206.813250	0.000000
189.000000	12702.585781	43153.261322	-5041.234796	-32347.243410	21703.990901	-32339.330892	-17376.044974	-19200.126135	0.002000	0.884000	0.444000	192.000000	0.000000	0.000000	0.000000	0.000000	0.000000	0.000000	0.000000	0.000000	0.000000	1790355206.813261	0.000000
190.000000	12776.458296	43247.272759	-4749.700993	-32142.479079	21751.130730	-32199.945414	-17344.707828	-19139.329390	0.002000	0.884000	0.444000	192.000000	0.000000	0.000000	0.000000	0.000000	0.000000	0.000000	0.000000	0.000000	0.000000	1790355206.813272	0.000000
191.000000	12740.159063	43222.171750	-4715.681638	-32354.775948	21738.434939	-32269.369932	-17353.961450	-19144.805568	0.002000	0.884000	0.444000	192.000000	0.000000	0.000000	0.000000	0.000000	0.000000	0.000000	0.000000	0.000000	0.000000	1790355206.813284	0.000000
192.000000	12555.399544	43054.734833	-4990.250467	-32391.812788	21666.238805	-32425.474516	-17444.351905	-19264.409752	0.002000	0.884000	0.444000	192.000000	0.000000	0.000000	0.000000	0.000000	0.000000	0.000000	0.000000	0.000000	0.000000	1790355206.813297	0.000000
193.000000	12705.603266	43194.410884	-4933.991126	-32056.491918	21740.312486	-32218.564417	-17352.262718	-19129.315809	0.002000	0.884000	0.444000	192.000000	0.000000	0.000000	0.000000	0.000000	0.000000	0.000000	0.000000	0.000000	0.000000	1790355206.813309	0.000000
194.000000	12567.782410	43106.076790	-5077.064643	-32360.989733	21665.277680	-32301.981127	-17450.610393	-19202.696586	0.002000	0.884000	0.444000	192.000000	0.000000	0.000000	0.000000	0.000000	0.000000	0.000000	0.000000	0.000000	0.000000	1790355206.813321	0.000000
195.000000	12625.807539	43150.668520	-4995.100796	-32582.048486	21667.043467	-32364.364846	-17503.964007	-19234.927801	0.002000	0.884000	0.444000	192.000000	0.000000	0.000000	0.000000	0.000000	0.000000	0.000000	0.000000	0.000000	0.000000	1790355206.813332	0.000000
196.000000	12765.260072	43255.900533	-4658.081193	-32067.131349	21787.228797	-32218.989100	-17416.546335	-19097.464573	0.002000	0.884000	0.444000	192.000000	0.000000	0.000000	0.000000	0.000000	0.000000	0.000000	0.000000	0.000000	0.000000	1790355206.813347	0.000000
197.000000	12686.358414	43244.277626	-4743.487208	-32301.847017	21766.888710	-32336.425166	-17460.646327	-19128.689960	0.002000	0.884000	0.444000	192.000000	0.000000	0.000000	0.000000	0.000000	0.000000	0.000000	0.000000	0.000000	0.000000	1790355206.813361	0.000000
198.000000	12655.915339	43189.046465	-4860.453887	-32306.987918	21762.798341	-32308.507837	-17488.764821	-19143.442111	-0.010000	0.876000	0.440000	192.000000	255.000000	176.000000	27.000000	96.000000	13.000000	192.000000	0.000000	0.000000	0.000000	1790355206.813372	0.000000
199.000000	12667.962929	43218.640175	-4836.828093	-32135.281817	21786.647652	-32169.882318	-17381.744669	-19093.888294	-0.010000	0.876000	0.440000	192.000000	0.000000	0.000000	0.000000	0.000000	0.000000	0.000000	0.000000	0.000000	0.000000	1790355206.813411	0.000000
200.000000	12633.094207	43171.410939	-4773.237380	-32283.451531	21796.124792	-32277.885947	-17189.184390	-19113.490774	-0.010000	0.876000	0.440000	192.000000	0.000000	0.000000	0.000000	0.000000	0.000000	0.000000	0.000000	0.000000	0.000000	1790355206.813600	0.000000
201.000000	12617.313876	43172.260305	-4696.369731	-32329.362014	21856.049819	-32280.881081	-16991.416155	-19049.274212	-0.010000	0.876000	0.440000	192.000000	0.000000	0.000000	0.000000	0.000000	0.000000	0.000000	0.000000	0.000000	0.000000	1790355206.813614	0.000000
202.000000	12580.411146	43211.755837	-4827.596823	-32254.841298	21839.017789	-32239.664464	-16939.649515	-19097.866904	-0.010000	0.876000	0.440000	192.000000	0.000000	0.000000	0.000000	0.000000	0.000000	0.000000	0.000000	0.000000	0.000000	1790355206.813628	0.000000
203.000000	12690.985226	43308.471836	-4718.654420	-32027.814630	21861.570699	-32196.570301	-16853.885872	-19046.077913	-0.010000	0.876000	0.440000	192.000000	0.000000	0.000000	0.000000	0.000000	0.000000	0.000000	0.000000	0.000000	0.000000	1790355206.813640	0.000000
204.000000	12601.377082	43241.707175	-4764.721366	-32233.495382	21851.601821	-32254.438967	-16824.627438	-19074.732849	-0.010000	0.876000	0.440000	192.000000	0.000000	0.000000	0.000000	0.000000	0.000000	0.000000	0.000000	0.000000	0.000000	1790355206.813652	0.000000
205.000000	12581.752250	43242.310672	-4771.628055	-32333.608846	21859.737856	-32399.032402	-16777.353499	-19123.504355	-0.010000	0.876000	0.440000	192.000000	0.000000	0.000000	0.000000	0.000000	0.000000	0.000000	0.000000	0.000000	0.000000	1790355206.813662	0.000000
206.000000	12514.428796	43227.647928	-4689.194821	-32358.419282	21851.870042	-32438.326769	-16713.785137	-19150.505263	-0.010000	0.876000	0.440000	192.000000	0.000000	0.000000	0.000000	0.000000	0.000000	0.000000	0.000000	0.000000	0.000000	1790355206.813675	0.000000
207.000000	12659.804542	43306.706048	-4838.996212	-32203.924025	21862.867101	-32234.210638	-16606.832040	-19075.492808	-0.010000	0.876000	0.440000	192.000000	0.000000	0.000000	0.000000	0.000000	0.000000	0.000000	0.000000	0.000000	0.000000	1790355206.813688	0.000000
208.000000	12559.735782	43243.271797	-4601.128948	-32081.391761	21893.600749	-32163.020332	-16544.917708	-19064.115770	-0.004000	0.866000	0.450000	192.000000	255.000000	224.000000	27.000000	16.000000	14.000000	16.000000	0.000000	0.000000	0.000000	1790355206.813699	0.000000
209.000000	12486.958502	43231.850056	-4697.688484	-32126.966968	21929.251782	-32158.751149	-16523.035350	-19088.970910	-0.004000	0.866000	0.450000	192.000000	0.000000	0.000000	0.000000	0.000000	0.000000	0.000000	0.000000	0.000000	0.000000	1790355206.813711	0.000000
210.000000	12555.265433	43307.801283	-4586.332093	-32115.344061	21957.392628	-32220.039632	-16489.977120	-19093.754184	-0.004000	0.866000	0.450000	192.000000	0.000000	0.000000	0.000000	0.000000	0.000000	0.000000	0.000000	0.000000	0.000000	1790355206.813726	0.000000
211.000000	12562.507398	43297.541833	-4600.748968	-32308.798410	21949.748331	-32290.134703	-16480.768201	-19126.454786	-0.004000	0.866000	0.450000	192.000000	0.000000	0.000000	0.000000	0.000000	0.000000	0.000000	0.000000	0.000000	0.000000	1790355206.813738	0.000000
212.000000	12566.620119	43342.960577	-4565.232046	-32135.550038	21981.912492	-32151.822108	-16415.255238	-19074.732849	-0.004000	0.866000	0.450000	192.000000	0.000000	0.000000	0.000000	0.000000	0.000000	0.000000	0.000000	0.000000	0.000000	1790355206.813752	0.000000
213.000000	12599.812460	43380.444453	-4395.828175	-31805.057145	22029.655818	-32116.193428	-16327.569345	-19035.147910	-0.004000	0.866000	0.450000	192.000000	0.000000	0.000000	0.000000	0.000000	0.000000	0.000000	0.000000	0.000000	0.000000	1790355206.813765	0.000000
214.000000	12505.264581	43284.242545	-4607.789768	-32196.056211	21979.163227	-32363.783701	-16338.275831	-19141.050475	-0.004000	0.866000	0.450000	192.000000	0.000000	0.000000	0.000000	0.000000	0.000000	0.000000	0.000000	0.000000	0.000000	1790355206.813779	0.000000
215.000000	12433.224908	43251.698405	-4657.835324	-32294.493293	21956.252689	-32243.106633	-16316.125252	-19140.782254	-0.004000	0.866000	0.450000	192.000000	0.000000	0.000000	0.000000	0.000000	0.000000	0.000000	0.000000	0.000000	0.000000	1790355206.813914	0.000000
216.000000	12438.835196	43284.734283	-4766.911836	-32375.987753	21976.436314	-32264.899583	-16293.482935	-19144.291478	-0.004000	0.866000	0.450000	192.000000	0.000000	0.000000	0.000000	0.000000	0.000000	0.000000	0.000000	0.000000	0.000000	1790355206.813926	0.000000
217.000000	12491.227685	43307.376600	-4674.934408	-32056.469566	22012.087347	-32233.271865	-16255.976707	-19130.455748	-0.004000	0.866000	0.450000	192.000000	0.000000	0.000000	0.000000	0.000000	0.000000	0.000000	0.000000	0.000000	0.000000	1790355206.813937	0.000000
218.000000	12559.892244	43357.712729	-4462.771650	-31934.630207	22109.920932	-32066.639610	-16150.901157	-19033.337418	-0.004000	0.870000	0.450000	192.000000	255.000000	224.000000	27.000000	48.000000	14.000000	16.000000	0.000000	0.000000	0.000000	1790355206.813949	0.000000
219.000000	12482.041118	43320.206502	-4652.537960	-32143.663722	22049.057132	-32162.752111	-16180.226645	-19091.094326	-0.004000	0.870000	0.450000	192.000000	0.000000	0.000000	0.000000	0.000000	0.000000	0.000000	0.000000	0.000000	0.000000	1790355206.813963	0.000000
220.000000	12458.214159	43323.089877	-4513.264240	-32064.717360	22050.420588	-32282.132778	-16174.370488	-19101.510239	-0.004000	0.870000	0.450000	192.000000	0.000000	0.000000	0.000000	0.000000	0.000000	0.000000	0.000000	0.000000	0.000000	1790355206.813975	0.000000
221.000000	12455.129618	43337.484400	-4518.494549	-32000.523150	22068.279632	-32146.368283	-16133.019761	-19065.948613	-0.004000	0.870000	0.450000	192.000000	0.000000	0.000000	0.000000	0.000000	0.000000	0.000000	0.000000	0.000000	0.000000	1790355206.813987	0.000000
222.000000	12530.253831	43390.145110	-4481.971798	-31956.311399	22129.389301	-32101.217759	-16064.019926	-19022.318008	-0.004000	0.870000	0.450000	192.000000	0.000000	0.000000	0.000000	0.000000	0.000000	0.000000	0.000000	0.000000	0.000000	1790355206.814001	0.000000
223.000000	12447.485321	43347.430926	-4517.220499	-32117.802753	22122.661426	-32236.848144	-16083.532999	-19080.499599	-0.004000	0.870000	0.450000	192.000000	0.000000	0.000000	0.000000	0.000000	0.000000	0.000000	0.000000	0.000000	0.000000	1790355206.814015	0.000000
224.000000	12396.076309	43302.168644	-4727.908042	-32229.025034	22060.590632	-32272.745046	-16116.881802	-19121.805623	-0.004000	0.870000	0.450000	192.000000	0.000000	0.000000	0.000000	0.000000	0.000000	0.000000	0.000000	0.000000	0.000000	1790355206.814028	0.000000
225.000000	12432.956688	43380.019770	-4516.460540	-32073.501596	22108.423365	-32168.496510	-16064.154037	-19067.848512	-0.004000	0.870000	0.450000	192.000000	0.000000	0.000000	0.000000	0.000000	0.000000	0.000000	0.000000	0.000000	0.000000	1790355206.814042	0.000000
226.000000	12454.794342	43410.306383	-4456.803734	-31964.268621	22165.129741	-32183.338068	-16026.133719	-19049.318916	-0.004000	0.870000	0.450000	192.000000	0.000000	0.000000	0.000000	0.000000	0.000000	0.000000	0.000000	0.000000	0.000000	1790355206.814054	0.000000
227.000000	12438.723438	43417.548349	-4523.747209	-31999.025583	22165.353258	-32163.623829	-16017.796519	-19045.943802	-0.004000	0.870000	0.450000	192.000000	0.000000	0.000000	0.000000	0.000000	0.000000	0.000000	0.000000	0.000000	0.000000	1790355206.814066	0.000000
228.000000	12403.675902	43413.726200	-4581.079433	-32037.805860	22155.116159	-32168.898841	-16016.209545	-19063.244052	-0.002000	0.872000	0.454000	192.000000	255.000000	240.000000	27.000000	64.000000	14.000000	48.000000	0.000000	0.000000	0.000000	1790355206.814077	0.000000
229.000000	12394.958722	43411.826302	-4625.782922	-32033.290807	22151.115197	-32182.131074	-16013.929667	-19075.336346	-0.002000	0.872000	0.454000	192.000000	0.000000	0.000000	0.000000	0.000000	0.000000	0.000000	0.000000	0.000000	0.000000	1790355206.814090	0.000000
230.000000	12373.724565	43411.423971	-4662.462135	-32159.421701	22166.359087	-32216.530408	-16003.111422	-19077.035079	-0.002000	0.872000	0.454000	192.000000	0.000000	0.000000	0.000000	0.000000	0.000000	0.000000	0.000000	0.000000	0.000000	1790355206.814220	0.000000
231.000000	12420.104435	43441.464715	-4528.374020	-32053.876764	22221.433785	-32172.072789	-15925.237945	-19011.969151	-0.002000	0.872000	0.454000	192.000000	0.000000	0.000000	0.000000	0.000000	0.000000	0.000000	0.000000	0.000000	0.000000	1790355206.814234	0.000000
232.000000	12422.943106	43448.013776	-4538.454656	-31993.437647	22216.315236	-32185.707353	-15895.577180	-19015.031340	-0.002000	0.872000	0.454000	192.000000	0.000000	0.000000	0.000000	0.000000	0.000000	0.000000	0.000000	0.000000	0.000000	1790355206.956075	0.000000
233.000000	12389.996635	43429.752401	-4651.845056	-32101.731849	22210.682596	-32217.044499	-15897.834706	-19040.132349	-0.002000	0.872000	0.454000	192.000000	0.000000	0.000000	0.000000	0.000000	0.000000	0.000000	0.000000	0.000000	0.000000	1790355206.956102	0.000000
234.000000	12410.046149	43441.978805	-4627.571062	-32088.991355	22230.061558	-32180.678210	-15859.367354	-19019.546392	-0.002000	0.872000	0.454000	192.000000	0.000000	0.000000	0.000000	0.000000	0.000000	0.000000	0.000000	0.000000	0.000000	1790355206.956113	0.000000
235.000000	12408.503879	43461.625989	-4616.395189	-31970.996496	22256.794245	-32156.359512	-15835.853319	-19011.142136	-0.002000	0.872000	0.454000	192.000000	0.000000	0.000000	0.000000	0.000000	0.000000	0.000000	0.000000	0.000000	0.000000	1790355206.956125	0.000000
236.000000	12370.103582	43433.127514	-4649.073440	-32028.865162	22232.766120	-32147.530573	-15858.160360	-19031.795148	-0.002000	0.872000	0.454000	192.000000	0.000000	0.000000	0.000000	0.000000	0.000000	0.000000	0.000000	0.000000	0.000000	1790355206.956137	0.000000
237.000000	12348.087114	43437.910788	-4655.667204	-32054.569668	22227.155832	-32158.773501	-15848.057371	-19024.977866	-0.002000	0.872000	0.454000	192.000000	0.000000	0.000000	0.000000	0.000000	0.000000	0.000000	0.000000	0.000000	0.000000	1790355206.956148	0.000000
238.000000	12321.846166	43416.654279	-4672.676882	-32123.882428	22223.467794	-32199.923062	-15840.368371	-19043.574517	-0.002000	0.872000	0.454000	192.000000	0.000000	0.000000	27.000000	64.000000	14.000000	64.000000	0.000000	0.000000	0.000000	1790355206.956159	0.000000
239.000000	12341.158073	43439.721279	-4651.979167	-32113.958253	22239.896326	-32189.842426	-15819.313028	-19031.996314	-0.002000	0.872000	0.454000	192.000000	0.000000	0.000000	0.000000	0.000000	0.000000	0.000000	0.000000	0.000000	0.000000	1790355206.956172	0.000000
240.000000	12332.306782	43462.385948	-4648.693460	-32042.142098	22215.935256	-32199.900711	-15821.972885	-19028.084758	-0.002000	0.872000	0.454000	192.000000	0.000000	0.000000	0.000000	0.000000	0.000000	0.000000	0.000000	0.000000	0.000000	1790355206.956183	0.000000
241.000000	12332.418541	43472.712454	-4653.387326	-32037.917619	22200.244331	-32199.610138	-15808.807708	-19018.942895	-0.002000	0.872000	0.454000	192.000000	0.000000	0.000000	0.000000	0.000000	0.000000	0.000000	0.000000	0.000000	0.000000	1790355206.956195	0.000000
242.000000	12302.757776	43459.301407	-4637.718754	-32059.017665	22217.611637	-32183.583937	-15780.309234	-19015.478374	-0.002000	0.872000	0.454000	192.000000	0.000000	0.000000	0.000000	0.000000	0.000000	0.000000	0.000000	0.000000	0.000000	1790355206.956206	0.000000
243.000000	12294.152354	43459.524925	-4633.538977	-32074.350962	22218.304541	-32203.991080	-15772.754344	-19020.485165	-0.002000	0.872000	0.454000	192.000000	0.000000	0.000000	0.000000	0.000000	0.000000	0.000000	0.000000	0.000000	0.000000	1790355206.956217	0.000000
244.000000	12296.342825	43480.110881	-4652.448553	-32089.192520	22222.841945	-32203.365231	-15780.823324	-19016.931238	-0.002000	0.872000	0.454000	192.000000	0.000000	0.000000	0.000000	0.000000	0.000000	0.000000	0.000000	0.000000	0.000000	1790355206.956228	0.000000
245.000000	12273.186418	43474.232373	-4629.672126	-32131.571428	22214.303579	-32208.595539	-15805.276132	-19022.653284	-0.002000	0.872000	0.454000	192.000000	0.000000	0.000000	0.000000	0.000000	0.000000	0.000000	0.000000	0.000000	0.000000	1790355206.956240	0.000000
246.000000	12272.091183	43485.855280	-4618.608012	-32119.657948	22212.671901	-32195.206844	-15801.990426	-19020.351055	-0.002000	0.872000	0.454000	192.000000	0.000000	0.000000	0.000000	0.000000	0.000000	0.000000	0.000000	0.000000	0.000000	1790355206.956396	0.000000
247.000000	12275.958035	43497.858166	-4602.425349	-32069.366523	22227.155832	-32189.551853	-15783.594940	-19021.334531	-0.002000	0.872000	0.454000	192.000000	0.000000	0.000000	0.000000	0.000000	0.000000	0.000000	0.000000	0.000000	0.000000	1790355206.956408	0.000000
248.000000	12254.142732	43502.127350	-4618.026867	-32116.931035	22195.014023	-32219.257321	-15807.399548	-19036.064331	-0.002000	0.872000	0.454000	192.000000	0.000000	0.000000	27.000000	48.000000	14.000000	32.000000	0.000000	0.000000	0.000000	1790355206.956420	0.000000
249.000000	12247.772485	43514.912547	-4614.875271	-32113.377108	22166.090866	-32218.944397	-15812.875725	-19018.808784	-0.002000	0.872000	0.454000	192.000000	0.000000	0.000000	0.000000	0.000000	0.000000	0.000000	0.000000	0.000000	0.000000	1790355206.956432	0.000000
250.000000	12219.095197	43500.965059	-4623.368934	-32136.086480	22180.686555	-32200.057173	-15792.043900	-18999.362767	-0.002000	0.872000	0.454000	192.000000	0.000000	0.000000	0.000000	0.000000	0.000000	0.000000	0.000000	0.000000	0.000000	1790355206.956443	0.000000
251.000000	12211.629714	43501.166225	-4620.306745	-32139.171021	22205.631102	-32203.208769	-15785.941873	-18994.221865	-0.002000	0.872000	0.454000	192.000000	0.000000	0.000000	0.000000	0.000000	0.000000	0.000000	0.000000	0.000000	0.000000	1790355206.956455	0.000000
252.000000	12212.680246	43527.921263	-4589.729558	-32115.701689	22208.603884	-32214.764621	-15785.472487	-18987.538694	-0.002000	0.872000	0.454000	192.000000	0.000000	0.000000	0.000000	0.000000	0.000000	0.000000	0.000000	0.000000	0.000000	1790355206.956465	0.000000
253.000000	12188.361548	43541.399365	-4609.756721	-32133.940713	22159.787674	-32253.410787	-15834.422807	-18999.832153	-0.002000	0.872000	0.454000	192.000000	0.000000	0.000000	0.000000	0.000000	0.000000	0.000000	0.000000	0.000000	0.000000	1790355206.956477	0.000000
254.000000	12171.933016	43544.685071	-4616.216375	-32148.067015	22136.005418	-32232.578961	-15826.197365	-18984.498857	-0.002000	0.872000	0.454000	192.000000	0.000000	0.000000	0.000000	0.000000	0.000000	0.000000	0.000000	0.000000	0.000000	1790355206.956493	0.000000
255.000000	12160.466571	43541.466420	-4630.208567	-32181.013487	22153.283316	-32253.164918	-15789.987539	-18982.509551	-0.002000	0.872000	0.454000	192.000000	0.000000	0.000000	0.000000	0.000000	0.000000	0.000000	0.000000	0.000000	0.000000	1790355206.956504	0.000000
0.000000	12157.694955	43550.697690	-4635.170655	-32188.791894	22132.764415	-32267.514738	-15802.862144	-18989.617406	-0.002000	0.872000	0.454000	192.000000	0.000000	0.000000	0.000000	0.000000	0.000000	0.000000	0.000000	0.000000	0.000000	1790355206.956515	0.000000
1.000000	12152.643460	43559.884257	-4633.606033	-32152.783233	22098.901522	-32249.588638	-15804.829097	-18983.627139	0.006000	0.868000	0.466000	192.000000	0.000000	48.000000	27.000000	32.000000	14.000000	144.000000	0.000000	0.000000	0.000000	1790355206.956527	0.000000
2.000000	12141.556995	43556.933827	-4632.331983	-32151.777405	22099.750888	-32260.317476	-15786.612426	-18983.291862	0.006000	0.868000	0.466000	192.000000	0.000000	0.000000	0.000000	0.000000	0.000000	0.000000	0.000000	0.000000	0.000000	1790355206.956539	0.000000
3.000000	12144.283908	43559.884257	-4621.916070	-32161.567469	22097.649824	-32247.331112	-15778.185818	-18984.029470	0.006000	0.868000	0.466000	192.000000	0.000000	0.000000	0.000000	0.000000	0.000000	0.000000	0.000000	0.000000	0.000000	1790355206.956550	0.000000
4.000000	12130.649344	43551.435298	-4635.483579	-32205.332184	22074.716935	-32251.108557	-15793.094432	-19000.122726	0.006000	0.868000	0.466000	192.000000	0.000000	0.000000	0.000000	0.000000	0.000000	0.000000	0.000000	0.000000	0.000000	1790355206.956561	0.000000
5.000000	12133.175091	43565.852173	-4641.876178	-32216.597464	22050.688809	-32249.767452	-15802.415109	-19001.486182	0.006000	0.868000	0.466000	192.000000	0.000000	0.000000	0.000000	0.000000	0.000000	0.000000	0.000000	0.000000	0.000000	1790355206.956605	0.000000
6.000000	12118.221774	43561.247714	-4646.458286	-32163.489719	22034.640257	-32256.405921	-15791.283940	-19004.950703	0.006000	0.868000	0.466000	192.000000	0.000000	0.000000	0.000000	0.000000	0.000000	0.000000	0.000000	0.000000	0.000000	1790355206.956617	0.000000
7.000000	12106.017721	43549.580103	-4663.959702	-32185.975574	22043.268030	-32255.623609	-15757.801027	-19005.956531	0.006000	0.868000	0.466000	192.000000	0.000000	0.000000	0.000000	0.000000	0.000000	0.000000	0.000000	0.000000	0.000000	1790355206.956629	0.000000
8.000000	12096.562934	43543.388670	-4699.364865	-32283.205662	22035.422568	-32278.556499	-15743.473559	-19030.252878	0.006000	0.868000	0.466000	192.000000	0.000000	0.000000	0.000000	0.000000	0.000000	0.000000	0.000000	0.000000	0.000000	1790355206.956640	0.000000
9.000000	12096.719396	43544.528609	-4663.624425	-32217.893865	22011.528553	-32299.589491	-15747.675687	-19034.879689	0.006000	0.868000	0.466000	192.000000	0.000000	0.000000	0.000000	0.000000	0.000000	0.000000	0.000000	0.000000	0.000000	1790355206.956651	0.000000
10.000000	12094.260704	43544.707423	-4677.057824	-32220.129039	21996.530532	-32285.440837	-15747.899204	-19016.618313	0.006000	0.868000	0.466000	192.000000	0.000000	0.000000	0.000000	0.000000	0.000000	0.000000	0.000000	0.000000	0.000000	1790355207.427126	0.000000
11.000000	12104.877782	43547.255522	-4659.087021	-32228.242723	22005.605341	-32279.472921	-15716.517355	-19002.290845	0.006000	0.868000	0.466000	192.000000	0.000000	0.000000	27.000000	32.000000	14.000000	112.000000	0.000000	0.000000	0.000000	1790355207.427186	0.000000
12.000000	12129.889384	43552.038795	-4641.496198	-32206.293309	22039.244716	-32272.454473	-15661.107381	-18982.464848	0.006000	0.868000	0.466000	192.000000	0.000000	0.000000	0.000000	0.000000	0.000000	0.000000	0.000000	0.000000	0.000000	1790355207.427201	0.000000
13.000000	12129.129425	43561.739452	-4671.380481	-32274.108502	22005.605341	-32284.256194	-15647.182244	-18995.272397	0.006000	0.868000	0.466000	192.000000	0.000000	0.000000	0.000000	0.000000	0.000000	0.000000	0.000000	0.000000	0.000000	1790355207.427213	0.000000
14.000000	12135.522024	43562.119432	-4636.042373	-32200.973594	21983.946500	-32270.576927	-15643.516558	-18987.002252	0.006000	0.868000	0.466000	192.000000	0.000000	0.000000	0.000000	0.000000	0.000000	0.000000	0.000000	0.000000	0.000000	1790355207.427224	0.000000
15.000000	12137.801902	43553.938693	-4627.504006	-32154.817242	21999.033928	-32249.700397	-15581.088135	-18948.087865	0.006000	0.868000	0.466000	192.000000	0.000000	0.000000	0.000000	0.000000	0.000000	0.000000	0.000000	0.000000	0.000000	1790355207.427241	0.000000
16.000000	12129.017666	43556.822068	-4638.143437	-32190.691792	22003.236056	-32279.741142	-15552.880234	-18980.542598	0.006000	0.868000	0.466000	192.000000	0.000000	0.000000	0.000000	0.000000	0.000000	0.000000	0.000000	0.000000	0.000000	1790355207.427257	0.000000
17.000000	12138.427751	43579.263220	-4640.020983	-32223.861781	22008.488716	-32268.229993	-15551.203853	-18975.468752	0.006000	0.868000	0.466000	192.000000	0.000000	0.000000	0.000000	0.000000	0.000000	0.000000	0.000000	0.000000	0.000000	1790355207.427287	0.000000
18.000000	12133.778588	43585.745226	-4656.538922	-32241.609066	21976.548073	-32272.834453	-15545.682972	-18976.049897	0.006000	0.868000	0.466000	192.000000	0.000000	0.000000	0.000000	0.000000	0.000000	0.000000	0.000000	0.000000	0.000000	1790355207.427306	0.000000
19.000000	12147.949594	43601.100874	-4640.982108	-32181.192300	21982.404230	-32280.836377	-15521.632495	-18975.222883	0.006000	0.868000	0.466000	192.000000	0.000000	0.000000	0.000000	0.000000	0.000000	0.000000	0.000000	0.000000	0.000000	1790355207.427318	0.000000
20.000000	12140.528815	43591.266107	-4648.291129	-32184.321545	22005.873562	-32297.264909	-15494.564533	-18977.346298	0.006000	0.868000	0.466000	192.000000	0.000000	0.000000	0.000000	0.000000	0.000000	0.000000	0.000000	0.000000	0.000000	1790355207.427329	0.000000
21.000000	12129.107073	43590.573202	-4636.802332	-32247.375816	22002.923131	-32290.313517	-15494.832754	-18991.964339	-0.004000	0.868000	0.456000	192.000000	255.000000	224.000000	27.000000	32.000000	14.000000	64.000000	0.000000	0.000000	0.000000	1790355207.427685	0.000000
22.000000	12115.651323	43588.561545	-4654.504914	-32245.051234	21978.492675	-32288.480674	-15507.372082	-19005.218924	-0.004000	0.868000	0.456000	192.000000	0.000000	0.000000	0.000000	0.000000	0.000000	0.000000	0.000000	0.000000	0.000000	1790355207.427701	0.000000
23.000000	12104.251934	43575.128147	-4650.950986	-32191.898786	21973.955271	-32297.801351	-15487.300216	-18996.434688	-0.004000	0.868000	0.456000	192.000000	0.000000	0.000000	0.000000	0.000000	0.000000	0.000000	0.000000	0.000000	0.000000	1790355207.427713	0.000000
24.000000	12132.437483	43597.122264	-4621.804311	-32199.274862	22000.464439	-32284.189139	-15452.699715	-18985.661147	-0.004000	0.868000	0.456000	192.000000	0.000000	0.000000	0.000000	0.000000	0.000000	0.000000	0.000000	0.000000	0.000000	1790355207.427726	0.000000
25.000000	12124.927297	43603.380752	-4642.211454	-32220.643129	22000.509143	-32308.239616	-15445.457750	-19000.592113	-0.004000	0.868000	0.456000	192.000000	0.000000	0.000000	0.000000	0.000000	0.000000	0.000000	0.000000	0.000000	0.000000	1790355207.427738	0.000000
26.000000	12109.124614	43620.010450	-4646.659451	-32248.001665	21972.614166	-32300.751782	-15459.092314	-19014.405491	-0.004000	0.868000	0.456000	192.000000	0.000000	0.000000	0.000000	0.000000	0.000000	0.000000	0.000000	0.000000	0.000000	1790355207.427749	0.000000
27.000000	12094.104242	43605.034781	-4661.880989	-32269.884022	21963.673468	-32301.712907	-15455.426628	-19016.975941	-0.004000	0.868000	0.456000	192.000000	0.000000	0.000000	0.000000	0.000000	0.000000	0.000000	0.000000	0.000000	0.000000	1790355207.427763	0.000000
28.000000	12086.191724	43591.064941	-4656.360108	-32225.135830	21991.926073	-32307.077325	-15423.620096	-19008.191706	-0.004000	0.868000	0.456000	192.000000	0.000000	0.000000	0.000000	0.000000	0.000000	0.000000	0.000000	0.000000	0.000000	1790355207.427805	0.000000
29.000000	12092.740785	43599.402141	-4663.043280	-32252.516717	22003.481925	-32309.804238	-15406.297494	-19010.091604	-0.004000	0.868000	0.456000	192.000000	0.000000	0.000000	0.000000	0.000000	0.000000	0.000000	0.000000	0.000000	0.000000	1790355207.427833	0.000000
30.000000	12111.471547	43630.806342	-4641.473847	-32260.004551	21998.743355	-32300.751782	-15396.261560	-19005.174220	-0.004000	0.868000	0.456000	192.000000	0.000000	0.000000	0.000000	0.000000	0.000000	0.000000	0.000000	0.000000	0.000000	1790355207.427861	0.000000
31.000000	12080.804954	43612.477912	-4687.697254	-32312.508799	21966.936823	-32327.171543	-15401.536572	-19026.341322	-0.004000	0.868000	0.456000	192.000000	0.000000	0.000000	27.000000	80.000000	14.000000	16.000000	0.000000	0.000000	0.000000	1790355207.427900	0.000000
32.000000	12087.756346	43613.573147	-4632.220224	-32188.233100	21982.493637	-32314.900436	-15358.777685	-19005.218924	-0.004000	0.868000	0.456000	192.000000	0.000000	0.000000	0.000000	0.000000	0.000000	0.000000	0.000000	0.000000	0.000000	1790355207.427930	0.000000
33.000000	12086.348186	43630.739287	-4612.595393	-32185.170911	22014.836611	-32300.036526	-15323.037246	-18990.310310	-0.004000	0.868000	0.456000	192.000000	0.000000	0.000000	0.000000	0.000000	0.000000	0.000000	0.000000	0.000000	0.000000	1790355207.427953	0.000000
34.000000	12074.814686	43634.293215	-4637.964623	-32219.682004	22001.179695	-32310.072459	-15342.527967	-19014.316084	-0.004000	0.868000	0.456000	192.000000	0.000000	0.000000	0.000000	0.000000	0.000000	0.000000	0.000000	0.000000	0.000000	1790355207.427996	0.000000
35.000000	12065.941044	43630.404011	-4636.556463	-32279.428217	22001.134992	-32318.074384	-15320.444443	-19004.995406	-0.004000	0.868000	0.456000	192.000000	0.000000	0.000000	0.000000	0.000000	0.000000	0.000000	0.000000	0.000000	0.000000	1790355207.428008	0.000000
36.000000	12058.497913	43624.369040	-4647.441762	-32241.162031	22024.201992	-32317.180314	-15275.562140	-18988.723336	-0.004000	0.868000	0.456000	192.000000	0.000000	0.000000	0.000000	0.000000	0.000000	0.000000	0.000000	0.000000	0.000000	1790355207.428181	0.000000
37.000000	12060.353107	43616.590633	-4631.773190	-32230.187324	22040.071731	-32316.241540	-15248.516530	-18992.992519	-0.004000	0.868000	0.456000	192.000000	0.000000	0.000000	0.000000	0.000000	0.000000	0.000000	0.000000	0.000000	0.000000	1790355207.428197	0.000000
38.000000	12063.638814	43634.784953	-4621.044352	-32212.954129	22031.823937	-32297.868407	-15240.380495	-18987.829267	-0.004000	0.868000	0.456000	192.000000	0.000000	0.000000	0.000000	0.000000	0.000000	0.000000	0.000000	0.000000	0.000000	1790355207.428212	0.000000
39.000000	12051.501817	43635.410802	-4623.413637	-32261.546822	22014.456631	-32295.186197	-15237.497120	-18983.649490	-0.004000	0.868000	0.456000	192.000000	0.000000	0.000000	0.000000	0.000000	0.000000	0.000000	0.000000	0.000000	0.000000	1790355207.428241	0.000000
40.000000	12023.360970	43627.475933	-4646.838265	-32206.785048	22022.235039	-32311.860599	-15223.080244	-18996.412336	-0.004000	0.868000	0.456000	192.000000	0.000000	0.000000	0.000000	0.000000	0.000000	0.000000	0.000000	0.000000	0.000000	1790355207.428252	0.000000
41.000000	12041.756456	43633.801476	-4668.117126	-32201.733554	22050.353533	-32304.506875	-15192.570113	-18989.840924	0.002000	0.874000	0.450000	192.000000	0.000000	16.000000	27.000000	80.000000	14.000000	16.000000	0.000000	0.000000	0.000000	1790355207.428263	0.000000
42.000000	12046.852654	43647.927779	-4620.373800	-32305.870331	22043.849175	-32312.195875	-15189.105593	-19002.961398	0.002000	0.874000	0.450000	192.000000	0.000000	0.000000	0.000000	0.000000	0.000000	0.000000	0.000000	0.000000	0.000000	1790355207.428276	0.000000
43.000000	12029.038314	43652.688700	-4629.716829	-32252.181441	22024.827841	-32326.679805	-15191.430174	-19013.913752	0.002000	0.874000	0.450000	192.000000	0.000000	0.000000	0.000000	0.000000	0.000000	0.000000	0.000000	0.000000	0.000000	1790355207.428288	0.000000
44.000000	12023.942116	43652.934569	-4635.461227	-32229.717938	22037.635390	-32332.267741	-15178.555569	-19015.478374	0.002000	0.874000	0.450000	192.000000	0.000000	0.000000	0.000000	0.000000	0.000000	0.000000	0.000000	0.000000	0.000000	1790355207.428299	0.000000
45.000000	12005.457223	43647.525447	-4618.898585	-32250.817984	22058.444865	-32331.932465	-15155.175645	-19013.712587	0.002000	0.874000	0.450000	192.000000	0.000000	0.000000	0.000000	0.000000	0.000000	0.000000	0.000000	0.000000	0.000000	1790355207.428333	0.000000
46.000000	12010.553421	43669.519564	-4631.460265	-32298.628366	22060.858853	-32326.746860	-15146.302002	-19015.679540	0.002000	0.874000	0.450000	192.000000	0.000000	0.000000	0.000000	0.000000	0.000000	0.000000	0.000000	0.000000	0.000000	1790355207.428346	0.000000
47.000000	11996.270656	43654.052157	-4648.984033	-32243.307798	22028.828803	-32345.187050	-15157.343764	-19032.085721	0.002000	0.874000	0.450000	192.000000	0.000000	0.000000	0.000000	0.000000	0.000000	0.000000	0.000000	0.000000	0.000000	1790355207.428362	0.000000
48.000000	11983.507810	43640.886979	-4640.333908	-32241.720824	22013.786079	-32344.136518	-15141.831653	-19027.503613	0.002000	0.874000	0.450000	192.000000	0.000000	0.000000	0.000000	0.000000	0.000000	0.000000	0.000000	0.000000	0.000000	1790355207.428375	0.000000
49.000000	12002.037406	43650.788802	-4628.733352	-32236.691682	22041.792815	-32319.773116	-15106.962932	-19011.253895	0.002000	0.874000	0.450000	192.000000	0.000000	0.000000	0.000000	0.000000	0.000000	0.000000	0.000000	0.000000	0.000000	1790355207.428389	0.000000
50.000000	11987.978159	43650.028843	-4660.048146	-32259.490461	22041.234021	-32328.065613	-15112.059130	-19026.609543	0.002000	0.874000	0.450000	192.000000	0.000000	0.000000	0.000000	0.000000	0.000000	0.000000	0.000000	0.000000	0.000000	1790355207.428403	0.000000
51.000000	11976.467011	43665.943285	-4627.235785	-32315.615692	22025.856021	-32329.183201	-15113.266124	-19038.232450	0.004000	0.880000	0.446000	192.000000	0.000000	32.000000	27.000000	128.000000	13.000000	240.000000	0.000000	0.000000	0.000000	1790355207.428415	0.000000
52.000000	11975.572941	43663.439889	-4618.742123	-32236.110537	22031.645123	-32336.536924	-15087.829839	-19037.517194	0.004000	0.880000	0.446000	192.000000	0.000000	0.000000	0.000000	0.000000	0.000000	0.000000	0.000000	0.000000	0.000000	1790355207.428504	0.000000
53.000000	11964.173551	43655.907351	-4637.450533	-32229.203848	22045.614963	-32330.099622	-15051.754123	-19022.183898	0.004000	0.880000	0.446000	192.000000	0.000000	0.000000	0.000000	0.000000	0.000000	0.000000	0.000000	0.000000	0.000000	1790355207.428519	0.000000
54.000000	11998.930514	43671.620628	-4636.489408	-32291.364049	22049.347705	-32337.430994	-15021.199289	-19023.457947	0.004000	0.880000	0.446000	192.000000	0.000000	0.000000	0.000000	0.000000	0.000000	0.000000	0.000000	0.000000	0.000000	1790355207.428601	0.000000
55.000000	11977.942226	43671.799442	-4625.045314	-32309.088982	22014.836611	-32348.048073	-15023.970905	-19026.386026	0.004000	0.880000	0.446000	192.000000	0.000000	0.000000	0.000000	0.000000	0.000000	0.000000	0.000000	0.000000	0.000000	1790355207.428615	0.000000
56.000000	11979.618607	43675.889811	-4603.207660	-32253.120214	22021.117451	-32327.015081	-14999.674559	-19003.587246	0.004000	0.880000	0.446000	192.000000	0.000000	0.000000	0.000000	0.000000	0.000000	0.000000	0.000000	0.000000	0.000000	1790355207.428628	0.000000
57.000000	11971.482572	43670.346578	-4610.807253	-32261.747987	22039.132957	-32349.322122	-14982.575474	-19038.411264	0.004000	0.880000	0.446000	192.000000	0.000000	0.000000	0.000000	0.000000	0.000000	0.000000	0.000000	0.000000	0.000000	1790355207.428640	0.000000
58.000000	11957.155103	43663.775166	-4631.437913	-32265.413674	22052.879280	-32335.799317	-14957.586224	-19016.059520	0.004000	0.880000	0.446000	192.000000	0.000000	0.000000	0.000000	0.000000	0.000000	0.000000	0.000000	0.000000	0.000000	1790355207.428653	0.000000
59.000000	11978.277502	43706.399942	-4625.671163	-32291.945194	22046.665495	-32318.052032	-14940.822415	-18991.249083	0.004000	0.880000	0.446000	192.000000	0.000000	0.000000	0.000000	0.000000	0.000000	0.000000	0.000000	0.000000	0.000000	1790355207.428666	0.000000
60.000000	11973.538932	43700.700247	-4586.443852	-32196.391487	22026.325408	-32308.150209	-14948.176139	-18995.384156	0.004000	0.880000	0.446000	192.000000	0.000000	0.000000	0.000000	0.000000	0.000000	0.000000	0.000000	0.000000	0.000000	1790355207.428682	0.000000
61.000000	11964.553531	43696.967506	-4611.433102	-32247.331112	22033.656780	-32319.817820	-14936.620287	-19008.906962	0.004000	0.878000	0.450000	192.000000	0.000000	32.000000	27.000000	112.000000	14.000000	16.000000	0.000000	0.000000	0.000000	1790355207.428696	0.000000
62.000000	11964.709993	43682.885907	-4616.909279	-32252.136737	22033.857946	-32335.508744	-14931.591145	-19019.188764	0.004000	0.878000	0.450000	192.000000	0.000000	0.000000	0.000000	0.000000	0.000000	0.000000	0.000000	0.000000	0.000000	1790355207.428728	0.000000
63.000000	11982.971368	43699.225032	-4604.727579	-32274.399075	22015.194239	-32333.407680	-14937.715523	-19023.837927	0.004000	0.878000	0.450000	192.000000	0.000000	0.000000	0.000000	0.000000	0.000000	0.000000	0.000000	0.000000	0.000000	1790355207.428763	0.000000
64.000000	11987.195848	43710.602070	-4589.416634	-32279.159996	22007.348777	-32321.471849	-14925.802043	-19014.651360	0.004000	0.878000	0.450000	192.000000	0.000000	0.000000	0.000000	0.000000	0.000000	0.000000	0.000000	0.000000	0.000000	1790355207.428777	0.000000
65.000000	11966.252263	43690.463148	-4588.611971	-32225.515810	22011.372091	-32325.495163	-14904.143203	-19011.924447	0.004000	0.878000	0.450000	192.000000	0.000000	0.000000	0.000000	0.000000	0.000000	0.000000	0.000000	0.000000	0.000000	1790355207.428788	0.000000
66.000000	11972.846028	43696.274602	-4611.097826	-32208.126153	22023.330274	-32341.431956	-14882.059679	-19012.863220	0.004000	0.878000	0.450000	192.000000	0.000000	0.000000	0.000000	0.000000	0.000000	0.000000	0.000000	0.000000	0.000000	1790355207.428865	0.000000
67.000000	11967.772182	43707.539881	-4602.782977	-32237.339883	22007.661701	-32360.296829	-14895.113098	-19035.840814	0.004000	0.878000	0.450000	192.000000	0.000000	0.000000	0.000000	0.000000	0.000000	0.000000	0.000000	0.000000	0.000000	1790355207.429082	0.000000
68.000000	11983.574865	43726.628271	-4576.162049	-32272.029790	21994.474172	-32330.948988	-14892.274426	-19027.905944	0.004000	0.878000	0.450000	192.000000	0.000000	0.000000	0.000000	0.000000	0.000000	0.000000	0.000000	0.000000	0.000000	1790355207.429098	0.000000
69.000000	11964.464124	43710.177387	-4599.184346	-32317.806163	22004.375995	-32323.438802	-14875.175342	-19024.933162	0.004000	0.878000	0.450000	192.000000	0.000000	0.000000	0.000000	0.000000	0.000000	0.000000	0.000000	0.000000	0.000000	1790355207.429110	0.000000
70.000000	11958.183284	43709.931518	-4579.850087	-32257.411749	22029.678169	-32318.677881	-14856.355173	-19018.026473	0.004000	0.878000	0.450000	192.000000	0.000000	0.000000	0.000000	0.000000	0.000000	0.000000	0.000000	0.000000	0.000000	1790355207.429123	0.000000
71.000000	11956.976289	43710.467960	-4599.273753	-32223.347691	22027.577105	-32342.013102	-14854.656441	-19031.437520	-0.002000	0.878000	0.448000	192.000000	255.000000	240.000000	27.000000	112.000000	14.000000	0.000000	0.000000	0.000000	0.000000	1790355207.429136	0.000000
72.000000	11965.782877	43720.816817	-4588.030826	-32221.984234	22020.424547	-32349.567991	-14845.000487	-19017.355921	-0.002000	0.878000	0.448000	192.000000	0.000000	0.000000	0.000000	0.000000	0.000000	0.000000	0.000000	0.000000	0.000000	1790355207.429149	0.000000
73.000000	11958.831484	43732.551483	-4549.071735	-32223.750022	22033.656780	-32344.918829	-14809.081234	-19001.575589	-0.002000	0.878000	0.448000	192.000000	0.000000	0.000000	0.000000	0.000000	0.000000	0.000000	0.000000	0.000000	0.000000	1790355207.429161	0.000000
74.000000	11940.815978	43723.320213	-4564.159163	-32241.765528	22035.556678	-32339.867334	-14791.780983	-19014.271380	-0.002000	0.878000	0.448000	192.000000	0.000000	0.000000	0.000000	0.000000	0.000000	0.000000	0.000000	0.000000	0.000000	1790355207.429176	0.000000
75.000000	11930.109493	43723.744896	-4588.522564	-32302.830494	22040.809338	-32337.967436	-14795.491373	-19027.615372	-0.002000	0.878000	0.448000	192.000000	0.000000	0.000000	0.000000	0.000000	0.000000	0.000000	0.000000	0.000000	0.000000	1790355207.429188	0.000000
76.000000	11932.210557	43736.418335	-4547.216540	-32182.041667	22040.965800	-32317.962625	-14783.779059	-19012.192668	-0.002000	0.878000	0.448000	192.000000	0.000000	0.000000	0.000000	0.000000	0.000000	0.000000	0.000000	0.000000	0.000000	1790355207.429204	0.000000
77.000000	11935.406856	43729.243425	-4545.428401	-32208.416725	22044.676190	-32327.931503	-14754.766495	-19008.012892	-0.002000	0.878000	0.448000	192.000000	0.000000	0.000000	0.000000	0.000000	0.000000	0.000000	0.000000	0.000000	0.000000	1790355207.429217	0.000000
78.000000	11923.493376	43719.028678	-4557.654805	-32212.462391	22050.241774	-32329.339663	-14711.202945	-18993.238389	-0.002000	0.878000	0.448000	192.000000	0.000000	0.000000	0.000000	0.000000	0.000000	0.000000	0.000000	0.000000	0.000000	1790355207.429231	0.000000
79.000000	11916.653742	43722.761419	-4571.244666	-32289.195930	22060.031838	-32318.253197	-14695.892000	-18990.623235	-0.002000	0.878000	0.448000	192.000000	0.000000	0.000000	0.000000	0.000000	0.000000	0.000000	0.000000	0.000000	0.000000	1790355207.429243	0.000000
80.000000	11921.928754	43746.118992	-4547.775334	-32209.310795	22064.122208	-32318.186142	-14705.793823	-18983.940063	-0.002000	0.878000	0.448000	192.000000	0.000000	0.000000	0.000000	0.000000	0.000000	0.000000	0.000000	0.000000	0.000000	1790355207.429258	0.000000
81.000000	11902.281571	43740.329890	-4536.398296	-32241.474955	22040.965800	-32318.856695	-14715.606238	-18986.734031	-0.006000	0.868000	0.452000	192.000000	255.000000	208.000000	27.000000	32.000000	14.000000	32.000000	0.000000	0.000000	0.000000	1790355207.429270	0.000000
82.000000	11890.591608	43714.893605	-4566.506096	-32216.642167	22045.570260	-32334.033529	-14706.643189	-18998.446345	-0.006000	0.868000	0.452000	192.000000	0.000000	0.000000	0.000000	0.000000	0.000000	0.000000	0.000000	0.000000	0.000000	1790355207.429282	0.000000
83.000000	11914.373864	43727.589396	-4561.566360	-32235.752909	22054.600365	-32345.589381	-14699.647093	-19005.375386	-0.006000	0.868000	0.452000	192.000000	0.000000	0.000000	0.000000	0.000000	0.000000	0.000000	0.000000	0.000000	0.000000	1790355207.429358	0.000000
84.000000	11911.937524	43741.313367	-4533.961956	-32214.429344	22042.418664	-32344.181221	-14698.149526	-19002.603770	-0.006000	0.868000	0.452000	192.000000	0.000000	0.000000	0.000000	0.000000	0.000000	0.000000	0.000000	0.000000	0.000000	1790355207.429371	0.000000
85.000000	11910.886992	43739.502876	-4534.677212	-32242.592542	22031.756882	-32330.926637	-14691.935741	-19000.525057	-0.006000	0.868000	0.452000	192.000000	0.000000	0.000000	0.000000	0.000000	0.000000	0.000000	0.000000	0.000000	0.000000	1790355207.429382	0.000000
86.000000	11896.894800	43721.509721	-4535.526578	-32216.128077	22041.882222	-32301.891721	-14672.377965	-18992.254912	-0.006000	0.868000	0.452000	192.000000	0.000000	0.000000	0.000000	0.000000	0.000000	0.000000	0.000000	0.000000	0.000000	1790355207.429395	0.000000
87.000000	11899.867582	43731.992690	-4537.337069	-32238.435118	22056.634373	-32308.753706	-14651.501435	-18992.500781	-0.006000	0.868000	0.452000	192.000000	0.000000	0.000000	0.000000	0.000000	0.000000	0.000000	0.000000	0.000000	0.000000	1790355207.429407	0.000000
88.000000	11921.727588	43750.522286	-4538.499360	-32193.239891	22047.380751	-32323.841134	-14649.266261	-19001.597941	-0.006000	0.868000	0.452000	192.000000	0.000000	0.000000	0.000000	0.000000	0.000000	0.000000	0.000000	0.000000	0.000000	1790355207.429421	0.000000
89.000000	11905.164946	43741.000443	-4534.207825	-32203.924025	22035.668437	-32328.311482	-14653.758961	-19006.224752	-0.006000	0.868000	0.452000	192.000000	0.000000	0.000000	0.000000	0.000000	0.000000	0.000000	0.000000	0.000000	0.000000	1790355207.429434	0.000000
90.000000	11890.256332	43727.120009	-4544.176703	-32217.312720	22048.610097	-32332.379500	-14632.658915	-18996.389985	-0.002000	0.870000	0.454000	192.000000	255.000000	240.000000	27.000000	48.000000	14.000000	48.000000	0.000000	0.000000	0.000000	1790355207.429446	0.000000
91.000000	11886.970626	43738.698213	-4526.965860	-32238.792746	22064.591594	-32334.592323	-14607.133222	-18990.355014	-0.002000	0.870000	0.454000	192.000000	0.000000	0.000000	0.000000	0.000000	0.000000	0.000000	0.000000	0.000000	0.000000	1790355207.429459	0.000000
92.000000	11884.690748	43753.606826	-4546.970671	-32245.542973	22053.415722	-32331.038395	-14629.909650	-19008.728148	-0.002000	0.870000	0.454000	192.000000	0.000000	0.000000	0.000000	0.000000	0.000000	0.000000	0.000000	0.000000	0.000000	1790355207.429471	0.000000
93.000000	11883.953140	43762.592228	-4568.115421	-32263.312610	22027.398292	-32324.064651	-14649.802703	-19009.935142	-0.002000	0.870000	0.454000	192.000000	0.000000	0.000000	0.000000	0.000000	0.000000	0.000000	0.000000	0.000000	0.000000	1790355207.429483	0.000000
94.000000	11870.966777	43752.623350	-4533.626680	-32217.178609	22036.338989	-32336.224000	-14622.153595	-19002.939046	-0.002000	0.870000	0.454000	192.000000	0.000000	0.000000	0.000000	0.000000	0.000000	0.000000	0.000000	0.000000	0.000000	1790355207.429495	0.000000
95.000000	11867.323442	43745.023757	-4526.317659	-32232.847182	22064.770408	-32349.724454	-14594.660949	-19010.382177	-0.002000	0.870000	0.454000	192.000000	0.000000	0.000000	0.000000	0.000000	0.000000	0.000000	0.000000	0.000000	0.000000	1790355207.429525	0.000000
96.000000	11865.848227	43760.759385	-4534.632508	-32275.226089	22075.074562	-32349.657398	-14595.152687	-19016.663017	-0.002000	0.870000	0.454000	192.000000	0.000000	0.000000	0.000000	0.000000	0.000000	0.000000	0.000000	0.000000	0.000000	1790355207.429539	0.000000
97.000000	11865.378841	43780.272458	-4526.563528	-32237.898676	22067.162045	-32329.764346	-14590.414118	-19007.588209	-0.002000	0.870000	0.454000	192.000000	0.000000	0.000000	0.000000	0.000000	0.000000	0.000000	0.000000	0.000000	0.000000	1790355207.429553	0.000000
98.000000	11860.684974	43771.488222	-4520.349743	-32203.387583	22056.030876	-32325.584570	-14585.943769	-19005.710662	-0.002000	0.870000	0.454000	192.000000	0.000000	0.000000	0.000000	0.000000	0.000000	0.000000	0.000000	0.000000	0.000000	1790355207.429629	0.000000
99.000000	11853.308899	43751.930446	-4521.221461	-32247.845202	22060.970612	-32327.238599	-14559.591062	-18988.723336	-0.002000	0.870000	0.454000	192.000000	0.000000	0.000000	0.000000	0.000000	0.000000	0.000000	0.000000	0.000000	0.000000	1790355207.429640	0.000000
100.000000	11845.061105	43756.065518	-4528.217557	-32255.668313	22061.082370	-32346.706968	-14547.923451	-18999.340415	-0.002000	0.870000	0.454000	192.000000	0.000000	0.000000	27.000000	32.000000	14.000000	16.000000	0.000000	0.000000	0.000000	1790355207.429652	0.000000
101.000000	11832.432369	43751.773983	-4541.919177	-32226.767507	22048.118359	-32334.346453	-14549.912757	-19000.100374	-0.002000	0.870000	0.454000	192.000000	0.000000	0.000000	0.000000	0.000000	0.000000	0.000000	0.000000	0.000000	0.000000	1790355207.429666	0.000000
102.000000	11832.186500	43740.262835	-4529.960994	-32234.992949	22041.546946	-32319.124915	-14544.637745	-18990.355014	-0.002000	0.870000	0.454000	192.000000	0.000000	0.000000	0.000000	0.000000	0.000000	0.000000	0.000000	0.000000	0.000000	1790355207.429679	0.000000
103.000000	11841.529529	43736.440687	-4510.179700	-32235.082356	22064.502187	-32311.681785	-14518.843832	-18980.743764	-0.002000	0.870000	0.454000	192.000000	0.000000	0.000000	0.000000	0.000000	0.000000	0.000000	0.000000	0.000000	0.000000	1790355207.429692	0.000000
104.000000	11837.841491	43746.230751	-4505.172909	-32248.783976	22067.899652	-32321.203628	-14511.043073	-18986.778735	-0.002000	0.870000	0.454000	192.000000	0.000000	0.000000	0.000000	0.000000	0.000000	0.000000	0.000000	0.000000	0.000000	1790355207.429704	0.000000
105.000000	11839.070837	43765.363844	-4499.607325	-32220.933702	22054.935641	-32322.254160	-14522.733035	-18987.203418	-0.002000	0.870000	0.454000	192.000000	0.000000	0.000000	0.000000	0.000000	0.000000	0.000000	0.000000	0.000000	0.000000	1790355207.429716	0.000000
106.000000	11836.925070	43769.364806	-4500.747264	-32225.024071	22044.787949	-32313.157000	-14527.203384	-18975.893435	-0.002000	0.870000	0.454000	192.000000	0.000000	0.000000	0.000000	0.000000	0.000000	0.000000	0.000000	0.000000	0.000000	1790355207.429726	0.000000
107.000000	11822.351733	43758.635969	-4500.277877	-32190.289460	22057.193167	-32315.235712	-14506.058634	-18981.257854	-0.002000	0.870000	0.454000	192.000000	0.000000	0.000000	0.000000	0.000000	0.000000	0.000000	0.000000	0.000000	0.000000	1790355207.429739	0.000000
108.000000	11820.407131	43767.196687	-4507.855118	-32218.407955	22067.094990	-32320.890703	-14492.804050	-18986.778735	-0.002000	0.870000	0.454000	192.000000	0.000000	0.000000	0.000000	0.000000	0.000000	0.000000	0.000000	0.000000	0.000000	1790355207.429751	0.000000
109.000000	11819.691875	43782.909963	-4505.709351	-32216.306891	22048.855966	-32332.558314	-14496.827364	-18994.445383	-0.002000	0.870000	0.454000	192.000000	0.000000	0.000000	0.000000	0.000000	0.000000	0.000000	0.000000	0.000000	0.000000	1790355207.429762	0.000000
110.000000	11806.727863	43782.552336	-4513.085426	-32216.642167	22022.570315	-32321.114221	-14506.259800	-19001.195610	-0.002000	0.870000	0.454000	192.000000	0.000000	0.000000	27.000000	96.000000	14.000000	16.000000	0.000000	0.000000	0.000000	1790355207.429773	0.000000
111.000000	11803.106881	43781.211231	-4501.395464	-32215.099897	22036.830728	-32314.252235	-14486.031471	-18991.360842	-0.002000	0.870000	0.454000	192.000000	0.000000	0.000000	0.000000	0.000000	0.000000	0.000000	0.000000	0.000000	0.000000	1790355207.429785	0.000000
112.000000	11792.601561	43779.937181	-4504.256487	-32226.186362	22059.026010	-32320.041337	-14477.336642	-18998.111069	-0.002000	0.870000	0.454000	192.000000	0.000000	0.000000	0.000000	0.000000	0.000000	0.000000	0.000000	0.000000	0.000000	1790355207.429796	0.000000
113.000000	11780.956302	43791.068350	-4508.838595	-32239.172726	22047.514862	-32336.201648	-14485.159753	-19007.878781	-0.002000	0.870000	0.454000	192.000000	0.000000	0.000000	0.000000	0.000000	0.000000	0.000000	0.000000	0.000000	0.000000	1790355207.429901	0.000000
114.000000	11779.570494	43799.696124	-4504.703522	-32245.610028	22036.540155	-32327.484468	-14490.166544	-19004.883648	-0.002000	0.870000	0.454000	192.000000	0.000000	0.000000	0.000000	0.000000	0.000000	0.000000	0.000000	0.000000	0.000000	1790355207.429928	0.000000
115.000000	11777.044747	43784.854565	-4498.892069	-32232.646016	22051.761693	-32315.392174	-14461.109276	-18991.405546	-0.002000	0.870000	0.454000	192.000000	0.000000	0.000000	0.000000	0.000000	0.000000	0.000000	0.000000	0.000000	0.000000	1790355207.429955	0.000000
116.000000	11772.507342	43780.473623	-4498.467386	-32233.383624	22065.239795	-32330.725471	-14444.859558	-19005.241275	-0.002000	0.870000	0.454000	192.000000	0.000000	0.000000	0.000000	0.000000	0.000000	0.000000	0.000000	0.000000	0.000000	1790355207.429979	0.000000
117.000000	11785.940741	43800.903118	-4484.698711	-32212.663557	22066.379734	-32322.120049	-14426.575831	-19000.055671	-0.002000	0.870000	0.454000	192.000000	0.000000	0.000000	0.000000	0.000000	0.000000	0.000000	0.000000	0.000000	0.000000	1790355207.430019	0.000000
118.000000	11776.821229	43805.485225	-4485.391615	-32230.142621	22054.421551	-32328.602055	-14422.619572	-19006.336511	-0.002000	0.870000	0.454000	192.000000	0.000000	0.000000	0.000000	0.000000	0.000000	0.000000	0.000000	0.000000	0.000000	1790355207.430059	0.000000
119.000000	11764.795991	43793.147062	-4479.803679	-32223.928836	22060.970612	-32337.676863	-14408.627380	-18987.784563	-0.002000	0.870000	0.454000	192.000000	0.000000	0.000000	0.000000	0.000000	0.000000	0.000000	0.000000	0.000000	0.000000	1790355207.430079	0.000000
120.000000	11762.583168	43791.157757	-4475.489792	-32226.678100	22070.738324	-32322.298863	-14386.342691	-18978.463886	0.002000	0.880000	0.454000	192.000000	0.000000	16.000000	27.000000	128.000000	14.000000	48.000000	0.000000	0.000000	0.000000	1790355207.430098	0.000000
121.000000	11760.795028	43812.123693	-4480.273066	-32228.533295	22057.550795	-32324.690500	-14385.739194	-18982.755421	0.002000	0.880000	0.454000	192.000000	0.000000	0.000000	0.000000	0.000000	0.000000	0.000000	0.000000	0.000000	0.000000	1790355207.430118	0.000000
122.000000	11751.362592	43831.167380	-4483.089385	-32230.500249	22050.755864	-32314.743974	-14404.291142	-18981.906054	0.002000	0.880000	0.454000	192.000000	0.000000	0.000000	0.000000	0.000000	0.000000	0.000000	0.000000	0.000000	0.000000	1790355207.430139	0.000000
123.000000	11745.618194	43838.454048	-4472.628769	-32217.491533	22047.291344	-32303.925729	-14400.446641	-18971.803066	0.002000	0.880000	0.454000	192.000000	0.000000	0.000000	0.000000	0.000000	0.000000	0.000000	0.000000	0.000000	0.000000	1790355207.430157	0.000000
124.000000	11735.224633	43822.807827	-4477.747318	-32220.620778	22052.745170	-32316.688575	-14383.883999	-18983.850656	0.002000	0.880000	0.454000	192.000000	0.000000	0.000000	0.000000	0.000000	0.000000	0.000000	0.000000	0.000000	0.000000	1790355207.430176	0.000000
125.000000	11733.257679	43818.896272	-4473.120507	-32230.924932	22068.883129	-32315.615692	-14373.155162	-18992.098450	0.002000	0.880000	0.454000	192.000000	0.000000	0.000000	0.000000	0.000000	0.000000	0.000000	0.000000	0.000000	0.000000	1790355207.430195	0.000000
126.000000	11744.590014	43823.456028	-4463.397499	-32223.660615	22052.476949	-32309.357203	-14387.169705	-18993.528961	0.002000	0.880000	0.454000	192.000000	0.000000	0.000000	0.000000	0.000000	0.000000	0.000000	0.000000	0.000000	0.000000	1790355207.430215	0.000000
127.000000	11736.722200	43824.238339	-4464.716251	-32216.776278	22045.950239	-32313.827552	-14386.007415	-18989.930331	0.002000	0.880000	0.454000	192.000000	0.000000	0.000000	0.000000	0.000000	0.000000	0.000000	0.000000	0.000000	0.000000	1790355207.430236	0.000000
128.000000	11735.425798	43823.947766	-4467.130240	-32219.771411	22070.492455	-32313.022889	-14363.208635	-18985.549389	0.002000	0.880000	0.454000	192.000000	0.000000	0.000000	0.000000	0.000000	0.000000	0.000000	0.000000	0.000000	0.000000	1790355207.430256	0.000000
129.000000	11729.569641	43825.914720	-4476.473269	-32225.784031	22063.406952	-32343.734186	-14359.006507	-18997.798145	0.002000	0.880000	0.454000	192.000000	0.000000	0.000000	0.000000	0.000000	0.000000	0.000000	0.000000	0.000000	0.000000	1790355207.430376	0.000000
130.000000	11727.580336	43842.924397	-4474.908647	-32220.799592	22037.970667	-32325.673977	-14375.211522	-18999.966264	-0.004000	0.872000	0.450000	192.000000	255.000000	224.000000	27.000000	64.000000	14.000000	16.000000	0.000000	0.000000	0.000000	1790355207.907929	0.000000
131.000000	11735.135226	43852.088613	-4459.441240	-32202.627623	22034.662608	-32297.220206	-14367.120191	-18986.890493	-0.004000	0.872000	0.450000	192.000000	0.000000	0.000000	0.000000	0.000000	0.000000	0.000000	0.000000	0.000000	0.000000	1790355207.908024	0.000000
132.000000	11721.768882	43840.108078	-4472.986397	-32215.949263	22036.607210	-32318.968453	-14344.343763	-18993.394851	-0.004000	0.872000	0.450000	192.000000	0.000000	0.000000	0.000000	0.000000	0.000000	0.000000	0.000000	0.000000	0.000000	1790355207.908038	0.000000
133.000000	11715.935077	43837.828200	-4476.428566	-32228.443888	22049.794739	-32328.020910	-14335.939507	-19008.839906	-0.004000	0.872000	0.450000	192.000000	0.000000	0.000000	0.000000	0.000000	0.000000	0.000000	0.000000	0.000000	0.000000	1790355207.908054	0.000000
134.000000	11712.917592	43839.415173	-4469.924208	-32231.304912	22039.423530	-32333.340625	-14350.468141	-19014.986636	-0.004000	0.872000	0.450000	192.000000	0.000000	0.000000	0.000000	0.000000	0.000000	0.000000	0.000000	0.000000	0.000000	1790355207.908068	0.000000
135.000000	11708.491946	43836.665909	-4461.564655	-32225.716975	22021.832707	-32313.380517	-14356.793685	-19009.868087	-0.004000	0.872000	0.450000	192.000000	0.000000	0.000000	0.000000	0.000000	0.000000	0.000000	0.000000	0.000000	0.000000	1790355207.908080	0.000000
136.000000	11703.641618	43830.005089	-4461.028214	-32225.940493	22030.125204	-32317.962625	-14345.371943	-19011.656226	-0.004000	0.872000	0.450000	192.000000	0.000000	0.000000	0.000000	0.000000	0.000000	0.000000	0.000000	0.000000	0.000000	1790355207.908094	0.000000
137.000000	11700.333560	43839.281063	-4462.659891	-32232.489554	22037.791853	-32323.863485	-14333.302001	-19012.662055	-0.004000	0.872000	0.450000	192.000000	0.000000	0.000000	0.000000	0.000000	0.000000	0.000000	0.000000	0.000000	0.000000	1790355207.908106	0.000000
138.000000	11699.372435	43856.491906	-4458.703632	-32232.221333	22041.859870	-32322.969416	-14320.405045	-19000.882685	-0.004000	0.872000	0.450000	192.000000	0.000000	0.000000	0.000000	0.000000	0.000000	0.000000	0.000000	0.000000	0.000000	1790355207.908120	0.000000
139.000000	11693.270408	43860.068185	-4449.204141	-32229.337958	22031.622771	-32332.759480	-14304.602361	-18991.182028	-0.004000	0.872000	0.450000	192.000000	0.000000	0.000000	0.000000	0.000000	0.000000	0.000000	0.000000	0.000000	0.000000	1790355207.908134	0.000000
140.000000	11686.251961	43853.295607	-4435.681335	-32227.348653	22046.710199	-32339.777927	-14285.804544	-18999.005139	-0.006000	0.868000	0.444000	192.000000	255.000000	208.000000	27.000000	32.000000	13.000000	224.000000	0.000000	0.000000	0.000000	1790355207.908148	0.000000
141.000000	11686.743699	43859.978778	-4431.389800	-32220.173743	22060.702391	-32311.502971	-14263.139875	-18982.353089	-0.006000	0.868000	0.444000	192.000000	0.000000	0.000000	0.000000	0.000000	0.000000	0.000000	0.000000	0.000000	0.000000	1790355207.908163	0.000000
142.000000	11695.527934	43885.660933	-4424.952498	-32209.176685	22051.672286	-32289.262985	-14255.629689	-18969.456133	-0.006000	0.868000	0.444000	192.000000	0.000000	0.000000	0.000000	0.000000	0.000000	0.000000	0.000000	0.000000	0.000000	1790355207.908175	0.000000
143.000000	11684.754394	43885.258601	-4437.447123	-32220.352557	22010.500373	-32299.298918	-14279.411945	-18983.873008	-0.006000	0.868000	0.444000	192.000000	0.000000	0.000000	0.000000	0.000000	0.000000	0.000000	0.000000	0.000000	0.000000	1790355207.908217	0.000000
144.000000	11674.070260	43866.840764	-4437.357716	-32216.910388	22006.879390	-32297.622537	-14261.999936	-18972.160694	-0.006000	0.868000	0.444000	192.000000	0.000000	0.000000	0.000000	0.000000	0.000000	0.000000	0.000000	0.000000	0.000000	1790355207.908987	0.000000
145.000000	11678.205333	43859.688206	-4422.337344	-32210.406030	22047.783082	-32306.138552	-14214.636590	-18965.544577	-0.006000	0.868000	0.444000	192.000000	0.000000	0.000000	0.000000	0.000000	0.000000	0.000000	0.000000	0.000000	0.000000	1790355207.909003	0.000000
146.000000	11676.506600	43865.209087	-4423.343172	-32214.362289	22048.945373	-32313.067593	-14189.088546	-18973.881778	-0.006000	0.868000	0.444000	192.000000	0.000000	0.000000	0.000000	0.000000	0.000000	0.000000	0.000000	0.000000	0.000000	1790355207.909018	0.000000
147.000000	11673.913798	43872.249886	-4423.723152	-32214.854028	22029.052321	-32317.962625	-14192.933046	-18980.989633	-0.006000	0.868000	0.444000	192.000000	0.000000	0.000000	0.000000	0.000000	0.000000	0.000000	0.000000	0.000000	0.000000	1790355207.909032	0.000000
148.000000	11662.894388	43855.620188	-4432.105056	-32221.067813	22005.381823	-32319.929578	-14189.826153	-18985.415278	-0.006000	0.868000	0.444000	192.000000	0.000000	0.000000	0.000000	0.000000	0.000000	0.000000	0.000000	0.000000	0.000000	1790355207.909045	0.000000
149.000000	11659.988661	43851.641578	-4436.284833	-32225.672272	22009.069861	-32320.108392	-14168.279072	-18985.482333	-0.006000	0.868000	0.444000	192.000000	0.000000	0.000000	0.000000	0.000000	0.000000	0.000000	0.000000	0.000000	0.000000	1790355207.909059	0.000000
150.000000	11664.436658	43857.698900	-4442.878597	-32229.740289	22012.601437	-32328.803221	-14159.651298	-18988.522171	0.006000	0.876000	0.454000	192.000000	0.000000	48.000000	27.000000	96.000000	14.000000	48.000000	0.000000	0.000000	0.000000	1790355207.909074	0.000000
151.000000	11667.811771	43865.052624	-4439.212911	-32227.236894	21989.489733	-32346.483451	-14173.285863	-18992.344319	0.006000	0.876000	0.454000	192.000000	0.000000	0.000000	0.000000	0.000000	0.000000	0.000000	0.000000	0.000000	0.000000	1790355207.909087	0.000000
152.000000	11684.016786	43869.835898	-4414.849510	-32211.255397	21991.523742	-32320.890703	-14165.060421	-18972.898301	0.006000	0.876000	0.454000	192.000000	0.000000	0.000000	0.000000	0.000000	0.000000	0.000000	0.000000	0.000000	0.000000	1790355207.909099	0.000000
153.000000	11690.699958	43860.872848	-4401.885498	-32204.058135	22021.139803	-32305.222130	-14140.272336	-18976.519284	0.006000	0.876000	0.454000	192.000000	0.000000	0.000000	0.000000	0.000000	0.000000	0.000000	0.000000	0.000000	0.000000	1790355207.909110	0.000000
154.000000	11683.547399	43854.413194	-4412.815501	-32218.430307	22012.802602	-32314.565160	-14144.072133	-18986.734031	0.006000	0.876000	0.454000	192.000000	0.000000	0.000000	0.000000	0.000000	0.000000	0.000000	0.000000	0.000000	0.000000	1790355207.909122	0.000000
155.000000	11688.241266	43862.526877	-4412.100245	-32212.462391	21983.007727	-32305.378593	-14153.035182	-18982.889531	0.006000	0.876000	0.454000	192.000000	0.000000	0.000000	0.000000	0.000000	0.000000	0.000000	0.000000	0.000000	0.000000	1790355207.909134	0.000000
156.000000	11686.676644	43858.056528	-4416.570594	-32211.121286	21961.706515	-32319.974282	-14150.732952	-18985.705851	0.006000	0.876000	0.454000	192.000000	0.000000	0.000000	0.000000	0.000000	0.000000	0.000000	0.000000	0.000000	0.000000	1790355207.909146	0.000000
157.000000	11688.084804	43851.596874	-4418.783417	-32212.462391	21968.724962	-32338.928561	-14129.677609	-18991.092621	0.006000	0.876000	0.454000	192.000000	0.000000	0.000000	0.000000	0.000000	0.000000	0.000000	0.000000	0.000000	0.000000	1790355207.909160	0.000000
158.000000	11694.700920	43858.548267	-4409.999181	-32210.361327	21987.880407	-32339.375596	-14110.231591	-18979.626176	0.006000	0.876000	0.454000	192.000000	0.000000	0.000000	0.000000	0.000000	0.000000	0.000000	0.000000	0.000000	0.000000	1790355207.909172	0.000000
159.000000	11709.274257	43878.508375	-4402.109015	-32201.800609	21980.906663	-32322.410622	-14113.830222	-18973.099467	0.006000	0.876000	0.454000	192.000000	0.000000	0.000000	0.000000	0.000000	0.000000	0.000000	0.000000	0.000000	0.000000	1790355207.909184	0.000000
160.000000	11708.223725	43881.659970	-4401.997257	-32203.007603	21975.564596	-32325.919846	-14110.052778	-18970.685479	0.008000	0.878000	0.460000	192.000000	0.000000	64.000000	27.000000	112.000000	14.000000	96.000000	0.000000	0.000000	0.000000	1790355207.909283	0.000000
161.000000	11698.344254	43865.946694	-4420.415094	-32218.810286	21975.296375	-32335.173468	-14108.443452	-18980.877874	0.008000	0.878000	0.460000	192.000000	0.000000	0.000000	0.000000	0.000000	0.000000	0.000000	0.000000	0.000000	0.000000	1790355207.909298	0.000000
162.000000	11711.330618	43868.405386	-4421.912661	-32218.542065	21976.592776	-32335.821669	-14094.093632	-18989.572703	0.008000	0.878000	0.460000	192.000000	0.000000	0.000000	0.000000	0.000000	0.000000	0.000000	0.000000	0.000000	0.000000	1790355207.909310	0.000000
163.000000	11721.232441	43881.391750	-4410.267402	-32212.194170	21988.327442	-32331.150154	-14083.588312	-18990.980862	0.008000	0.878000	0.460000	192.000000	0.000000	0.000000	0.000000	0.000000	0.000000	0.000000	0.000000	0.000000	0.000000	1790355207.909322	0.000000
164.000000	11731.380133	43889.796005	-4393.771815	-32195.944452	21984.594701	-32318.655529	-14073.865303	-18967.198606	0.008000	0.878000	0.460000	192.000000	0.000000	0.000000	0.000000	0.000000	0.000000	0.000000	0.000000	0.000000	0.000000	1790355207.909334	0.000000
165.000000	11731.380133	43872.763976	-4394.330608	-32196.324431	21982.247768	-32308.351375	-14067.629167	-18970.394906	0.008000	0.878000	0.460000	192.000000	0.000000	0.000000	0.000000	0.000000	0.000000	0.000000	0.000000	0.000000	0.000000	1790355207.909348	0.000000
166.000000	11731.447188	43868.248924	-4401.304352	-32200.906539	21983.633576	-32318.677881	-14062.868245	-18982.241330	0.008000	0.878000	0.460000	192.000000	0.000000	0.000000	0.000000	0.000000	0.000000	0.000000	0.000000	0.000000	0.000000	1790355207.909361	0.000000
167.000000	11730.821339	43874.149784	-4412.614335	-32209.243740	21965.215738	-32339.330892	-14079.855571	-18993.104278	0.008000	0.878000	0.460000	192.000000	0.000000	0.000000	0.000000	0.000000	0.000000	0.000000	0.000000	0.000000	0.000000	1790355207.909372	0.000000
168.000000	11731.067208	43889.013694	-4408.702780	-32209.064926	21934.459738	-32344.583552	-14095.099460	-18992.433726	0.008000	0.878000	0.460000	192.000000	0.000000	0.000000	0.000000	0.000000	0.000000	0.000000	0.000000	0.000000	0.000000	1790355207.909383	0.000000
169.000000	11725.971010	43881.995247	-4398.376274	-32198.380792	21942.238145	-32329.987863	-14085.376452	-18984.700022	0.008000	0.878000	0.460000	192.000000	0.000000	0.000000	0.000000	0.000000	0.000000	0.000000	0.000000	0.000000	0.000000	1790355207.909395	0.000000
170.000000	11723.132339	43870.461747	-4392.229544	-32195.944452	21994.876503	-32320.935407	-14061.750658	-18982.934234	0.002000	0.878000	0.452000	192.000000	0.000000	16.000000	27.000000	112.000000	14.000000	32.000000	0.000000	0.000000	0.000000	1790355207.909406	0.000000
171.000000	11724.249926	43871.422872	-4397.303390	-32200.615966	21983.968852	-32333.072404	-14066.444524	-18990.287958	0.002000	0.878000	0.452000	192.000000	0.000000	0.000000	0.000000	0.000000	0.000000	0.000000	0.000000	0.000000	0.000000	1790355207.909418	0.000000
172.000000	11730.329601	43881.458805	-4389.592038	-32198.246681	21964.947518	-32335.955779	-14083.208332	-18984.185932	0.002000	0.878000	0.452000	192.000000	0.000000	0.000000	0.000000	0.000000	0.000000	0.000000	0.000000	0.000000	0.000000	1790355207.909430	0.000000
173.000000	11728.921441	43882.397578	-4387.155698	-32192.457580	21950.374180	-32338.593285	-14085.152934	-18977.256891	0.002000	0.878000	0.452000	192.000000	0.000000	0.000000	0.000000	0.000000	0.000000	0.000000	0.000000	0.000000	0.000000	1790355207.909441	0.000000
174.000000	11729.100255	43887.672590	-4381.679521	-32187.897824	21970.401343	-32347.154003	-14069.171437	-18981.257854	0.002000	0.878000	0.452000	192.000000	0.000000	0.000000	0.000000	0.000000	0.000000	0.000000	0.000000	0.000000	0.000000	1790355207.909453	0.000000
175.000000	11731.849519	43899.474311	-4387.692140	-32191.071772	21966.713305	-32349.836212	-14070.177265	-18991.472601	0.002000	0.878000	0.452000	192.000000	0.000000	0.000000	0.000000	0.000000	0.000000	0.000000	0.000000	0.000000	0.000000	1790355207.909518	0.000000
176.000000	11736.655144	43916.238119	-4379.734919	-32174.240908	21939.265363	-32329.272607	-14079.117963	-18982.151923	0.002000	0.878000	0.452000	192.000000	0.000000	0.000000	0.000000	0.000000	0.000000	0.000000	0.000000	0.000000	0.000000	1790355207.909531	0.000000
177.000000	11724.473444	43887.158500	-4389.636742	-32183.762751	21916.623046	-32339.330892	-14085.421155	-18988.946854	0.002000	0.878000	0.452000	192.000000	0.000000	0.000000	0.000000	0.000000	0.000000	0.000000	0.000000	0.000000	0.000000	1790355207.909543	0.000000
178.000000	11726.105121	43867.712482	-4392.587172	-32192.278766	21931.308142	-32346.572858	-14076.614568	-18994.825363	0.002000	0.878000	0.452000	192.000000	0.000000	0.000000	0.000000	0.000000	0.000000	0.000000	0.000000	0.000000	0.000000	1790355207.909556	0.000000
179.000000	11747.607499	43883.828090	-4385.836945	-32186.534367	21945.635610	-32331.217209	-14079.363832	-18997.909903	0.002000	0.878000	0.452000	192.000000	0.000000	0.000000	27.000000	112.000000	14.000000	64.000000	0.000000	0.000000	0.000000	1790355207.909568	0.000000
180.000000	11752.681345	43887.694941	-4379.354939	-32186.109684	21945.635610	-32325.249293	-14100.240362	-19016.864183	0.002000	0.878000	0.452000	192.000000	0.000000	0.000000	0.000000	0.000000	0.000000	0.000000	0.000000	0.000000	0.000000	1790355207.909580	0.000000
181.000000	11748.590976	43872.272238	-4372.604713	-32185.215614	21941.589945	-32334.011177	-14096.015882	-19031.593982	0.002000	0.878000	0.452000	192.000000	0.000000	0.000000	0.000000	0.000000	0.000000	0.000000	0.000000	0.000000	0.000000	1790355207.909591	0.000000
182.000000	11753.865988	43861.901028	-4371.554181	-32185.550891	21954.084570	-32326.322177	-14081.308434	-19030.766968	0.002000	0.878000	0.452000	192.000000	0.000000	0.000000	0.000000	0.000000	0.000000	0.000000	0.000000	0.000000	0.000000	1790355207.909604	0.000000
183.000000	11757.688136	43865.879639	-4367.508515	-32185.975574	21965.863939	-32326.121012	-14069.819638	-19037.070160	0.002000	0.878000	0.452000	192.000000	0.000000	0.000000	0.000000	0.000000	0.000000	0.000000	0.000000	0.000000	0.000000	1790355207.909645	0.000000
184.000000	11762.538464	43887.359665	-4367.687329	-32186.310850	21958.353753	-32336.156945	-14067.606815	-19038.567726	0.002000	0.878000	0.452000	192.000000	0.000000	0.000000	0.000000	0.000000	0.000000	0.000000	0.000000	0.000000	0.000000	1790355207.909658	0.000000
185.000000	11756.324679	43892.925250	-4364.558085	-32182.846330	21953.793997	-32336.536924	-14074.178228	-19037.405436	0.002000	0.878000	0.452000	192.000000	0.000000	0.000000	0.000000	0.000000	0.000000	0.000000	0.000000	0.000000	0.000000	1790355207.909669	0.000000
186.000000	11746.735781	43876.966104	-4367.419108	-32185.103856	21952.899927	-32341.968398	-14069.171437	-19034.544412	0.002000	0.878000	0.452000	192.000000	0.000000	0.000000	0.000000	0.000000	0.000000	0.000000	0.000000	0.000000	0.000000	1790355207.909681	0.000000
187.000000	11746.869892	43869.612380	-4365.116878	-32186.154388	21952.877576	-32343.465965	-14056.632108	-19039.238279	0.002000	0.878000	0.452000	192.000000	0.000000	0.000000	0.000000	0.000000	0.000000	0.000000	0.000000	0.000000	0.000000	1790355207.909694	0.000000
188.000000	11744.411200	43882.732854	-4362.702890	-32189.261280	21934.929125	-32325.249293	-14056.229777	-19038.277154	0.002000	0.878000	0.452000	192.000000	0.000000	0.000000	0.000000	0.000000	0.000000	0.000000	0.000000	0.000000	0.000000	1790355207.909707	0.000000
189.000000	11748.948604	43896.009790	-4352.666957	-32184.388600	21917.025377	-32324.757555	-14053.592271	-19037.740712	0.006000	0.868000	0.452000	192.000000	0.000000	48.000000	27.000000	32.000000	14.000000	32.000000	0.000000	0.000000	0.000000	1790355207.909718	0.000000
190.000000	11752.435476	43891.740607	-4346.542579	-32176.654896	21929.542354	-32329.183201	-14023.842099	-19015.679540	0.006000	0.868000	0.452000	192.000000	0.000000	0.000000	0.000000	0.000000	0.000000	0.000000	0.000000	0.000000	0.000000	1790355207.909781	0.000000
191.000000	11748.322755	43883.939848	-4345.939081	-32187.562548	21956.811483	-32335.732262	-14009.827555	-19017.288866	0.006000	0.868000	0.452000	192.000000	0.000000	0.000000	0.000000	0.000000	0.000000	0.000000	0.000000	0.000000	0.000000	1790355207.909794	0.000000
192.000000	11751.764924	43899.384904	-4347.950738	-32191.451751	21956.476206	-32334.882895	-14020.399931	-19028.084758	0.006000	0.868000	0.452000	192.000000	0.000000	0.000000	0.000000	0.000000	0.000000	0.000000	0.000000	0.000000	0.000000	1790355207.909806	0.000000
193.000000	11747.853368	43911.074866	-4354.700965	-32191.675269	21931.106976	-32331.641892	-14030.748788	-19028.978828	0.006000	0.868000	0.452000	192.000000	0.000000	0.000000	0.000000	0.000000	0.000000	0.000000	0.000000	0.000000	0.000000	1790355207.909817	0.000000
194.000000	11737.638621	43899.675477	-4351.571721	-32192.792856	21929.072968	-32333.810012	-14038.504844	-19043.730979	0.006000	0.868000	0.452000	192.000000	0.000000	0.000000	0.000000	0.000000	0.000000	0.000000	0.000000	0.000000	0.000000	1790355207.909829	0.000000
195.000000	11739.315002	43891.047703	-4320.413389	-32190.222405	21938.974790	-32337.922733	-14017.427149	-19037.584250	0.006000	0.868000	0.452000	192.000000	0.000000	0.000000	0.000000	0.000000	0.000000	0.000000	0.000000	0.000000	0.000000	1790355207.909841	0.000000
196.000000	11737.415104	43894.556927	-4225.641993	-32194.849216	21929.877630	-32347.154003	-14013.225021	-19045.742636	0.006000	0.868000	0.452000	192.000000	0.000000	0.000000	0.000000	0.000000	0.000000	0.000000	0.000000	0.000000	0.000000	1790355207.909855	0.000000
197.000000	11744.232386	43912.460674	-4177.429280	-32185.372077	21904.530752	-32330.725471	-14028.155986	-19050.928241	0.006000	0.868000	0.452000	192.000000	0.000000	0.000000	0.000000	0.000000	0.000000	0.000000	0.000000	0.000000	0.000000	1790355207.909867	0.000000
198.000000	11729.994324	43904.995192	-4177.585742	-32193.038725	21895.522999	-32322.880009	-14033.699218	-19053.118712	0.006000	0.868000	0.452000	192.000000	0.000000	0.000000	0.000000	0.000000	0.000000	0.000000	0.000000	0.000000	0.000000	1790355207.909880	0.000000
199.000000	11726.820377	43890.175985	-4167.952140	-32198.805475	21908.174087	-32335.866372	-14033.207480	-19059.645421	0.006000	0.870000	0.452000	192.000000	0.000000	48.000000	27.000000	48.000000	14.000000	32.000000	0.000000	0.000000	0.000000	1790355207.909904	0.000000
200.000000	11741.349011	43898.513186	-4142.202931	-32193.061077	21912.420918	-32337.587456	-14031.329934	-19058.192558	0.006000	0.870000	0.452000	192.000000	0.000000	0.000000	0.000000	0.000000	0.000000	0.000000	0.000000	0.000000	0.000000	1790355207.909916	0.000000
201.000000	11733.838824	43903.542328	-4146.047431	-32199.677193	21898.786354	-32350.797337	-14049.032515	-19072.117695	0.006000	0.870000	0.452000	192.000000	0.000000	0.000000	0.000000	0.000000	0.000000	0.000000	0.000000	0.000000	0.000000	1790355207.909927	0.000000
202.000000	11732.922403	43906.671573	-4138.380782	-32195.162141	21890.113877	-32353.792471	-14057.325012	-19071.894177	0.006000	0.870000	0.452000	192.000000	0.000000	0.000000	0.000000	0.000000	0.000000	0.000000	0.000000	0.000000	0.000000	1790355207.909939	0.000000
203.000000	11737.191586	43912.103046	-4138.559596	-32194.759809	21902.764964	-32347.086948	-14025.920811	-19069.301375	0.006000	0.870000	0.452000	192.000000	0.000000	0.000000	0.000000	0.000000	0.000000	0.000000	0.000000	0.000000	0.000000	1790355207.909950	0.000000
204.000000	11746.713429	43923.256567	-4125.059143	-32183.136902	21924.200287	-32332.826535	-14018.231811	-19070.016631	0.006000	0.870000	0.452000	192.000000	0.000000	0.000000	0.000000	0.000000	0.000000	0.000000	0.000000	0.000000	0.000000	1790355207.909962	0.000000
205.000000	11745.081752	43930.923215	-4127.316669	-32189.507149	21890.247988	-32338.637988	-14052.139408	-19085.014651	0.006000	0.870000	0.452000	192.000000	0.000000	0.000000	0.000000	0.000000	0.000000	0.000000	0.000000	0.000000	0.000000	1790355207.909972	0.000000
206.000000	11739.136188	43925.938776	-4128.277794	-32189.060115	21863.671763	-32344.136518	-14072.859475	-19092.144858	0.006000	0.870000	0.452000	192.000000	0.000000	0.000000	0.000000	0.000000	0.000000	0.000000	0.000000	0.000000	0.000000	1790355207.910024	0.000000
207.000000	11743.248909	43912.415971	-4123.405114	-32186.176739	21871.718391	-32352.317256	-14075.318167	-19098.515105	0.006000	0.870000	0.452000	192.000000	0.000000	0.000000	0.000000	0.000000	0.000000	0.000000	0.000000	0.000000	0.000000	1790355207.910034	0.000000
208.000000	11752.077848	43920.820227	-4128.076628	-32190.334164	21867.672726	-32342.236619	-14078.067431	-19090.714346	0.006000	0.870000	0.452000	192.000000	0.000000	0.000000	0.000000	0.000000	0.000000	0.000000	0.000000	0.000000	0.000000	1790355207.910046	0.000000
209.000000	11765.667709	43939.528637	-4109.010590	-32171.066960	21871.807798	-32316.375651	-14062.197693	-19046.659058	0.002000	0.878000	0.448000	192.000000	0.000000	16.000000	27.000000	112.000000	14.000000	0.000000	0.000000	0.000000	0.000000	1790355207.910058	0.000000
210.000000	11753.486008	43928.241006	-4110.575212	-32177.593670	21881.799028	-32329.317311	-14077.486286	-19050.592965	0.002000	0.878000	0.448000	192.000000	0.000000	0.000000	0.000000	0.000000	0.000000	0.000000	0.000000	0.000000	0.000000	1790355207.910070	0.000000
211.000000	11748.255700	43917.087485	-4114.822044	-32179.113588	21899.143982	-32319.303729	-14073.865303	-19055.219776	0.002000	0.878000	0.448000	192.000000	0.000000	0.000000	0.000000	0.000000	0.000000	0.000000	0.000000	0.000000	0.000000	1790355207.910082	0.000000
212.000000	11756.704659	43920.708468	-4107.445968	-32173.860928	21908.978749	-32316.777982	-14057.168550	-19055.778570	0.002000	0.878000	0.448000	192.000000	0.000000	0.000000	0.000000	0.000000	0.000000	0.000000	0.000000	0.000000	0.000000	1790355207.910092	0.000000
213.000000	11765.913578	43933.337204	-4108.295334	-32176.029047	21891.320871	-32333.698253	-14064.544626	-19059.332497	0.002000	0.878000	0.448000	192.000000	0.000000	0.000000	0.000000	0.000000	0.000000	0.000000	0.000000	0.000000	0.000000	1790355207.910103	0.000000
214.000000	11774.496648	43935.304157	-4104.361427	-32174.732646	21866.353973	-32337.408642	-14072.121867	-19052.917546	0.002000	0.878000	0.448000	192.000000	0.000000	0.000000	0.000000	0.000000	0.000000	0.000000	0.000000	0.000000	0.000000	1790355207.910114	0.000000
215.000000	11767.053517	43917.288651	-4104.428483	-32170.888146	21871.919557	-32325.428107	-14058.554358	-19051.241166	0.002000	0.878000	0.448000	192.000000	0.000000	0.000000	0.000000	0.000000	0.000000	0.000000	0.000000	0.000000	0.000000	1790355207.910125	0.000000
216.000000	11764.080735	43910.091389	-4109.792901	-32169.949373	21891.365575	-32324.712852	-14061.817713	-19055.353887	0.002000	0.878000	0.448000	192.000000	0.000000	0.000000	0.000000	0.000000	0.000000	0.000000	0.000000	0.000000	0.000000	1790355207.910136	0.000000
217.000000	11766.941758	43924.821189	-4111.737503	-32169.077655	21883.117781	-32333.430032	-14077.329824	-19058.974869	0.002000	0.878000	0.448000	192.000000	0.000000	0.000000	0.000000	0.000000	0.000000	0.000000	0.000000	0.000000	0.000000	1790355207.910147	0.000000
218.000000	11761.778505	43931.347898	-4103.020323	-32166.507204	21857.927365	-32343.689483	-14085.868190	-19052.872843	0.002000	0.878000	0.448000	192.000000	0.000000	0.000000	0.000000	0.000000	0.000000	0.000000	0.000000	0.000000	0.000000	1790355207.910158	0.000000
219.000000	11764.818342	43925.268224	-4097.946477	-32163.735588	21848.114949	-32332.357148	-14084.460030	-19052.872843	0.002000	0.878000	0.448000	192.000000	0.000000	0.000000	27.000000	48.000000	14.000000	64.000000	0.000000	0.000000	0.000000	1790355207.910171	0.000000
220.000000	11768.998119	43925.558797	-4093.878459	-32161.411007	21863.582356	-32329.540828	-14069.037326	-19054.638631	0.002000	0.878000	0.448000	192.000000	0.000000	0.000000	0.000000	0.000000	0.000000	0.000000	0.000000	0.000000	0.000000	1790355207.910182	0.000000
221.000000	11766.829999	43943.708413	-4097.342980	-32165.680190	21874.735877	-32336.425166	-14073.082992	-19060.539491	0.002000	0.878000	0.448000	192.000000	0.000000	0.000000	0.000000	0.000000	0.000000	0.000000	0.000000	0.000000	0.000000	1790355207.910238	0.000000
222.000000	11764.348956	43961.031015	-4100.740445	-32168.004771	21858.575566	-32343.331855	-14090.785574	-19066.932090	0.002000	0.878000	0.448000	192.000000	0.000000	0.000000	0.000000	0.000000	0.000000	0.000000	0.000000	0.000000	0.000000	1790355207.910251	0.000000
223.000000	11769.132229	43960.561628	-4086.591791	-32159.511108	21859.961374	-32333.184163	-14079.274425	-19056.806750	0.002000	0.878000	0.448000	192.000000	0.000000	0.000000	0.000000	0.000000	0.000000	0.000000	0.000000	0.000000	0.000000	1790355207.910262	0.000000
224.000000	11761.689098	43947.485858	-4090.033959	-32162.930925	21867.896243	-32342.035454	-14051.334745	-19051.755256	0.002000	0.878000	0.448000	192.000000	0.000000	0.000000	0.000000	0.000000	0.000000	0.000000	0.000000	0.000000	0.000000	1790355207.910274	0.000000
225.000000	11753.910691	43934.119515	-4109.077645	-32178.130111	21851.624173	-32357.748730	-14063.315280	-19074.598739	0.002000	0.878000	0.448000	192.000000	0.000000	0.000000	0.000000	0.000000	0.000000	0.000000	0.000000	0.000000	0.000000	1790355207.910286	0.000000
226.000000	11751.183778	43945.653015	-4106.306029	-32172.229251	21846.416217	-32341.610770	-14081.643710	-19072.497675	0.002000	0.878000	0.448000	192.000000	0.000000	0.000000	0.000000	0.000000	0.000000	0.000000	0.000000	0.000000	0.000000	1790355207.910298	0.000000
227.000000	11749.730915	43944.937759	-4092.112671	-32158.617039	21845.991534	-32337.498049	-14077.441582	-19066.015669	0.002000	0.878000	0.448000	192.000000	0.000000	0.000000	0.000000	0.000000	0.000000	0.000000	0.000000	0.000000	0.000000	1790355207.910311	0.000000
228.000000	11750.043839	43933.314852	-4086.770604	-32163.467367	21864.856406	-32340.269666	-14062.577672	-19061.388858	0.002000	0.878000	0.448000	192.000000	0.000000	0.000000	0.000000	0.000000	0.000000	0.000000	0.000000	0.000000	0.000000	1790355207.910323	0.000000
229.000000	11750.669688	43937.986367	-4092.425596	-32172.139844	21868.231519	-32356.206460	-14060.387201	-19060.248919	-0.002000	0.874000	0.450000	192.000000	255.000000	240.000000	27.000000	80.000000	14.000000	16.000000	0.000000	0.000000	0.000000	1790355207.910334	0.000000
230.000000	11747.093409	43954.839582	-4097.499442	-32170.642277	21835.821490	-32336.201648	-14073.351213	-19058.974869	-0.002000	0.874000	0.450000	192.000000	0.000000	0.000000	0.000000	0.000000	0.000000	0.000000	0.000000	0.000000	0.000000	1790355207.910347	0.000000
231.000000	11738.331525	43961.031015	-4091.911506	-32169.681152	21826.769033	-32327.283302	-14064.030536	-19045.787340	-0.002000	0.874000	0.450000	192.000000	0.000000	0.000000	0.000000	0.000000	0.000000	0.000000	0.000000	0.000000	0.000000	1790355207.910358	0.000000
232.000000	11742.399543	43958.281750	-4084.043692	-32170.217594	21852.540595	-32345.589381	-14031.844024	-19044.781511	-0.002000	0.874000	0.450000	192.000000	0.000000	0.000000	0.000000	0.000000	0.000000	0.000000	0.000000	0.000000	0.000000	1790355207.910367	0.000000
233.000000	11757.308156	43965.076681	-4075.438270	-32164.808472	21873.327717	-32334.055881	-14007.771195	-19046.167320	-0.002000	0.874000	0.450000	192.000000	0.000000	0.000000	0.000000	0.000000	0.000000	0.000000	0.000000	0.000000	0.000000	1790355207.910378	0.000000
234.000000	11753.955395	43974.866745	-4082.344959	-32164.942582	21860.095484	-32324.757555	-14018.052997	-19045.474415	-0.002000	0.874000	0.450000	192.000000	0.000000	0.000000	0.000000	0.000000	0.000000	0.000000	0.000000	0.000000	0.000000	1790355207.910388	0.000000
235.000000	11761.800857	43971.826908	-4065.290578	-32144.066053	21845.946830	-32310.318328	-14023.328009	-19032.085721	-0.002000	0.874000	0.450000	192.000000	0.000000	0.000000	0.000000	0.000000	0.000000	0.000000	0.000000	0.000000	0.000000	1790355207.910398	0.000000
236.000000	11756.749363	43953.096146	-4061.803706	-32144.043701	21855.513377	-32312.084116	-14010.274590	-19028.732959	-0.002000	0.874000	0.450000	192.000000	0.000000	0.000000	0.000000	0.000000	0.000000	0.000000	0.000000	0.000000	0.000000	1790355207.910408	0.000000
237.000000	11759.163351	43959.019358	-4058.763869	-32147.016483	21883.386002	-32311.994709	-13991.789698	-19030.386988	-0.002000	0.874000	0.450000	192.000000	0.000000	0.000000	0.000000	0.000000	0.000000	0.000000	0.000000	0.000000	0.000000	1790355207.910441	0.000000
238.000000	11760.571511	43975.783166	-4065.782316	-32155.465443	21875.518188	-32324.914017	-14002.160907	-19041.719322	-0.002000	0.874000	0.450000	192.000000	0.000000	0.000000	0.000000	0.000000	0.000000	0.000000	0.000000	0.000000	0.000000	1790355207.910451	0.000000
239.000000	11750.759095	43973.212716	-4068.822154	-32157.030065	21846.796196	-32330.233732	-14021.070483	-19045.563822	-0.004000	0.870000	0.452000	192.000000	255.000000	224.000000	27.000000	48.000000	14.000000	32.000000	0.000000	0.000000	0.000000	1790355207.910461	0.000000
240.000000	11740.611403	43953.207904	-4069.984444	-32158.013541	21849.545461	-32332.491259	-14014.476718	-19045.206195	-0.004000	0.870000	0.452000	192.000000	0.000000	0.000000	0.000000	0.000000	0.000000	0.000000	0.000000	0.000000	0.000000	1790355207.910471	0.000000
241.000000	11734.375266	43946.100050	-4076.354692	-32167.624792	21867.069229	-32333.206515	-14002.965570	-19051.978773	-0.004000	0.870000	0.452000	192.000000	0.000000	0.000000	0.000000	0.000000	0.000000	0.000000	0.000000	0.000000	0.000000	1790355207.910481	0.000000
242.000000	11742.645412	43971.491631	-4068.106898	-32159.689922	21863.604708	-32323.550561	-13997.109413	-19046.301430	-0.004000	0.870000	0.452000	192.000000	0.000000	0.000000	0.000000	0.000000	0.000000	0.000000	0.000000	0.000000	0.000000	1790355207.910491	0.000000
243.000000	11732.810644	43969.144698	-4079.349825	-32167.624792	21843.912821	-32337.967436	-14008.955837	-19053.856320	-0.004000	0.870000	0.452000	192.000000	0.000000	0.000000	0.000000	0.000000	0.000000	0.000000	0.000000	0.000000	0.000000	1790355207.910501	0.000000
244.000000	11731.491891	43956.180686	-4069.112726	-32159.332294	21859.603746	-32313.782849	-13997.958779	-19045.139139	-0.004000	0.870000	0.452000	192.000000	0.000000	0.000000	0.000000	0.000000	0.000000	0.000000	0.000000	0.000000	0.000000	1790355207.910511	0.000000
245.000000	11732.609479	43941.562646	-4076.935837	-32168.608268	21870.645508	-32329.138497	-13982.849000	-19050.816482	-0.004000	0.870000	0.452000	192.000000	0.000000	0.000000	0.000000	0.000000	0.000000	0.000000	0.000000	0.000000	0.000000	1790355207.910521	0.000000
246.000000	11733.302383	43946.167105	-4069.582113	-32168.563565	21863.828226	-32324.444631	-13987.475811	-19054.951555	-0.004000	0.870000	0.452000	192.000000	0.000000	0.000000	0.000000	0.000000	0.000000	0.000000	0.000000	0.000000	0.000000	1790355207.910531	0.000000
247.000000	11732.385961	43950.324529	-4071.504363	-32164.406140	21835.553269	-32327.752689	-13999.143422	-19056.203253	-0.004000	0.870000	0.452000	192.000000	0.000000	0.000000	0.000000	0.000000	0.000000	0.000000	0.000000	0.000000	0.000000	1790355207.910542	0.000000
248.000000	11722.394731	43939.349823	-4078.142831	-32167.825957	21826.523164	-32332.290093	-14007.771195	-19061.165340	-0.004000	0.870000	0.452000	192.000000	0.000000	0.000000	0.000000	0.000000	0.000000	0.000000	0.000000	0.000000	0.000000	1790355207.910553	0.000000
249.000000	11722.640601	43934.253625	-4069.850334	-32165.970762	21865.124627	-32327.238599	-13998.025834	-19057.253785	-0.002000	0.880000	0.454000	192.000000	255.000000	240.000000	27.000000	128.000000	14.000000	48.000000	0.000000	0.000000	0.000000	1790355207.910565	0.000000
250.000000	11727.379170	43943.306082	-4070.654997	-32169.994076	21859.626098	-32324.489334	-14001.490355	-19066.529759	-0.002000	0.880000	0.454000	192.000000	0.000000	0.000000	0.000000	0.000000	0.000000	0.000000	0.000000	0.000000	0.000000	1790355207.932020	0.000000
251.000000	11733.078865	43956.270093	-4062.407203	-32163.512071	21846.796196	-32345.030587	-14007.771195	-19073.950538	-0.002000	0.880000	0.454000	192.000000	0.000000	0.000000	0.000000	0.000000	0.000000	0.000000	0.000000	0.000000	0.000000	1790355207.932115	0.000000
252.000000	11724.115816	43949.653977	-4055.701680	-32147.441166	21853.926403	-32322.410622	-13990.873276	-19046.368485	-0.002000	0.880000	0.454000	192.000000	0.000000	0.000000	0.000000	0.000000	0.000000	0.000000	0.000000	0.000000	0.000000	1790355207.932518	0.000000
253.000000	11709.162499	43928.978613	-4064.441212	-32151.732701	21870.980784	-32290.246462	-13963.157113	-19018.898191	-0.002000	0.880000	0.454000	192.000000	0.000000	0.000000	0.000000	0.000000	0.000000	0.000000	0.000000	0.000000	0.000000	1790355207.932537	0.000000
254.000000	11717.320885	43940.422707	-4062.809534	-32158.304114	21860.408409	-32317.314424	-13963.402982	-19034.320895	-0.002000	0.880000	0.454000	192.000000	0.000000	0.000000	0.000000	0.000000	0.000000	0.000000	0.000000	0.000000	0.000000	1790355208.095271	0.000000
255.000000	11719.578412	43958.974655	-4066.609331	-32156.694789	21843.443435	-32323.259988	-13974.422392	-19037.830119	-0.002000	0.880000	0.454000	192.000000	0.000000	0.000000	0.000000	0.000000	0.000000	0.000000	0.000000	0.000000	0.000000	1790355208.095334	0.000000
0.000000	11711.330618	43963.534410	-4062.407203	-32151.442129	21844.896298	-32306.563235	-13953.143531	-19033.493880	-0.002000	0.880000	0.454000	192.000000	0.000000	0.000000	0.000000	0.000000	0.000000	0.000000	0.000000	0.000000	0.000000	1790355208.095348	0.000000
1.000000	11705.765033	43956.493611	-4061.177857	-32149.341065	21866.510435	-32296.504950	-13926.746121	-19029.627029	-0.002000	0.880000	0.454000	192.000000	0.000000	0.000000	0.000000	0.000000	0.000000	0.000000	0.000000	0.000000	0.000000	1790355208.095359	0.000000
2.000000	11717.477348	43971.402224	-4052.103049	-32148.089367	21896.685290	-32291.766380	-13922.812214	-19025.402549	-0.002000	0.880000	0.454000	192.000000	0.000000	0.000000	0.000000	0.000000	0.000000	0.000000	0.000000	0.000000	0.000000	1790355208.095373	0.000000
3.000000	11719.511356	44000.370085	-4050.940758	-32144.647198	21879.675612	-32286.625479	-13935.284488	-19022.318008	-0.002000	0.880000	0.454000	192.000000	0.000000	0.000000	27.000000	48.000000	14.000000	96.000000	0.000000	0.000000	0.000000	1790355208.095385	0.000000
4.000000	11715.465691	44007.276774	-4045.419877	-32138.723986	21866.845711	-32291.118180	-13952.718848	-19025.290790	-0.002000	0.880000	0.454000	192.000000	0.000000	0.000000	0.000000	0.000000	0.000000	0.000000	0.000000	0.000000	0.000000	1790355208.095397	0.000000
5.000000	11702.076996	43993.105768	-4054.740555	-32146.748262	21869.080886	-32306.518532	-13951.020116	-19035.371427	-0.002000	0.880000	0.454000	192.000000	0.000000	0.000000	0.000000	0.000000	0.000000	0.000000	0.000000	0.000000	0.000000	1790355208.095408	0.000000
6.000000	11704.401577	43991.675257	-4056.819267	-32149.564582	21880.212054	-32313.872256	-13927.483729	-19032.219831	-0.002000	0.880000	0.454000	192.000000	0.000000	0.000000	0.000000	0.000000	0.000000	0.000000	0.000000	0.000000	0.000000	1790355208.095420	0.000000
7.000000	11713.834013	44009.534301	-4052.639491	-32145.630675	21862.040086	-32307.300843	-13920.107653	-19029.783491	-0.002000	0.880000	0.454000	192.000000	0.000000	0.000000	0.000000	0.000000	0.000000	0.000000	0.000000	0.000000	0.000000	1790355208.095431	0.000000
8.000000	11706.256772	44015.904548	-4054.382927	-32147.374111	21846.505624	-32305.400944	-13932.557575	-19036.220793	-0.002000	0.880000	0.454000	192.000000	0.000000	0.000000	0.000000	0.000000	0.000000	0.000000	0.000000	0.000000	0.000000	1790355208.095442	0.000000
9.000000	11698.433661	44003.968716	-4052.393621	-32145.921248	21856.183929	-32301.288223	-13927.863708	-19038.075988	-0.002000	0.880000	0.454000	192.000000	0.000000	0.000000	0.000000	0.000000	0.000000	0.000000	0.000000	0.000000	0.000000	1790355208.095454	0.000000
10.000000	11696.198487	43997.464359	-4056.752212	-32148.379940	21875.428781	-32304.305709	-13918.811252	-19043.730979	-0.002000	0.880000	0.454000	192.000000	0.000000	0.000000	0.000000	0.000000	0.000000	0.000000	0.000000	0.000000	0.000000	1790355208.095466	0.000000
11.000000	11697.696054	44014.205815	-4059.054441	-32151.531536	21864.007040	-32311.994709	-13926.232031	-19051.196462	-0.002000	0.880000	0.454000	192.000000	0.000000	0.000000	0.000000	0.000000	0.000000	0.000000	0.000000	0.000000	0.000000	1790355208.095958	0.000000
12.000000	11701.786423	44030.366126	-4051.767773	-32146.569448	21840.850632	-32305.736221	-13930.881194	-19045.027381	-0.002000	0.880000	0.454000	192.000000	0.000000	0.000000	0.000000	0.000000	0.000000	0.000000	0.000000	0.000000	0.000000	1790355208.095992	0.000000
13.000000	11703.440452	44027.728620	-4045.263415	-32135.930018	21851.802987	-32293.867444	-13912.865688	-19032.622162	-0.002000	0.872000	0.454000	192.000000	255.000000	240.000000	27.000000	64.000000	14.000000	48.000000	0.000000	0.000000	0.000000	1790355208.096006	0.000000
14.000000	11711.308266	44024.241748	-4044.078773	-32139.618056	21883.050726	-32298.427200	-13889.619874	-19034.656171	-0.002000	0.872000	0.454000	192.000000	0.000000	0.000000	0.000000	0.000000	0.000000	0.000000	0.000000	0.000000	0.000000	1790355208.096057	0.000000
15.000000	11713.722254	44034.389440	-4051.186627	-32151.062149	21870.958432	-32319.303729	-13904.707301	-19056.337363	-0.002000	0.872000	0.454000	192.000000	0.000000	0.000000	0.000000	0.000000	0.000000	0.000000	0.000000	0.000000	0.000000	1790355208.096074	0.000000
16.000000	11708.559002	44044.090097	-4051.343090	-32142.948466	21863.694115	-32313.022889	-13917.268982	-19050.905889	-0.002000	0.872000	0.454000	192.000000	0.000000	0.000000	0.000000	0.000000	0.000000	0.000000	0.000000	0.000000	0.000000	1790355208.096088	0.000000
17.000000	11702.389920	44023.951176	-4048.035031	-32143.417852	21870.801970	-32302.629328	-13899.298179	-19043.932145	-0.002000	0.872000	0.454000	192.000000	0.000000	0.000000	0.000000	0.000000	0.000000	0.000000	0.000000	0.000000	0.000000	1790355208.096101	0.000000
18.000000	11706.837917	44015.546920	-4041.463618	-32145.474213	21902.295578	-32304.551578	-13880.455658	-19039.327686	-0.002000	0.872000	0.454000	192.000000	0.000000	0.000000	0.000000	0.000000	0.000000	0.000000	0.000000	0.000000	0.000000	1790355208.096142	0.000000
19.000000	11707.575525	44023.146513	-4042.827075	-32145.273047	21908.755232	-32311.011232	-13878.667519	-19029.515270	-0.002000	0.872000	0.454000	192.000000	0.000000	0.000000	0.000000	0.000000	0.000000	0.000000	0.000000	0.000000	0.000000	1790355208.096195	0.000000
20.000000	11704.938019	44025.895777	-4046.582168	-32144.066053	21887.364613	-32308.016099	-13893.285560	-19035.170261	-0.002000	0.872000	0.454000	192.000000	0.000000	0.000000	0.000000	0.000000	0.000000	0.000000	0.000000	0.000000	0.000000	1790355208.096259	0.000000
21.000000	11701.607609	44017.715039	-4044.436400	-32144.624847	21874.177083	-32306.719697	-13903.254438	-19056.471474	-0.002000	0.872000	0.454000	192.000000	0.000000	0.000000	0.000000	0.000000	0.000000	0.000000	0.000000	0.000000	0.000000	1790355208.096340	0.000000
22.000000	11689.805888	43996.547937	-4060.507305	-32156.046588	21876.635775	-32309.357203	-13896.213638	-19065.345116	-0.004000	0.872000	0.462000	192.000000	255.000000	224.000000	27.000000	64.000000	14.000000	112.000000	0.000000	0.000000	0.000000	1790355208.096372	0.000000
23.000000	11699.931228	43999.476016	-4055.031127	-32149.497527	21883.006022	-32291.922842	-13870.285615	-19027.727130	-0.004000	0.872000	0.462000	192.000000	0.000000	0.000000	0.000000	0.000000	0.000000	0.000000	0.000000	0.000000	0.000000	1790355208.096397	0.000000
24.000000	11709.676589	44018.497350	-4037.060325	-32132.465498	21895.858275	-32277.953002	-13855.019373	-19009.778680	-0.004000	0.872000	0.462000	192.000000	0.000000	0.000000	0.000000	0.000000	0.000000	0.000000	0.000000	0.000000	0.000000	1790355208.096416	0.000000
25.000000	11701.317036	44018.430295	-4041.173046	-32133.247809	21886.179970	-32278.400037	-13870.017394	-19017.311217	-0.004000	0.872000	0.462000	192.000000	0.000000	0.000000	0.000000	0.000000	0.000000	0.000000	0.000000	0.000000	0.000000	1790355208.096432	0.000000
26.000000	11697.472536	44013.267042	-4038.915520	-32132.376091	21892.930197	-32286.357258	-13869.056269	-19027.570668	-0.004000	0.872000	0.462000	192.000000	0.000000	0.000000	0.000000	0.000000	0.000000	0.000000	0.000000	0.000000	0.000000	1790355208.096452	0.000000
27.000000	11696.801984	44025.292280	-4049.711412	-32148.782271	21893.109011	-32300.148284	-13860.070868	-19040.065293	-0.004000	0.872000	0.462000	192.000000	0.000000	0.000000	0.000000	0.000000	0.000000	0.000000	0.000000	0.000000	0.000000	1790355208.101746	0.000000
28.000000	11700.601780	44041.921978	-4045.397525	-32141.830878	21886.649357	-32291.721677	-13857.388658	-19017.534735	-0.004000	0.872000	0.462000	192.000000	0.000000	0.000000	0.000000	0.000000	0.000000	0.000000	0.000000	0.000000	0.000000	1790355208.101813	0.000000
29.000000	11686.363719	44034.992937	-4052.393621	-32148.424643	21876.971051	-32307.189084	-13871.716126	-19026.341322	-0.004000	0.872000	0.462000	192.000000	0.000000	0.000000	0.000000	0.000000	0.000000	0.000000	0.000000	0.000000	0.000000	1790355208.101827	0.000000
30.000000	11692.331635	44030.433182	-4036.702697	-32139.372187	21889.040993	-32300.304747	-13860.003812	-19022.362712	-0.004000	0.872000	0.462000	192.000000	0.000000	0.000000	0.000000	0.000000	0.000000	0.000000	0.000000	0.000000	0.000000	1790355208.101839	0.000000
31.000000	11695.013844	44040.111487	-4041.843598	-32135.035948	21906.698871	-32284.367953	-13838.948469	-19018.875840	-0.004000	0.872000	0.462000	192.000000	0.000000	0.000000	0.000000	0.000000	0.000000	0.000000	0.000000	0.000000	0.000000	1790355208.101852	0.000000
32.000000	11695.460879	44059.266932	-4049.398488	-32137.002902	21887.454019	-32276.991877	-13843.530577	-19025.715473	0.002000	0.872000	0.464000	192.000000	0.000000	16.000000	27.000000	64.000000	14.000000	128.000000	0.000000	0.000000	0.000000	1790355208.101866	0.000000
33.000000	11688.129507	44062.127955	-4054.382927	-32145.854192	21883.341299	-32291.252290	-13857.790990	-19036.600773	0.002000	0.872000	0.464000	192.000000	0.000000	0.000000	0.000000	0.000000	0.000000	0.000000	0.000000	0.000000	0.000000	1790355208.101879	0.000000
34.000000	11688.308321	44061.904438	-4044.257587	-32141.964989	21885.889397	-32290.022944	-13847.039801	-19031.102244	0.002000	0.872000	0.464000	192.000000	0.000000	0.000000	0.000000	0.000000	0.000000	0.000000	0.000000	0.000000	0.000000	1790355208.101891	0.000000
35.000000	11681.468687	44057.367034	-4051.387793	-32153.409082	21897.713470	-32302.606976	-13834.701638	-19039.528851	0.002000	0.872000	0.464000	192.000000	0.000000	0.000000	0.000000	0.000000	0.000000	0.000000	0.000000	0.000000	0.000000	1790355208.101904	0.000000
36.000000	11683.390937	44073.192069	-4050.493723	-32155.241925	21892.997252	-32306.987918	-13835.551004	-19042.144006	0.002000	0.872000	0.464000	192.000000	0.000000	0.000000	0.000000	0.000000	0.000000	0.000000	0.000000	0.000000	0.000000	1790355208.101918	0.000000
37.000000	11682.340405	44078.690598	-4051.857180	-32157.454748	21869.617327	-32303.098715	-13857.299251	-19040.400569	0.002000	0.872000	0.464000	192.000000	0.000000	0.000000	0.000000	0.000000	0.000000	0.000000	0.000000	0.000000	0.000000	1790355208.101931	0.000000
38.000000	11675.746641	44061.703272	-4057.355709	-32156.538326	21865.526958	-32291.989898	-13859.176798	-19036.734883	0.002000	0.872000	0.464000	192.000000	0.000000	0.000000	0.000000	0.000000	0.000000	0.000000	0.000000	0.000000	0.000000	1790355208.101943	0.000000
39.000000	11679.792306	44052.293188	-4052.684194	-32151.285666	21909.202267	-32292.302822	-13830.164233	-19036.690180	0.002000	0.872000	0.464000	192.000000	0.000000	0.000000	0.000000	0.000000	0.000000	0.000000	0.000000	0.000000	0.000000	1790355208.566599	0.000000
40.000000	11691.906952	44055.601246	-4046.358650	-32142.412024	21918.858220	-32290.738200	-13802.537477	-19023.882630	0.002000	0.872000	0.464000	192.000000	0.000000	0.000000	0.000000	0.000000	0.000000	0.000000	0.000000	0.000000	0.000000	1790355208.566686	0.000000
41.000000	11689.872943	44048.269874	-4049.130267	-32141.517954	21880.301461	-32290.917014	-13821.894088	-19037.584250	0.002000	0.872000	0.464000	192.000000	0.000000	0.000000	0.000000	0.000000	0.000000	0.000000	0.000000	0.000000	0.000000	1790355208.566703	0.000000
42.000000	11677.624187	44026.856902	-4053.198284	-32148.223477	21878.088639	-32287.854825	-13838.702600	-19045.899099	0.004000	0.872000	0.460000	192.000000	0.000000	32.000000	27.000000	64.000000	14.000000	96.000000	0.000000	0.000000	0.000000	1790355208.567127	0.000000
43.000000	11677.311263	44018.027963	-4049.599653	-32146.189469	21896.059441	-32297.622537	-13807.387806	-19032.175128	0.004000	0.872000	0.460000	192.000000	0.000000	0.000000	0.000000	0.000000	0.000000	0.000000	0.000000	0.000000	0.000000	1790355208.567150	0.000000
44.000000	11680.775783	44029.136780	-4050.672537	-32149.318713	21910.766889	-32318.923750	-13799.318826	-19051.934070	0.004000	0.872000	0.460000	192.000000	0.000000	0.000000	0.000000	0.000000	0.000000	0.000000	0.000000	0.000000	0.000000	1790355208.567164	0.000000
45.000000	11677.423021	44040.737336	-4048.817342	-32148.044663	21906.117726	-32282.736276	-13805.376149	-19047.039038	0.004000	0.872000	0.460000	192.000000	0.000000	0.000000	0.000000	0.000000	0.000000	0.000000	0.000000	0.000000	0.000000	1790355208.567178	0.000000
46.000000	11679.524085	44040.290301	-4032.589976	-32132.957236	21905.067194	-32248.046368	-13774.933073	-18992.389022	0.004000	0.872000	0.460000	192.000000	0.000000	0.000000	0.000000	0.000000	0.000000	0.000000	0.000000	0.000000	0.000000	1790355208.567193	0.000000
47.000000	11681.602798	44036.311690	-4033.282880	-32134.410099	21921.138098	-32253.924877	-13751.486093	-18993.528961	0.004000	0.872000	0.460000	192.000000	0.000000	0.000000	0.000000	0.000000	0.000000	0.000000	0.000000	0.000000	0.000000	1790355208.567206	0.000000
48.000000	11680.060527	44047.644025	-4045.822209	-32145.876544	21917.628874	-32276.678953	-13743.283003	-19004.257799	0.004000	0.872000	0.460000	192.000000	0.000000	0.000000	0.000000	0.000000	0.000000	0.000000	0.000000	0.000000	0.000000	1790355208.567225	0.000000
49.000000	11673.712632	44067.648836	-4046.828037	-32146.882373	21912.107994	-32287.966584	-13759.756238	-19007.632912	0.004000	0.872000	0.460000	192.000000	0.000000	0.000000	0.000000	0.000000	0.000000	0.000000	0.000000	0.000000	0.000000	1790355208.567241	0.000000
50.000000	11676.238379	44071.918019	-4046.582168	-32139.282780	21898.361671	-32274.734351	-13772.407326	-19016.059520	0.004000	0.872000	0.460000	192.000000	0.000000	0.000000	0.000000	0.000000	0.000000	0.000000	0.000000	0.000000	0.000000	1790355208.567257	0.000000
51.000000	11676.126620	44056.115336	-4046.649223	-32137.919323	21903.837848	-32269.347581	-13749.943823	-19017.288866	0.004000	0.872000	0.460000	192.000000	0.000000	0.000000	0.000000	0.000000	0.000000	0.000000	0.000000	0.000000	0.000000	1790355208.567274	0.000000
52.000000	11686.631940	44054.863638	-4041.105991	-32140.579181	21924.803784	-32283.004496	-13732.330648	-19019.591095	0.004000	0.866000	0.460000	192.000000	0.000000	32.000000	27.000000	16.000000	14.000000	96.000000	0.000000	0.000000	0.000000	1790355208.567291	0.000000
53.000000	11692.197525	44068.051167	-4046.649223	-32138.321655	21907.212962	-32267.201813	-13743.238299	-19027.213040	0.004000	0.866000	0.460000	192.000000	0.000000	0.000000	0.000000	0.000000	0.000000	0.000000	0.000000	0.000000	0.000000	1790355208.567308	0.000000
54.000000	11685.022615	44079.495261	-4046.358650	-32135.505335	21897.981691	-32263.044389	-13750.502616	-19026.341322	0.004000	0.866000	0.460000	192.000000	0.000000	0.000000	0.000000	0.000000	0.000000	0.000000	0.000000	0.000000	0.000000	1790355208.567326	0.000000
55.000000	11684.285007	44080.054054	-4044.458752	-32142.546134	21907.212962	-32281.283412	-13735.906927	-19028.420034	0.004000	0.866000	0.460000	192.000000	0.000000	0.000000	0.000000	0.000000	0.000000	0.000000	0.000000	0.000000	0.000000	1790355208.567341	0.000000
56.000000	11684.776745	44081.708083	-4055.947549	-32156.203050	21919.864049	-32290.358220	-13722.004142	-19038.925354	0.004000	0.866000	0.460000	192.000000	0.000000	0.000000	0.000000	0.000000	0.000000	0.000000	0.000000	0.000000	0.000000	1790355208.567361	0.000000
57.000000	11696.354949	44097.376656	-4044.749325	-32146.658855	21920.802822	-32284.524415	-13730.386046	-19033.382122	0.004000	0.866000	0.460000	192.000000	0.000000	0.000000	0.000000	0.000000	0.000000	0.000000	0.000000	0.000000	0.000000	1790355208.567395	0.000000
58.000000	11695.282065	44099.477720	-4046.135133	-32144.758957	21896.551179	-32292.727505	-13744.668811	-19037.293677	0.004000	0.866000	0.460000	192.000000	0.000000	0.000000	0.000000	0.000000	0.000000	0.000000	0.000000	0.000000	0.000000	1790355208.567908	0.000000
59.000000	11686.430775	44089.799415	-4047.967976	-32144.244867	21897.557008	-32295.968508	-13737.985639	-19038.232450	0.004000	0.866000	0.460000	192.000000	0.000000	0.000000	0.000000	0.000000	0.000000	0.000000	0.000000	0.000000	0.000000	1790355208.567934	0.000000
60.000000	11687.704824	44080.054054	-4046.805685	-32145.831841	21921.495726	-32287.407790	-13718.204345	-19034.030322	0.004000	0.866000	0.460000	192.000000	0.000000	0.000000	0.000000	0.000000	0.000000	0.000000	0.000000	0.000000	0.000000	1790355208.567954	0.000000
61.000000	11688.062452	44084.077368	-4056.372232	-32152.693826	21920.869877	-32285.843168	-13728.441444	-19044.133311	0.004000	0.866000	0.460000	192.000000	0.000000	0.000000	0.000000	0.000000	0.000000	0.000000	0.000000	0.000000	0.000000	1790355208.567974	0.000000
62.000000	11679.389975	44078.780005	-4059.546180	-32154.794890	21894.628929	-32290.134703	-13736.666886	-19046.815520	0.004000	0.866000	0.460000	192.000000	0.000000	0.000000	27.000000	96.000000	14.000000	48.000000	0.000000	0.000000	0.000000	1790355208.567991	0.000000
63.000000	11687.235437	44075.471947	-4039.474313	-32139.886277	21900.082755	-32274.622592	-13712.415244	-19036.220793	0.004000	0.866000	0.460000	192.000000	0.000000	0.000000	0.000000	0.000000	0.000000	0.000000	0.000000	0.000000	0.000000	1790355208.568013	0.000000
64.000000	11686.363719	44069.660493	-4041.173046	-32147.038835	21920.646360	-32290.425276	-13701.328778	-19044.669753	0.004000	0.866000	0.460000	192.000000	0.000000	0.000000	0.000000	0.000000	0.000000	0.000000	0.000000	0.000000	0.000000	1790355208.568029	0.000000
65.000000	11680.440507	44063.424356	-4057.087488	-32162.349780	21908.688177	-32299.857712	-13713.264610	-19053.722209	0.004000	0.866000	0.460000	192.000000	0.000000	0.000000	0.000000	0.000000	0.000000	0.000000	0.000000	0.000000	0.000000	1790355208.568053	0.000000
66.000000	11683.748565	44067.112394	-4053.913540	-32157.432396	21902.474392	-32283.786808	-13705.486203	-19047.240203	0.004000	0.866000	0.460000	192.000000	0.000000	0.000000	0.000000	0.000000	0.000000	0.000000	0.000000	0.000000	0.000000	1790355208.568065	0.000000
67.000000	11673.466763	44053.746051	-4052.214808	-32157.052416	21900.932121	-32294.560348	-13690.666996	-19056.672639	0.004000	0.866000	0.460000	192.000000	0.000000	0.000000	0.000000	0.000000	0.000000	0.000000	0.000000	0.000000	0.000000	1790355208.568079	0.000000
68.000000	11678.853533	44050.102717	-4045.576339	-32154.303152	21921.048691	-32291.140531	-13663.800199	-19052.604622	0.004000	0.866000	0.460000	192.000000	0.000000	0.000000	0.000000	0.000000	0.000000	0.000000	0.000000	0.000000	0.000000	1790355208.568092	0.000000
69.000000	11688.084804	44060.697444	-4042.916482	-32153.587896	21923.574439	-32281.842206	-13651.573795	-19037.137215	0.004000	0.866000	0.460000	192.000000	0.000000	0.000000	0.000000	0.000000	0.000000	0.000000	0.000000	0.000000	0.000000	1790355208.568105	0.000000
70.000000	11692.622208	44075.717816	-4046.828037	-32155.823071	21902.228523	-32278.064761	-13668.762287	-19043.641572	0.004000	0.866000	0.460000	192.000000	0.000000	0.000000	0.000000	0.000000	0.000000	0.000000	0.000000	0.000000	0.000000	1790355208.568132	0.000000
71.000000	11701.473499	44086.536060	-4034.355764	-32138.925152	21900.485086	-32259.892793	-13665.364822	-19035.326723	0.004000	0.866000	0.460000	192.000000	0.000000	0.000000	0.000000	0.000000	0.000000	0.000000	0.000000	0.000000	0.000000	1790355208.568178	0.000000
72.000000	11698.456013	44081.193993	-4031.047706	-32140.936809	21917.561819	-32258.104653	-13629.490272	-19019.926372	0.004000	0.866000	0.460000	192.000000	0.000000	0.000000	27.000000	112.000000	14.000000	16.000000	0.000000	0.000000	0.000000	1790355208.568189	0.000000
73.000000	11692.979836	44080.523441	-4040.726011	-32152.246791	21921.585133	-32280.456398	-13617.576792	-19027.213040	0.004000	0.866000	0.460000	192.000000	0.000000	0.000000	0.000000	0.000000	0.000000	0.000000	0.000000	0.000000	0.000000	1790355208.568370	0.000000
74.000000	11699.081862	44098.226023	-4035.160427	-32146.547097	21916.779508	-32282.065723	-13625.198737	-19035.885517	0.004000	0.866000	0.460000	192.000000	0.000000	0.000000	0.000000	0.000000	0.000000	0.000000	0.000000	0.000000	0.000000	1790355208.568382	0.000000
75.000000	11695.192658	44106.339706	-4025.727990	-32135.304169	21904.240180	-32260.205717	-13636.776940	-19031.929258	0.004000	0.866000	0.460000	192.000000	0.000000	0.000000	0.000000	0.000000	0.000000	0.000000	0.000000	0.000000	0.000000	1790355208.568394	0.000000
76.000000	11692.711615	44105.982078	-4020.676496	-32132.621960	21921.786299	-32253.097862	-13614.022865	-19023.703816	0.004000	0.866000	0.460000	192.000000	0.000000	0.000000	0.000000	0.000000	0.000000	0.000000	0.000000	0.000000	0.000000	1790355208.568421	0.000000
77.000000	11699.975932	44115.146293	-4024.297479	-32136.578219	21947.557860	-32268.677028	-13604.657484	-19037.919526	0.004000	0.866000	0.460000	192.000000	0.000000	0.000000	0.000000	0.000000	0.000000	0.000000	0.000000	0.000000	0.000000	1790355208.568450	0.000000
78.000000	11702.367568	44130.032555	-4029.505435	-32144.580143	21935.599677	-32273.125025	-13618.716731	-19049.475378	0.004000	0.866000	0.460000	192.000000	0.000000	0.000000	0.000000	0.000000	0.000000	0.000000	0.000000	0.000000	0.000000	1790355208.568460	0.000000
79.000000	11694.522106	44125.964537	-4032.500569	-32148.201126	21913.404395	-32279.763494	-13636.039333	-19056.471474	0.004000	0.866000	0.460000	192.000000	0.000000	0.000000	0.000000	0.000000	0.000000	0.000000	0.000000	0.000000	0.000000	1790355208.568470	0.000000
80.000000	11698.411310	44115.794494	-4021.615269	-32146.703559	21934.102110	-32285.530244	-13613.374664	-19050.212985	0.004000	0.866000	0.460000	192.000000	0.000000	0.000000	0.000000	0.000000	0.000000	0.000000	0.000000	0.000000	0.000000	1790355208.568481	0.000000
81.000000	11697.628998	44118.968441	-4024.610403	-32149.117547	21946.596735	-32285.954927	-13596.253228	-19050.816482	0.004000	0.866000	0.460000	192.000000	0.000000	0.000000	0.000000	0.000000	0.000000	0.000000	0.000000	0.000000	0.000000	1790355208.568492	0.000000
82.000000	11696.198487	44134.033517	-4031.047706	-32153.856117	21926.971904	-32279.651735	-13597.124946	-19054.459817	-0.002000	0.874000	0.454000	192.000000	255.000000	240.000000	27.000000	80.000000	14.000000	48.000000	0.000000	0.000000	0.000000	1790355208.568504	0.000000
83.000000	11693.315112	44134.100572	-4035.003964	-32151.173908	21899.278092	-32273.482653	-13604.523373	-19048.961288	-0.002000	0.874000	0.454000	192.000000	0.000000	0.000000	0.000000	0.000000	0.000000	0.000000	0.000000	0.000000	0.000000	1790355208.568517	0.000000
84.000000	11689.314150	44121.762409	-4027.963165	-32150.168079	21917.628874	-32274.555537	-13603.204620	-19049.140102	-0.002000	0.874000	0.454000	192.000000	0.000000	0.000000	0.000000	0.000000	0.000000	0.000000	0.000000	0.000000	0.000000	1790355208.568527	0.000000
85.000000	11692.041062	44124.444619	-4025.459769	-32147.776443	21948.161357	-32268.364104	-13591.581713	-19055.175073	-0.002000	0.874000	0.454000	192.000000	0.000000	0.000000	0.000000	0.000000	0.000000	0.000000	0.000000	0.000000	0.000000	1790355208.568540	0.000000
86.000000	11695.438528	44134.882883	-4033.349935	-32155.308980	21924.267343	-32280.702267	-13594.152164	-19063.154645	-0.002000	0.874000	0.454000	192.000000	0.000000	0.000000	0.000000	0.000000	0.000000	0.000000	0.000000	0.000000	0.000000	1790355208.568554	0.000000
87.000000	11696.176135	44145.768183	-4032.925252	-32152.112681	21900.529790	-32270.822796	-13603.361082	-19058.125503	-0.002000	0.874000	0.454000	192.000000	0.000000	0.000000	0.000000	0.000000	0.000000	0.000000	0.000000	0.000000	0.000000	1790355208.568569	0.000000
88.000000	11690.431737	44143.175381	-4031.338278	-32153.029102	21910.208095	-32270.867499	-13588.005434	-19056.113846	-0.002000	0.874000	0.454000	192.000000	0.000000	0.000000	0.000000	0.000000	0.000000	0.000000	0.000000	0.000000	0.000000	1790355208.568580	0.000000
89.000000	11693.136298	44144.091802	-4029.840711	-32156.963009	21934.839718	-32285.418485	-13574.348518	-19069.815465	-0.002000	0.874000	0.454000	192.000000	0.000000	0.000000	0.000000	0.000000	0.000000	0.000000	0.000000	0.000000	0.000000	1790355208.568622	0.000000
90.000000	11691.862248	44150.372642	-4039.004927	-32159.444053	21925.921372	-32298.024869	-13571.688661	-19066.082724	-0.002000	0.874000	0.454000	192.000000	0.000000	0.000000	0.000000	0.000000	0.000000	0.000000	0.000000	0.000000	0.000000	1790355208.568632	0.000000
91.000000	11692.979836	44161.034424	-4030.958299	-32153.342027	21912.264456	-32286.491369	-13571.666309	-19055.622107	-0.002000	0.874000	0.454000	192.000000	0.000000	0.000000	0.000000	0.000000	0.000000	0.000000	0.000000	0.000000	0.000000	1790355208.568643	0.000000
92.000000	11692.935132	44163.470765	-4014.395656	-32140.892105	21918.545296	-32264.139624	-13561.831541	-19042.926317	0.004000	0.874000	0.452000	192.000000	0.000000	32.000000	27.000000	80.000000	14.000000	32.000000	0.000000	0.000000	0.000000	1790355208.568653	0.000000
93.000000	11692.532801	44151.713747	-4019.201281	-32148.111719	21931.174032	-32268.118235	-13548.241681	-19047.083741	0.004000	0.874000	0.452000	192.000000	0.000000	0.000000	0.000000	0.000000	0.000000	0.000000	0.000000	0.000000	0.000000	1790355208.568663	0.000000
94.000000	11693.493926	44152.339596	-4024.208072	-32152.962047	21942.662828	-32264.609011	-13540.373867	-19054.750389	0.004000	0.874000	0.452000	192.000000	0.000000	0.000000	0.000000	0.000000	0.000000	0.000000	0.000000	0.000000	0.000000	1790355208.568673	0.000000
95.000000	11698.590123	44164.118965	-4016.876700	-32151.062149	21939.377122	-32262.217374	-13537.088160	-19054.593927	0.004000	0.874000	0.452000	192.000000	0.000000	0.000000	0.000000	0.000000	0.000000	0.000000	0.000000	0.000000	0.000000	1790355208.568683	0.000000
96.000000	11697.740757	44163.560172	-4018.262508	-32154.683132	21924.557915	-32267.961772	-13533.221308	-19055.532700	0.004000	0.874000	0.452000	192.000000	0.000000	0.000000	0.000000	0.000000	0.000000	0.000000	0.000000	0.000000	0.000000	1790355208.568693	0.000000
97.000000	11698.746586	44157.458145	-4012.473406	-32149.609286	21936.024360	-32262.731464	-13507.360340	-19044.222718	0.004000	0.874000	0.452000	192.000000	0.000000	0.000000	0.000000	0.000000	0.000000	0.000000	0.000000	0.000000	0.000000	1790355208.568703	0.000000
98.000000	11702.948714	44160.341520	-4010.975839	-32156.314809	21946.887308	-32285.530244	-13506.354512	-19059.287794	0.004000	0.874000	0.452000	192.000000	0.000000	0.000000	0.000000	0.000000	0.000000	0.000000	0.000000	0.000000	0.000000	1790355208.568714	0.000000
99.000000	11706.815565	44169.349273	-4005.790234	-32155.688960	21948.027247	-32281.819854	-13526.471082	-19065.702744	0.004000	0.874000	0.452000	192.000000	0.000000	0.000000	0.000000	0.000000	0.000000	0.000000	0.000000	0.000000	0.000000	1790355208.568724	0.000000
100.000000	11702.434624	44171.427986	-4004.985572	-32150.793928	21937.231354	-32269.146415	-13533.824805	-19065.970965	0.004000	0.874000	0.452000	192.000000	0.000000	0.000000	0.000000	0.000000	0.000000	0.000000	0.000000	0.000000	0.000000	1790355208.568734	0.000000
101.000000	11699.975932	44161.123831	-4008.092464	-32154.638428	21945.456796	-32277.863595	-13524.079445	-19072.162398	0.004000	0.874000	0.452000	192.000000	0.000000	0.000000	0.000000	0.000000	0.000000	0.000000	0.000000	0.000000	0.000000	1790355208.568744	0.000000
102.000000	11696.086728	44155.737061	-4008.383037	-32160.315771	21956.096227	-32285.932575	-13511.473061	-19073.190579	-0.002000	0.874000	0.460000	192.000000	255.000000	240.000000	27.000000	80.000000	14.000000	96.000000	0.000000	0.000000	0.000000	1790355208.568755	0.000000
103.000000	11701.987589	44174.758396	-4001.990438	-32153.364379	21944.719189	-32271.761569	-13512.791814	-19065.814503	-0.002000	0.874000	0.460000	192.000000	0.000000	0.000000	0.000000	0.000000	0.000000	0.000000	0.000000	0.000000	0.000000	1790355208.568765	0.000000
104.000000	11701.764071	44180.569849	-4002.772749	-32151.509184	21926.837793	-32279.539976	-13513.976456	-19064.160474	-0.002000	0.874000	0.460000	192.000000	0.000000	0.000000	0.000000	0.000000	0.000000	0.000000	0.000000	0.000000	0.000000	1790355208.568799	0.000000
105.000000	11699.484193	44169.550439	-4003.689170	-32147.307056	21933.453910	-32275.382552	-13497.123241	-19063.288756	-0.002000	0.874000	0.460000	192.000000	0.000000	0.000000	0.000000	0.000000	0.000000	0.000000	0.000000	0.000000	0.000000	1790355208.568810	0.000000
106.000000	11701.205278	44172.143241	-4000.403464	-32146.457690	21947.602564	-32270.532223	-13481.521723	-19053.968078	-0.002000	0.874000	0.460000	192.000000	0.000000	0.000000	0.000000	0.000000	0.000000	0.000000	0.000000	0.000000	0.000000	1790355208.568821	0.000000
107.000000	11698.008978	44178.804061	-4004.627944	-32155.241925	21942.662828	-32289.486502	-13493.166982	-19061.791189	-0.002000	0.874000	0.460000	192.000000	0.000000	0.000000	0.000000	0.000000	0.000000	0.000000	0.000000	0.000000	0.000000	1790355208.568831	0.000000
108.000000	11692.175173	44177.015922	-4013.725104	-32159.958143	21900.663900	-32301.645851	-13510.176660	-19075.448105	-0.002000	0.874000	0.460000	192.000000	0.000000	0.000000	0.000000	0.000000	0.000000	0.000000	0.000000	0.000000	0.000000	1790355208.568841	0.000000
109.000000	11689.515315	44159.022767	-3998.637676	-32152.582068	21938.214831	-32287.072514	-13487.623750	-19070.329555	-0.002000	0.874000	0.460000	192.000000	0.000000	0.000000	0.000000	0.000000	0.000000	0.000000	0.000000	0.000000	0.000000	1790355208.568857	0.000000
110.000000	11692.421042	44151.713747	-3993.899106	-32150.570411	21977.218625	-32274.779054	-13462.813313	-19055.778570	-0.002000	0.874000	0.460000	192.000000	0.000000	0.000000	0.000000	0.000000	0.000000	0.000000	0.000000	0.000000	0.000000	1790355208.568867	0.000000
111.000000	11695.237362	44164.610704	-3992.356836	-32148.581105	21960.052485	-32277.975354	-13459.304089	-19069.770762	-0.006000	0.874000	0.452000	192.000000	255.000000	208.000000	27.000000	80.000000	14.000000	32.000000	0.000000	0.000000	0.000000	1790355208.568877	0.000000
112.000000	11696.891391	44178.647599	-3978.431699	-32139.729814	21944.428616	-32272.253307	-13464.757915	-19065.836855	-0.006000	0.874000	0.452000	192.000000	0.000000	0.000000	0.000000	0.000000	0.000000	0.000000	0.000000	0.000000	0.000000	1790355208.568888	0.000000
113.000000	11696.891391	44174.445471	-3974.318978	-32134.566562	21953.615183	-32271.761569	-13448.798770	-19047.351962	-0.006000	0.874000	0.452000	192.000000	0.000000	0.000000	0.000000	0.000000	0.000000	0.000000	0.000000	0.000000	0.000000	1790355208.568898	0.000000
114.000000	11695.974969	44162.375529	-3978.789327	-32140.556829	21973.240015	-32277.282450	-13424.725941	-19047.195500	-0.006000	0.874000	0.452000	192.000000	0.000000	0.000000	0.000000	0.000000	0.000000	0.000000	0.000000	0.000000	0.000000	1790355208.568908	0.000000
115.000000	11695.885562	44172.478518	-3981.493888	-32146.189469	21967.853244	-32294.493293	-13425.172976	-19054.459817	-0.006000	0.874000	0.452000	192.000000	0.000000	0.000000	0.000000	0.000000	0.000000	0.000000	0.000000	0.000000	0.000000	1790355208.568918	0.000000
116.000000	11691.348158	44179.631076	-3979.079900	-32144.870716	21938.550107	-32279.361162	-13439.679258	-19046.234375	-0.006000	0.874000	0.452000	192.000000	0.000000	0.000000	0.000000	0.000000	0.000000	0.000000	0.000000	0.000000	0.000000	1790355208.568928	0.000000
117.000000	11677.512428	44169.192811	-3985.472499	-32145.116585	21926.770738	-32271.493348	-13440.506272	-19052.448160	-0.006000	0.874000	0.452000	192.000000	0.000000	0.000000	0.000000	0.000000	0.000000	0.000000	0.000000	0.000000	0.000000	1790355208.568938	0.000000
118.000000	11676.372489	44171.785614	-3986.254810	-32146.636504	21950.821215	-32271.873328	-13421.730807	-19059.891291	-0.006000	0.874000	0.452000	192.000000	0.000000	0.000000	0.000000	0.000000	0.000000	0.000000	0.000000	0.000000	0.000000	1790355208.568949	0.000000
119.000000	11686.319016	44187.409483	-3981.516240	-32147.664684	21961.125369	-32272.342714	-13405.659903	-19051.934070	-0.006000	0.874000	0.452000	192.000000	0.000000	0.000000	0.000000	0.000000	0.000000	0.000000	0.000000	0.000000	0.000000	1790355208.568982	0.000000
120.000000	11683.122716	44187.364779	-3987.662970	-32152.112681	21940.271192	-32280.054066	-13418.176880	-19067.312070	-0.006000	0.874000	0.452000	192.000000	0.000000	0.000000	0.000000	0.000000	0.000000	0.000000	0.000000	0.000000	0.000000	1790355208.568994	0.000000
121.000000	11679.658196	44175.428948	-3979.929266	-32143.976646	21932.604543	-32267.917069	-13421.395531	-19060.874767	-0.006000	0.872000	0.452000	192.000000	255.000000	208.000000	27.000000	64.000000	14.000000	32.000000	0.000000	0.000000	0.000000	1790355208.569004	0.000000
122.000000	11689.157687	44163.604875	-3966.853495	-32138.969855	21955.403323	-32264.944287	-13400.116670	-19054.325706	-0.006000	0.872000	0.452000	192.000000	0.000000	0.000000	0.000000	0.000000	0.000000	0.000000	0.000000	0.000000	0.000000	1790355208.569014	0.000000
123.000000	11690.722309	44171.450337	-3970.161554	-32141.070919	21962.175901	-32274.510834	-13392.852353	-19065.076895	-0.006000	0.872000	0.452000	192.000000	0.000000	0.000000	0.000000	0.000000	0.000000	0.000000	0.000000	0.000000	0.000000	1790355208.569024	0.000000
124.000000	11694.790327	44196.081960	-3965.892370	-32137.874620	21954.866881	-32276.656601	-13402.932990	-19067.200311	-0.006000	0.872000	0.452000	192.000000	0.000000	0.000000	0.000000	0.000000	0.000000	0.000000	0.000000	0.000000	0.000000	1790355208.569034	0.000000
125.000000	11684.955559	44201.222861	-3969.200429	-32141.964989	21942.841642	-32286.781941	-13407.425691	-19071.715363	-0.006000	0.872000	0.452000	192.000000	0.000000	0.000000	0.000000	0.000000	0.000000	0.000000	0.000000	0.000000	0.000000	1790355208.569044	0.000000
126.000000	11676.730117	44192.393922	-3968.149897	-32139.841573	21955.068046	-32285.843168	-13390.080737	-19080.700765	-0.006000	0.872000	0.452000	192.000000	0.000000	0.000000	0.000000	0.000000	0.000000	0.000000	0.000000	0.000000	0.000000	1790355208.569054	0.000000
127.000000	11675.031385	44185.509585	-3971.860286	-32147.105890	21959.426637	-32292.883968	-13369.964167	-19079.091439	-0.006000	0.872000	0.452000	192.000000	0.000000	0.000000	0.000000	0.000000	0.000000	0.000000	0.000000	0.000000	0.000000	1790355208.569064	0.000000
128.000000	11672.393879	44190.494024	-3972.709653	-32148.670512	21945.009761	-32292.995726	-13378.256664	-19080.879579	-0.006000	0.872000	0.452000	192.000000	0.000000	0.000000	0.000000	0.000000	0.000000	0.000000	0.000000	0.000000	0.000000	1790355208.569074	0.000000
129.000000	11674.316129	44199.144149	-3963.120754	-32131.772593	21933.655075	-32272.610935	-13375.619158	-19067.200311	-0.006000	0.872000	0.452000	192.000000	0.000000	0.000000	0.000000	0.000000	0.000000	0.000000	0.000000	0.000000	0.000000	1790355208.569084	0.000000
130.000000	11662.313242	44184.056721	-3971.815583	-32146.010655	21937.812500	-32282.333944	-13370.455905	-19071.715363	-0.006000	0.872000	0.452000	192.000000	0.000000	0.000000	0.000000	0.000000	0.000000	0.000000	0.000000	0.000000	0.000000	1790355208.569094	0.000000
131.000000	11660.614510	44176.792404	-3978.722272	-32152.582068	21951.737637	-32281.283412	-13362.252815	-19082.153628	-0.002000	0.870000	0.452000	192.000000	255.000000	240.000000	27.000000	48.000000	14.000000	32.000000	0.000000	0.000000	0.000000	1790355208.569104	0.000000
132.000000	11663.006146	44180.234573	-3974.587199	-32151.062149	21955.671544	-32273.661467	-13346.248966	-19076.900968	-0.002000	0.870000	0.452000	192.000000	0.000000	0.000000	0.000000	0.000000	0.000000	0.000000	0.000000	0.000000	0.000000	1790355208.569114	0.000000
133.000000	11658.692260	44182.670913	-3966.741737	-32152.224440	21943.601602	-32278.288278	-13347.031277	-19068.139084	-0.002000	0.870000	0.452000	192.000000	0.000000	0.000000	0.000000	0.000000	0.000000	0.000000	0.000000	0.000000	0.000000	1790355208.569126	0.000000
134.000000	11650.198597	44189.041160	-3966.629978	-32155.823071	21944.115692	-32278.332982	-13341.622155	-19064.339288	-0.002000	0.870000	0.452000	192.000000	0.000000	0.000000	0.000000	0.000000	0.000000	0.000000	0.000000	0.000000	0.000000	1790355208.569135	0.000000
135.000000	11653.976042	44204.776788	-3955.722327	-32147.195297	21977.598605	-32273.482653	-13308.206297	-19058.527834	-0.002000	0.870000	0.452000	192.000000	0.000000	0.000000	0.000000	0.000000	0.000000	0.000000	0.000000	0.000000	0.000000	1790355208.569270	0.000000
136.000000	11660.323937	44222.702887	-3951.810771	-32141.450899	21968.590852	-32281.663392	-13300.606704	-19052.559918	-0.002000	0.870000	0.452000	192.000000	0.000000	0.000000	0.000000	0.000000	0.000000	0.000000	0.000000	0.000000	0.000000	1790355208.569281	0.000000
137.000000	11656.345326	44218.076076	-3954.202408	-32147.374111	21947.289639	-32284.949098	-13330.021600	-19058.974869	-0.002000	0.870000	0.452000	192.000000	0.000000	0.000000	0.000000	0.000000	0.000000	0.000000	0.000000	0.000000	0.000000	1790355208.569294	0.000000
138.000000	11646.599966	44203.569794	-3950.469667	-32144.870716	21969.663736	-32266.575964	-13321.684399	-19056.583232	-0.002000	0.870000	0.452000	192.000000	0.000000	0.000000	0.000000	0.000000	0.000000	0.000000	0.000000	0.000000	0.000000	1790355208.569350	0.000000
139.000000	11642.062562	44198.875928	-3956.459934	-32148.826974	21996.821105	-32266.061874	-13293.074166	-19054.102189	-0.002000	0.870000	0.452000	192.000000	0.000000	0.000000	0.000000	0.000000	0.000000	0.000000	0.000000	0.000000	0.000000	1790355208.569391	0.000000
140.000000	11646.398800	44204.352105	-3962.830181	-32150.123376	21993.960082	-32268.632325	-13285.072241	-19051.017648	-0.002000	0.870000	0.452000	192.000000	0.000000	0.000000	0.000000	0.000000	0.000000	0.000000	0.000000	0.000000	0.000000	1790355208.569418	0.000000
141.000000	11650.399762	44215.058591	-3958.203370	-32143.574315	21973.932919	-32264.251383	-13295.957541	-19051.196462	-0.002000	0.870000	0.452000	192.000000	0.000000	0.000000	27.000000	128.000000	14.000000	32.000000	0.000000	0.000000	0.000000	1790355208.569463	0.000000
142.000000	11642.420190	44210.521187	-3962.114926	-32149.452823	21970.557805	-32267.782958	-13298.885620	-19063.378163	-0.002000	0.870000	0.452000	192.000000	0.000000	0.000000	0.000000	0.000000	0.000000	0.000000	0.000000	0.000000	0.000000	1790355208.569473	0.000000
143.000000	11637.905137	44198.317134	-3965.177115	-32151.687998	21993.624806	-32263.402017	-13278.031442	-19059.667773	-0.002000	0.870000	0.452000	192.000000	0.000000	0.000000	0.000000	0.000000	0.000000	0.000000	0.000000	0.000000	0.000000	1790355208.569483	0.000000
144.000000	11640.363829	44207.391942	-3968.373414	-32154.593725	21997.178733	-32268.073531	-13269.984814	-19062.037058	-0.002000	0.870000	0.452000	192.000000	0.000000	0.000000	0.000000	0.000000	0.000000	0.000000	0.000000	0.000000	0.000000	1790355208.569493	0.000000
145.000000	11636.340515	44217.137303	-3965.802963	-32153.252620	21974.581119	-32272.119197	-13280.758355	-19063.556977	-0.002000	0.870000	0.452000	192.000000	0.000000	0.000000	0.000000	0.000000	0.000000	0.000000	0.000000	0.000000	0.000000	1790355208.569503	0.000000
146.000000	11636.161701	44207.347239	-3949.620300	-32145.474213	21964.478131	-32276.343677	-13264.776857	-19054.929203	-0.002000	0.870000	0.452000	192.000000	0.000000	0.000000	0.000000	0.000000	0.000000	0.000000	0.000000	0.000000	0.000000	1790355208.569513	0.000000
147.000000	11632.428960	44196.037256	-3951.877827	-32151.620943	21975.810465	-32286.603127	-13234.981982	-19052.291698	-0.002000	0.870000	0.452000	192.000000	0.000000	0.000000	0.000000	0.000000	0.000000	0.000000	0.000000	0.000000	0.000000	1790355208.569523	0.000000
148.000000	11630.462006	44204.285050	-3959.410365	-32150.481004	21996.485829	-32270.778092	-13231.651572	-19060.874767	-0.002000	0.870000	0.452000	192.000000	0.000000	0.000000	0.000000	0.000000	0.000000	0.000000	0.000000	0.000000	0.000000	1790355208.569533	0.000000
149.000000	11628.137425	44217.919614	-3963.321920	-32150.592762	21968.523797	-32273.505005	-13253.489227	-19075.828084	-0.002000	0.870000	0.452000	192.000000	0.000000	0.000000	0.000000	0.000000	0.000000	0.000000	0.000000	0.000000	0.000000	1790355208.569543	0.000000
150.000000	11621.454253	44216.690268	-3961.712594	-32157.879431	21949.636573	-32278.176520	-13264.173360	-19078.420887	-0.002000	0.870000	0.452000	192.000000	0.000000	0.000000	0.000000	0.000000	0.000000	0.000000	0.000000	0.000000	0.000000	1790355208.569582	0.000000
151.000000	11616.514518	44211.437608	-3959.030385	-32154.079634	21960.790093	-32269.481691	-13251.097590	-19071.737715	-0.002000	0.870000	0.452000	192.000000	0.000000	0.000000	27.000000	112.000000	14.000000	32.000000	0.000000	0.000000	0.000000	1790355208.569592	0.000000
152.000000	11628.115073	44217.874911	-3955.074126	-32156.046588	21984.885274	-32270.845147	-13243.609755	-19077.683279	-0.002000	0.870000	0.452000	192.000000	0.000000	0.000000	0.000000	0.000000	0.000000	0.000000	0.000000	0.000000	0.000000	1790355208.569602	0.000000
153.000000	11633.099512	44236.628024	-3955.722327	-32161.075730	21974.290547	-32291.386401	-13241.195767	-19083.606492	-0.002000	0.870000	0.452000	192.000000	0.000000	0.000000	0.000000	0.000000	0.000000	0.000000	0.000000	0.000000	0.000000	1790355208.569612	0.000000
154.000000	11635.379390	44250.262588	-3944.568806	-32151.129204	21967.361506	-32285.731409	-13239.295869	-19086.199294	-0.002000	0.870000	0.452000	192.000000	0.000000	0.000000	0.000000	0.000000	0.000000	0.000000	0.000000	0.000000	0.000000	1790355208.569622	0.000000
155.000000	11630.149082	44242.327719	-3945.664042	-32146.480041	21972.278890	-32266.687723	-13202.549601	-19067.468532	-0.002000	0.870000	0.452000	192.000000	0.000000	0.000000	0.000000	0.000000	0.000000	0.000000	0.000000	0.000000	0.000000	1790355208.569631	0.000000
156.000000	11629.165605	44248.049766	-3944.904082	-32145.764786	22002.006710	-32265.503081	-13176.263949	-19057.969041	-0.002000	0.870000	0.452000	192.000000	0.000000	0.000000	0.000000	0.000000	0.000000	0.000000	0.000000	0.000000	0.000000	1790355208.569641	0.000000
157.000000	11624.382332	44257.236333	-3948.525065	-32151.285666	22007.326425	-32272.655639	-13171.234807	-19061.590023	-0.002000	0.870000	0.452000	192.000000	0.000000	0.000000	0.000000	0.000000	0.000000	0.000000	0.000000	0.000000	0.000000	1790355208.569651	0.000000
158.000000	11619.867280	44256.275208	-3942.758315	-32144.513088	21985.689936	-32252.650827	-13172.240635	-19047.731942	-0.002000	0.870000	0.452000	192.000000	0.000000	0.000000	0.000000	0.000000	0.000000	0.000000	0.000000	0.000000	0.000000	1790355208.569661	0.000000
159.000000	11624.114111	44255.917580	-3935.315184	-32146.189469	21999.369204	-32253.835470	-13159.723659	-19049.073046	-0.002000	0.870000	0.452000	192.000000	0.000000	0.000000	0.000000	0.000000	0.000000	0.000000	0.000000	0.000000	0.000000	1790355209.047140	0.000000
160.000000	11624.874070	44253.637702	-3944.613510	-32157.074768	22005.985320	-32266.888889	-13162.137647	-19068.384954	-0.002000	0.870000	0.452000	192.000000	0.000000	0.000000	0.000000	0.000000	0.000000	0.000000	0.000000	0.000000	0.000000	1790355209.047208	0.000000
161.000000	11627.668038	44265.908809	-3948.815638	-32161.187489	22007.169963	-32271.627459	-13170.653662	-19069.077858	-0.006000	0.872000	0.450000	192.000000	255.000000	208.000000	27.000000	64.000000	14.000000	16.000000	0.000000	0.000000	0.000000	1790355209.047248	0.000000
162.000000	11624.404684	44275.698873	-3939.763181	-32154.571373	21982.851265	-32262.552650	-13165.155132	-19053.990430	-0.006000	0.872000	0.450000	192.000000	0.000000	0.000000	0.000000	0.000000	0.000000	0.000000	0.000000	0.000000	0.000000	1790355209.047267	0.000000
163.000000	11629.366771	44268.211039	-3931.023649	-32147.441166	21993.088364	-32261.412711	-13158.270795	-19052.492863	-0.006000	0.872000	0.450000	192.000000	0.000000	0.000000	0.000000	0.000000	0.000000	0.000000	0.000000	0.000000	0.000000	1790355209.047298	0.000000
164.000000	11632.697181	44250.351995	-3937.907986	-32149.743396	22015.663626	-32258.127005	-13143.138664	-19051.732904	-0.006000	0.872000	0.450000	192.000000	0.000000	0.000000	0.000000	0.000000	0.000000	0.000000	0.000000	0.000000	0.000000	1790355209.047324	0.000000
165.000000	11638.620393	44245.389908	-3935.829274	-32151.687998	22020.223382	-32259.110482	-13145.105618	-19062.260576	-0.006000	0.872000	0.450000	192.000000	0.000000	0.000000	0.000000	0.000000	0.000000	0.000000	0.000000	0.000000	0.000000	1790355209.047334	0.000000
166.000000	11642.822521	44258.152754	-3925.502768	-32140.355663	22006.588817	-32256.338865	-13150.000650	-19061.344154	-0.006000	0.872000	0.450000	192.000000	0.000000	0.000000	0.000000	0.000000	0.000000	0.000000	0.000000	0.000000	0.000000	1790355209.047423	0.000000
167.000000	11622.437730	44246.440440	-3930.263690	-32141.741471	22006.946445	-32253.835470	-13143.764513	-19063.668735	-0.006000	0.872000	0.450000	192.000000	0.000000	0.000000	0.000000	0.000000	0.000000	0.000000	0.000000	0.000000	0.000000	1790355209.047434	0.000000
168.000000	11614.704027	44238.013832	-3939.293795	-32153.185565	22010.142745	-32265.659543	-13130.085245	-19069.994279	-0.006000	0.872000	0.450000	192.000000	0.000000	0.000000	0.000000	0.000000	0.000000	0.000000	0.000000	0.000000	0.000000	1790355209.047444	0.000000
169.000000	11618.347361	44243.624120	-3946.960443	-32163.780292	22000.822067	-32285.284374	-13130.800501	-19086.869846	-0.006000	0.872000	0.450000	192.000000	0.000000	0.000000	0.000000	0.000000	0.000000	0.000000	0.000000	0.000000	0.000000	1790355209.047454	0.000000
170.000000	11621.476605	44257.616312	-3945.306414	-32161.455710	21977.710364	-32283.943270	-13139.092998	-19081.237207	-0.006000	0.872000	0.450000	192.000000	0.000000	0.000000	0.000000	0.000000	0.000000	0.000000	0.000000	0.000000	0.000000	1790355209.047464	0.000000
171.000000	11614.301695	44256.275208	-3947.027498	-32157.991190	21960.410113	-32274.086150	-13142.088132	-19072.922358	-0.004000	0.872000	0.452000	192.000000	255.000000	224.000000	27.000000	64.000000	14.000000	32.000000	0.000000	0.000000	0.000000	1790355209.047474	0.000000
172.000000	11605.696274	44240.651338	-3951.520199	-32171.223422	21984.170018	-32285.284374	-13127.760664	-19085.595797	-0.004000	0.872000	0.452000	192.000000	0.000000	0.000000	0.000000	0.000000	0.000000	0.000000	0.000000	0.000000	0.000000	1790355209.047484	0.000000
173.000000	11621.342495	44241.903036	-3935.941033	-32160.204012	22003.079594	-32285.999630	-13116.361274	-19084.321747	-0.004000	0.872000	0.452000	192.000000	0.000000	0.000000	0.000000	0.000000	0.000000	0.000000	0.000000	0.000000	0.000000	1790355209.047494	0.000000
174.000000	11637.569861	44261.147888	-3926.173321	-32145.675379	21999.190390	-32279.808197	-13109.991027	-19077.258596	-0.004000	0.872000	0.452000	192.000000	0.000000	0.000000	0.000000	0.000000	0.000000	0.000000	0.000000	0.000000	0.000000	1790355209.047504	0.000000
175.000000	11625.566974	44263.181897	-3933.951728	-32151.263315	21988.595663	-32263.290258	-13114.327266	-19079.046736	-0.004000	0.872000	0.452000	192.000000	0.000000	0.000000	0.000000	0.000000	0.000000	0.000000	0.000000	0.000000	0.000000	1790355209.047514	0.000000
176.000000	11610.904230	44248.720318	-3941.037231	-32156.024236	21979.319689	-32274.622592	-13108.873440	-19091.541361	-0.004000	0.872000	0.452000	192.000000	0.000000	0.000000	0.000000	0.000000	0.000000	0.000000	0.000000	0.000000	0.000000	1790355209.047524	0.000000
177.000000	11614.324047	44253.302426	-3943.227702	-32164.987286	21989.914416	-32282.892738	-13077.715108	-19088.970910	-0.004000	0.872000	0.452000	192.000000	0.000000	0.000000	0.000000	0.000000	0.000000	0.000000	0.000000	0.000000	0.000000	1790355209.047534	0.000000
178.000000	11617.855623	44272.636684	-3931.470684	-32156.292457	22008.488716	-32270.152243	-13056.659765	-19072.520026	-0.004000	0.872000	0.452000	192.000000	0.000000	0.000000	0.000000	0.000000	0.000000	0.000000	0.000000	0.000000	0.000000	1790355209.047548	0.000000
179.000000	11617.118015	44283.790205	-3928.296736	-32147.642332	21995.569407	-32259.758682	-13054.134018	-19071.313032	-0.004000	0.872000	0.452000	192.000000	0.000000	0.000000	0.000000	0.000000	0.000000	0.000000	0.000000	0.000000	0.000000	1790355209.047558	0.000000
180.000000	11611.150099	44267.182859	-3932.051829	-32152.313847	21998.273968	-32268.811139	-13050.423628	-19072.385916	-0.004000	0.872000	0.452000	192.000000	0.000000	0.000000	0.000000	0.000000	0.000000	0.000000	0.000000	0.000000	0.000000	1790355209.047568	0.000000
181.000000	11614.391102	44261.930199	-3931.828312	-32154.750187	22017.205896	-32267.090054	-13032.229308	-19074.352869	-0.002000	0.876000	0.454000	192.000000	255.000000	240.000000	27.000000	96.000000	14.000000	48.000000	0.000000	0.000000	0.000000	1790355209.047603	0.000000
182.000000	11621.118977	44277.554068	-3931.604794	-32157.275934	22003.213704	-32270.800444	-13027.691904	-19074.330518	-0.002000	0.876000	0.454000	192.000000	0.000000	0.000000	0.000000	0.000000	0.000000	0.000000	0.000000	0.000000	0.000000	1790355209.047614	0.000000
183.000000	11615.531041	44285.287772	-3930.151931	-32159.824033	21999.235094	-32272.387418	-13025.456730	-19072.072991	-0.002000	0.876000	0.454000	192.000000	0.000000	0.000000	0.000000	0.000000	0.000000	0.000000	0.000000	0.000000	0.000000	1790355209.047624	0.000000
184.000000	11611.038340	44277.978751	-3924.742809	-32158.885259	22007.661701	-32269.481691	-13015.554907	-19073.771724	-0.002000	0.876000	0.454000	192.000000	0.000000	0.000000	0.000000	0.000000	0.000000	0.000000	0.000000	0.000000	0.000000	1790355209.047634	0.000000
185.000000	11616.246297	44278.314028	-3921.926489	-32154.146690	22025.788966	-32267.022999	-12996.064186	-19079.337308	-0.002000	0.876000	0.454000	192.000000	0.000000	0.000000	0.000000	0.000000	0.000000	0.000000	0.000000	0.000000	0.000000	1790355209.047644	0.000000
186.000000	11617.721512	44277.531717	-3924.765161	-32154.616076	22031.175736	-32266.821833	-12992.778479	-19077.012727	-0.002000	0.876000	0.454000	192.000000	0.000000	0.000000	0.000000	0.000000	0.000000	0.000000	0.000000	0.000000	0.000000	1790355209.047654	0.000000
187.000000	11607.663227	44277.822289	-3931.783608	-32159.846385	22008.578123	-32268.140586	-13005.831898	-19075.626919	-0.002000	0.876000	0.454000	192.000000	0.000000	0.000000	0.000000	0.000000	0.000000	0.000000	0.000000	0.000000	0.000000	1790355209.047664	0.000000
188.000000	11601.605904	44273.642513	-3933.616451	-32162.126262	22007.505239	-32274.756703	-13004.379035	-19078.823218	-0.002000	0.876000	0.454000	192.000000	0.000000	0.000000	0.000000	0.000000	0.000000	0.000000	0.000000	0.000000	0.000000	1790355209.047674	0.000000
189.000000	11595.593285	44267.696949	-3938.019745	-32163.020332	22021.475079	-32273.817929	-12981.848476	-19081.930111	-0.002000	0.876000	0.454000	192.000000	0.000000	0.000000	0.000000	0.000000	0.000000	0.000000	0.000000	0.000000	0.000000	1790355209.047684	0.000000
190.000000	11601.114166	44280.370388	-3938.466780	-32162.707408	22016.334178	-32274.644944	-12973.913607	-19086.199294	-0.002000	0.876000	0.454000	192.000000	0.000000	0.000000	0.000000	0.000000	0.000000	0.000000	0.000000	0.000000	0.000000	1790355209.047693	0.000000
191.000000	11606.545640	44294.139063	-3928.117922	-32155.353684	21990.786134	-32266.754778	-12981.043813	-19079.717288	0.004000	0.880000	0.450000	192.000000	0.000000	32.000000	27.000000	128.000000	14.000000	16.000000	0.000000	0.000000	0.000000	1790355209.047703	0.000000
192.000000	11599.795413	44287.366484	-3915.891518	-32149.721044	22003.906608	-32255.936534	-12973.019537	-19073.838779	0.004000	0.880000	0.450000	192.000000	0.000000	0.000000	0.000000	0.000000	0.000000	0.000000	0.000000	0.000000	0.000000	1790355209.047714	0.000000
193.000000	11593.805145	44281.152699	-3917.299678	-32154.124338	22026.437167	-32260.608049	-12947.873825	-19072.229454	0.004000	0.880000	0.450000	192.000000	0.000000	0.000000	0.000000	0.000000	0.000000	0.000000	0.000000	0.000000	0.000000	1790355209.047724	0.000000
194.000000	11599.124861	44294.876670	-3921.188882	-32155.152518	22029.722873	-32259.423406	-12948.969060	-19086.087535	0.004000	0.880000	0.450000	192.000000	0.000000	0.000000	0.000000	0.000000	0.000000	0.000000	0.000000	0.000000	0.000000	1790355209.047734	0.000000
195.000000	11597.448480	44300.799883	-3928.341440	-32164.629658	21997.782230	-32278.288278	-12970.583197	-19101.532591	0.004000	0.880000	0.450000	192.000000	0.000000	0.000000	0.000000	0.000000	0.000000	0.000000	0.000000	0.000000	0.000000	1790355209.047743	0.000000
196.000000	11590.273570	44285.310124	-3927.804998	-32164.875527	21996.865809	-32275.963697	-12955.540473	-19087.316881	0.004000	0.880000	0.450000	192.000000	0.000000	0.000000	0.000000	0.000000	0.000000	0.000000	0.000000	0.000000	0.000000	1790355209.047776	0.000000
197.000000	11592.866372	44276.525888	-3923.938146	-32162.595649	22012.534381	-32267.693552	-12933.680467	-19076.252768	0.004000	0.880000	0.450000	192.000000	0.000000	0.000000	0.000000	0.000000	0.000000	0.000000	0.000000	0.000000	0.000000	1790355209.047787	0.000000
198.000000	11600.845945	44285.086606	-3921.814730	-32168.317696	22027.755919	-32280.970488	-12927.377275	-19078.979680	0.004000	0.880000	0.450000	192.000000	0.000000	0.000000	0.000000	0.000000	0.000000	0.000000	0.000000	0.000000	0.000000	1790355209.047796	0.000000
199.000000	11604.064596	44305.873728	-3921.077123	-32159.578164	22017.362358	-32263.647886	-12929.254821	-19076.141009	0.004000	0.880000	0.450000	192.000000	0.000000	0.000000	0.000000	0.000000	0.000000	0.000000	0.000000	0.000000	0.000000	1790355209.047806	0.000000
200.000000	11590.742956	44302.789188	-3923.133483	-32160.338123	22000.911474	-32258.171708	-12926.013819	-19077.191541	0.004000	0.878000	0.452000	192.000000	0.000000	32.000000	27.000000	112.000000	14.000000	32.000000	0.000000	0.000000	0.000000	1790355209.047816	0.000000
201.000000	11596.152079	44298.944688	-3911.354114	-32153.699655	22022.615018	-32258.462281	-12895.436632	-19073.414096	0.004000	0.878000	0.452000	192.000000	0.000000	0.000000	0.000000	0.000000	0.000000	0.000000	0.000000	0.000000	0.000000	1790355209.047826	0.000000
202.000000	11598.275494	44305.583156	-3910.527099	-32163.489719	22049.325353	-32269.302877	-12878.628120	-19076.990375	0.004000	0.878000	0.452000	192.000000	0.000000	0.000000	0.000000	0.000000	0.000000	0.000000	0.000000	0.000000	0.000000	1790355209.047836	0.000000
203.000000	11599.884820	44315.999069	-3915.176262	-32168.272992	22025.051358	-32280.590508	-12889.133440	-19081.192503	0.004000	0.878000	0.452000	192.000000	0.000000	0.000000	0.000000	0.000000	0.000000	0.000000	0.000000	0.000000	0.000000	1790355209.047846	0.000000
204.000000	11595.593285	44313.875653	-3908.426035	-32160.069902	22023.240867	-32261.993857	-12893.000292	-19077.258596	0.004000	0.878000	0.452000	192.000000	0.000000	0.000000	0.000000	0.000000	0.000000	0.000000	0.000000	0.000000	0.000000	1790355209.047856	0.000000
205.000000	11591.882895	44299.123502	-3905.162681	-32152.872640	22039.267068	-32254.930705	-12868.212207	-19058.639593	0.004000	0.878000	0.452000	192.000000	0.000000	0.000000	0.000000	0.000000	0.000000	0.000000	0.000000	0.000000	0.000000	1790355209.047866	0.000000
206.000000	11601.404739	44307.214833	-3901.407588	-32150.615114	22061.462350	-32247.800499	-12826.347390	-19050.347096	0.004000	0.878000	0.452000	192.000000	0.000000	0.000000	0.000000	0.000000	0.000000	0.000000	0.000000	0.000000	0.000000	1790355209.047876	0.000000
207.000000	11603.841079	44326.593796	-3906.168509	-32154.772539	22038.529460	-32250.661522	-12835.645716	-19064.160474	0.004000	0.878000	0.452000	192.000000	0.000000	0.000000	0.000000	0.000000	0.000000	0.000000	0.000000	0.000000	0.000000	1790355209.047886	0.000000
208.000000	11597.873163	44330.170075	-3907.844890	-32156.203050	22021.139803	-32246.817022	-12852.275414	-19067.245015	0.004000	0.878000	0.452000	192.000000	0.000000	0.000000	0.000000	0.000000	0.000000	0.000000	0.000000	0.000000	0.000000	1790355209.047896	0.000000
209.000000	11602.701140	44325.543264	-3892.131614	-32150.503355	22032.718007	-32245.185345	-12839.914899	-19068.653174	0.004000	0.878000	0.452000	192.000000	0.000000	0.000000	0.000000	0.000000	0.000000	0.000000	0.000000	0.000000	0.000000	1790355209.047906	0.000000
210.000000	11606.858564	44317.720153	-3886.454271	-32149.676341	22062.199958	-32251.980275	-12808.823622	-19064.585157	0.004000	0.878000	0.452000	192.000000	0.000000	0.000000	27.000000	48.000000	14.000000	16.000000	0.000000	0.000000	0.000000	1790355209.047916	0.000000
211.000000	11609.630181	44315.306165	-3889.516460	-32152.760882	22057.237870	-32260.675104	-12806.543744	-19072.184750	0.004000	0.878000	0.452000	192.000000	0.000000	0.000000	0.000000	0.000000	0.000000	0.000000	0.000000	0.000000	0.000000	1790355209.047926	0.000000
212.000000	11604.779852	44313.450970	-3894.500899	-32156.359512	22022.682073	-32260.853918	-12824.000457	-19080.521951	0.004000	0.878000	0.452000	192.000000	0.000000	0.000000	0.000000	0.000000	0.000000	0.000000	0.000000	0.000000	0.000000	1790355209.047958	0.000000
213.000000	11601.740015	44305.381990	-3891.751634	-32154.459614	22013.294341	-32263.647886	-12816.803195	-19079.046736	0.004000	0.878000	0.452000	192.000000	0.000000	0.000000	0.000000	0.000000	0.000000	0.000000	0.000000	0.000000	0.000000	1790355209.047968	0.000000
214.000000	11603.058768	44301.001048	-3887.594210	-32159.220536	22031.466309	-32266.575964	-12796.820736	-19082.734773	0.004000	0.878000	0.452000	192.000000	0.000000	0.000000	0.000000	0.000000	0.000000	0.000000	0.000000	0.000000	0.000000	1790355209.047978	0.000000
215.000000	11611.977114	44318.882444	-3881.738053	-32149.519879	22049.079484	-32262.195022	-12786.494230	-19075.068125	0.004000	0.878000	0.452000	192.000000	0.000000	0.000000	0.000000	0.000000	0.000000	0.000000	0.000000	0.000000	0.000000	1790355209.047988	0.000000
216.000000	11604.712797	44322.525778	-3885.895477	-32153.073806	22031.734530	-32254.997761	-12790.919875	-19081.170151	0.004000	0.878000	0.452000	192.000000	0.000000	0.000000	0.000000	0.000000	0.000000	0.000000	0.000000	0.000000	0.000000	1790355209.047998	0.000000
217.000000	11591.905247	44313.138045	-3888.845907	-32155.577201	22017.518820	-32245.230048	-12783.968482	-19079.359660	0.004000	0.878000	0.452000	192.000000	0.000000	0.000000	0.000000	0.000000	0.000000	0.000000	0.000000	0.000000	0.000000	1790355209.048008	0.000000
218.000000	11591.927599	44306.343115	-3886.610733	-32161.947448	22029.387597	-32260.764511	-12766.467067	-19081.728945	0.004000	0.878000	0.452000	192.000000	0.000000	0.000000	0.000000	0.000000	0.000000	0.000000	0.000000	0.000000	0.000000	1790355209.048018	0.000000
219.000000	11599.795413	44317.764857	-3888.287114	-32158.661742	22030.236963	-32262.351485	-12766.288253	-19080.365489	0.004000	0.878000	0.452000	192.000000	0.000000	0.000000	0.000000	0.000000	0.000000	0.000000	0.000000	0.000000	0.000000	1790355209.048028	0.000000
220.000000	11601.047111	44342.307072	-3882.296846	-32150.123376	22040.116434	-32253.947229	-12778.559360	-19074.866959	0.004000	0.878000	0.452000	192.000000	0.000000	0.000000	27.000000	80.000000	14.000000	64.000000	0.000000	0.000000	0.000000	1790355209.048038	0.000000
221.000000	11588.306616	44340.965967	-3885.001407	-32150.503355	22041.234021	-32263.424368	-12773.999604	-19073.034116	0.004000	0.878000	0.452000	192.000000	0.000000	0.000000	0.000000	0.000000	0.000000	0.000000	0.000000	0.000000	0.000000	1790355209.048048	0.000000
222.000000	11581.914017	44331.913511	-3886.476622	-32152.894992	22048.878318	-32259.401054	-12745.903462	-19071.737715	0.004000	0.878000	0.452000	192.000000	0.000000	0.000000	0.000000	0.000000	0.000000	0.000000	0.000000	0.000000	0.000000	1790355209.048058	0.000000
223.000000	11592.978131	44344.609302	-3883.146212	-32155.152518	22069.598385	-32260.317476	-12720.847156	-19062.439390	0.004000	0.878000	0.452000	192.000000	0.000000	0.000000	0.000000	0.000000	0.000000	0.000000	0.000000	0.000000	0.000000	1790355209.048068	0.000000
224.000000	11597.962570	44357.327444	-3879.815803	-32156.940658	22054.220385	-32258.350522	-12730.681924	-19075.179884	0.004000	0.878000	0.452000	192.000000	0.000000	0.000000	0.000000	0.000000	0.000000	0.000000	0.000000	0.000000	0.000000	1790355209.048077	0.000000
225.000000	11589.871238	44353.237075	-3875.166640	-32152.090329	22042.128091	-32257.970543	-12736.716895	-19080.499599	0.004000	0.878000	0.452000	192.000000	0.000000	0.000000	0.000000	0.000000	0.000000	0.000000	0.000000	0.000000	0.000000	1790355209.048088	0.000000
226.000000	11592.642855	44334.193389	-3859.118087	-32142.300265	22060.948260	-32238.971560	-12710.073615	-19059.265442	0.004000	0.878000	0.452000	192.000000	0.000000	0.000000	0.000000	0.000000	0.000000	0.000000	0.000000	0.000000	0.000000	1790355209.048098	0.000000
227.000000	11596.308541	44326.772610	-3860.190971	-32144.021349	22074.091086	-32236.602275	-12689.912342	-19058.997221	0.004000	0.878000	0.452000	192.000000	0.000000	0.000000	0.000000	0.000000	0.000000	0.000000	0.000000	0.000000	0.000000	1790355209.048130	0.000000
228.000000	11598.387253	44339.378993	-3861.889703	-32136.578219	22067.676135	-32227.683929	-12692.706310	-19062.282927	0.004000	0.878000	0.452000	192.000000	0.000000	0.000000	0.000000	0.000000	0.000000	0.000000	0.000000	0.000000	0.000000	1790355209.048140	0.000000
229.000000	11589.826535	44341.569464	-3868.774041	-32148.826974	22051.426417	-32257.456453	-12700.976455	-19066.976794	0.004000	0.878000	0.452000	192.000000	0.000000	0.000000	0.000000	0.000000	0.000000	0.000000	0.000000	0.000000	0.000000	1790355209.048150	0.000000
230.000000	11589.625369	44328.918377	-3862.783773	-32138.388710	22060.970612	-32246.951133	-12686.581932	-19058.751352	0.002000	0.872000	0.460000	192.000000	0.000000	16.000000	27.000000	64.000000	14.000000	96.000000	0.000000	0.000000	0.000000	1790355209.048160	0.000000
231.000000	11590.385329	44324.872711	-3865.264817	-32139.394538	22077.712068	-32234.389452	-12667.694708	-19060.137160	0.002000	0.872000	0.460000	192.000000	0.000000	0.000000	0.000000	0.000000	0.000000	0.000000	0.000000	0.000000	0.000000	1790355209.048170	0.000000
232.000000	11590.966474	44343.424659	-3867.879971	-32143.909591	22070.492455	-32245.095938	-12668.387612	-19065.903910	0.002000	0.872000	0.460000	192.000000	0.000000	0.000000	0.000000	0.000000	0.000000	0.000000	0.000000	0.000000	0.000000	1790355209.048213	0.000000
233.000000	11586.697291	44350.130183	-3868.774041	-32146.994131	22044.050341	-32250.348598	-12679.272911	-19071.469494	0.002000	0.872000	0.460000	192.000000	0.000000	0.000000	0.000000	0.000000	0.000000	0.000000	0.000000	0.000000	0.000000	1790355209.048240	0.000000
234.000000	11590.988826	44347.291511	-3857.285244	-32132.599608	22056.790835	-32226.342824	-12667.493542	-19065.076895	0.002000	0.872000	0.460000	192.000000	0.000000	0.000000	0.000000	0.000000	0.000000	0.000000	0.000000	0.000000	0.000000	1790355209.048252	0.000000
235.000000	11583.590398	44336.205046	-3867.432936	-32151.240963	22066.916176	-32247.576981	-12655.714173	-19079.784343	0.002000	0.872000	0.460000	192.000000	0.000000	0.000000	0.000000	0.000000	0.000000	0.000000	0.000000	0.000000	0.000000	1790355209.048263	0.000000
236.000000	11583.836267	44344.184618	-3874.294922	-32159.980495	22052.745170	-32263.357313	-12657.167036	-19088.322710	0.002000	0.872000	0.460000	192.000000	0.000000	0.000000	0.000000	0.000000	0.000000	0.000000	0.000000	0.000000	0.000000	1790355209.048289	0.000000
237.000000	11589.513611	44361.261351	-3863.431974	-32150.436300	22049.347705	-32263.044389	-12660.586853	-19082.958291	0.002000	0.872000	0.460000	192.000000	0.000000	0.000000	0.000000	0.000000	0.000000	0.000000	0.000000	0.000000	0.000000	1790355209.048299	0.000000
238.000000	11586.563180	44359.808488	-3858.112259	-32144.803660	22052.812225	-32254.886002	-12636.983411	-19074.777552	0.002000	0.872000	0.460000	192.000000	0.000000	0.000000	0.000000	0.000000	0.000000	0.000000	0.000000	0.000000	0.000000	1790355209.048309	0.000000
239.000000	11587.367843	44354.533476	-3858.872218	-32140.668588	22066.960879	-32242.324322	-12611.904754	-19072.542378	0.002000	0.872000	0.460000	192.000000	0.000000	0.000000	0.000000	0.000000	0.000000	0.000000	0.000000	0.000000	0.000000	1790355209.048319	0.000000
240.000000	11588.083099	44364.636465	-3862.247331	-32150.860983	22071.565339	-32250.013322	-12618.275001	-19080.477247	0.006000	0.872000	0.454000	192.000000	0.000000	48.000000	27.000000	64.000000	14.000000	48.000000	0.000000	0.000000	0.000000	1790355209.048329	0.000000
241.000000	11598.119032	44384.976552	-3849.819761	-32138.388710	22052.096969	-32234.545914	-12626.992181	-19083.137105	0.006000	0.872000	0.454000	192.000000	0.000000	0.000000	0.000000	0.000000	0.000000	0.000000	0.000000	0.000000	0.000000	1790355209.048340	0.000000
242.000000	11591.994654	44368.078633	-3851.294977	-32145.183640	22042.418664	-32252.628476	-12629.607335	-19084.053526	0.006000	0.872000	0.454000	192.000000	0.000000	0.000000	0.000000	0.000000	0.000000	0.000000	0.000000	0.000000	0.000000	1790355209.048350	0.000000
243.000000	11589.290093	44354.734642	-3850.400907	-32148.134070	22060.031838	-32260.429235	-12612.016512	-19076.699802	0.006000	0.872000	0.454000	192.000000	0.000000	0.000000	0.000000	0.000000	0.000000	0.000000	0.000000	0.000000	0.000000	1790355209.048388	0.000000
244.000000	11589.357148	44366.491659	-3852.032584	-32152.380902	22076.549778	-32247.979313	-12601.399434	-19083.830009	0.006000	0.872000	0.454000	192.000000	0.000000	0.000000	0.000000	0.000000	0.000000	0.000000	0.000000	0.000000	0.000000	1790355209.048398	0.000000
245.000000	11587.278436	44381.288514	-3847.450477	-32148.491698	22068.413743	-32235.149412	-12598.985445	-19083.181808	0.006000	0.872000	0.454000	192.000000	0.000000	0.000000	0.000000	0.000000	0.000000	0.000000	0.000000	0.000000	0.000000	1790355209.048407	0.000000
246.000000	11574.135610	44369.531497	-3855.161828	-32150.503355	22056.679077	-32237.943380	-12593.509268	-19071.044811	0.006000	0.872000	0.454000	192.000000	0.000000	0.000000	0.000000	0.000000	0.000000	0.000000	0.000000	0.000000	0.000000	1790355209.048418	0.000000
247.000000	11574.135610	44360.367281	-3849.618596	-32150.503355	22069.799551	-32247.129947	-12571.425744	-19072.229454	0.006000	0.872000	0.454000	192.000000	0.000000	0.000000	0.000000	0.000000	0.000000	0.000000	0.000000	0.000000	0.000000	1790355209.048428	0.000000
248.000000	11582.830439	44369.196221	-3844.768267	-32146.547097	22079.746077	-32245.140641	-12560.808666	-19065.613337	0.006000	0.872000	0.454000	192.000000	0.000000	0.000000	0.000000	0.000000	0.000000	0.000000	0.000000	0.000000	0.000000	1790355209.048439	0.000000
249.000000	11582.182238	44380.327389	-3849.037450	-32148.983437	22072.057077	-32253.366083	-12561.590977	-19066.797980	0.006000	0.872000	0.454000	192.000000	0.000000	0.000000	0.000000	0.000000	0.000000	0.000000	0.000000	0.000000	0.000000	1790355209.048449	0.000000
250.000000	11586.272608	44378.069863	-3837.749819	-32129.984454	22064.770408	-32232.981292	-12558.551140	-19062.819369	0.008000	0.872000	0.450000	192.000000	0.000000	64.000000	27.000000	64.000000	14.000000	16.000000	0.000000	0.000000	0.000000	1790355209.048459	0.000000
251.000000	11590.161811	44367.542191	-3828.987936	-32127.078727	22087.278615	-32226.052252	-12532.377247	-19054.772741	0.008000	0.872000	0.450000	192.000000	0.000000	0.000000	0.000000	0.000000	0.000000	0.000000	0.000000	0.000000	0.000000	1790355209.048470	0.000000
252.000000	11590.072404	44356.455726	-3833.905319	-32137.941675	22092.665385	-32226.655749	-12522.028389	-19061.254747	0.008000	0.872000	0.450000	192.000000	0.000000	0.000000	0.000000	0.000000	0.000000	0.000000	0.000000	0.000000	0.000000	1790355209.048481	0.000000
253.000000	11587.658416	44360.680206	-3837.995689	-32148.514050	22078.002641	-32242.592542	-12535.148863	-19075.783381	0.008000	0.872000	0.450000	192.000000	0.000000	0.000000	0.000000	0.000000	0.000000	0.000000	0.000000	0.000000	0.000000	1790355209.048491	0.000000
254.000000	11584.596227	44364.815279	-3832.452456	-32145.362454	22061.685868	-32243.374854	-12539.753323	-19075.515160	0.008000	0.872000	0.450000	192.000000	0.000000	0.000000	0.000000	0.000000	0.000000	0.000000	0.000000	0.000000	0.000000	1790355209.048519	0.000000
255.000000	11577.600131	44354.533476	-3831.603090	-32149.765748	22067.206748	-32256.830604	-12526.230517	-19077.191541	0.008000	0.872000	0.450000	192.000000	0.000000	0.000000	0.000000	0.000000	0.000000	0.000000	0.000000	0.000000	0.000000	1790355209.048530	0.000000
0.000000	11584.328006	44355.360491	-3826.193968	-32147.731739	22085.713993	-32270.129892	-12499.274313	-19068.563768	0.008000	0.872000	0.450000	192.000000	0.000000	0.000000	0.000000	0.000000	0.000000	0.000000	0.000000	0.000000	0.000000	1790355209.048541	0.000000
1.000000	11586.049090	44364.547058	-3830.731372	-32141.316788	22073.107609	-32242.637246	-12502.112985	-19063.042887	0.008000	0.872000	0.450000	192.000000	0.000000	0.000000	0.000000	0.000000	0.000000	0.000000	0.000000	0.000000	0.000000	1790355209.048552	0.000000
2.000000	11582.182238	44372.146651	-3825.210491	-32135.304169	22073.398182	-32228.332130	-12513.311209	-19065.211006	0.008000	0.872000	0.450000	192.000000	0.000000	0.000000	0.000000	0.000000	0.000000	0.000000	0.000000	0.000000	0.000000	1790355209.048590	0.000000
3.000000	11579.567084	44373.979494	-3815.800406	-32129.827992	22082.584749	-32228.443888	-12498.022616	-19060.114808	0.008000	0.872000	0.450000	192.000000	0.000000	0.000000	0.000000	0.000000	0.000000	0.000000	0.000000	0.000000	0.000000	1790355209.048601	0.000000
4.000000	11578.293035	44368.413909	-3817.856767	-32136.019425	22095.772278	-32240.871458	-12484.052775	-19067.401477	0.002000	0.870000	0.454000	192.000000	0.000000	16.000000	27.000000	48.000000	14.000000	48.000000	0.000000	0.000000	0.000000	1790355209.048631	0.000000
5.000000	11579.276512	44368.078633	-3820.427218	-32139.416890	22087.390374	-32248.716920	-12489.238380	-19075.313994	0.002000	0.870000	0.454000	192.000000	0.000000	0.000000	0.000000	0.000000	0.000000	0.000000	0.000000	0.000000	0.000000	1790355209.048643	0.000000
6.000000	11580.550561	44377.220497	-3817.834415	-32142.277913	22051.404065	-32253.813118	-12507.253886	-19072.408268	0.002000	0.870000	0.454000	192.000000	0.000000	0.000000	0.000000	0.000000	0.000000	0.000000	0.000000	0.000000	0.000000	1790355209.048671	0.000000
7.000000	11583.299826	44380.126224	-3804.333962	-32136.019425	22064.010449	-32253.656656	-12496.100366	-19071.245977	0.002000	0.870000	0.454000	192.000000	0.000000	0.000000	0.000000	0.000000	0.000000	0.000000	0.000000	0.000000	0.000000	1790355209.048681	0.000000
8.000000	11578.203628	44367.519840	-3810.346581	-32142.568486	22078.539083	-32264.474900	-12475.894389	-19077.862093	0.002000	0.870000	0.454000	192.000000	0.000000	0.000000	0.000000	0.000000	0.000000	0.000000	0.000000	0.000000	0.000000	1790355209.048692	0.000000
9.000000	11576.326081	44376.348779	-3813.922860	-32146.144765	22070.872434	-32272.096845	-12478.442488	-19085.752259	0.002000	0.870000	0.454000	192.000000	0.000000	0.000000	0.000000	0.000000	0.000000	0.000000	0.000000	0.000000	0.000000	1790355209.048703	0.000000
10.000000	11577.644834	44380.081520	-3813.676991	-32147.575277	22055.896766	-32270.912203	-12493.865191	-19092.681300	0.002000	0.870000	0.454000	192.000000	0.000000	0.000000	0.000000	0.000000	0.000000	0.000000	0.000000	0.000000	0.000000	1790355209.048714	0.000000
11.000000	11577.443669	44373.979494	-3803.350485	-32133.851306	22055.695600	-32245.878249	-12483.382223	-19073.861131	0.002000	0.870000	0.454000	192.000000	0.000000	0.000000	0.000000	0.000000	0.000000	0.000000	0.000000	0.000000	0.000000	1790355209.048724	0.000000
12.000000	11581.042299	44373.398348	-3797.784900	-32129.872695	22091.413688	-32243.084281	-12440.511577	-19060.695953	0.002000	0.870000	0.454000	192.000000	0.000000	0.000000	0.000000	0.000000	0.000000	0.000000	0.000000	0.000000	0.000000	1790355209.048752	0.000000
13.000000	11578.136573	44379.679189	-3806.546784	-32140.109794	22101.360214	-32255.243630	-12440.377467	-19072.452971	0.002000	0.870000	0.454000	192.000000	0.000000	0.000000	0.000000	0.000000	0.000000	0.000000	0.000000	0.000000	0.000000	1790355209.048779	0.000000
14.000000	11574.336776	44391.503262	-3805.853880	-32142.568486	22097.180438	-32263.334961	-12440.288060	-19065.278061	-0.006000	0.874000	0.452000	192.000000	255.000000	208.000000	27.000000	80.000000	14.000000	32.000000	0.000000	0.000000	0.000000	1790355209.048790	0.000000
15.000000	11567.675956	44383.747206	-3804.199851	-32144.423681	22088.060926	-32262.262078	-12432.397894	-19066.820331	-0.006000	0.874000	0.452000	192.000000	0.000000	0.000000	0.000000	0.000000	0.000000	0.000000	0.000000	0.000000	0.000000	1790355209.048801	0.000000
16.000000	11559.942253	44375.007674	-3795.527374	-32143.060224	22105.361176	-32266.017171	-12411.856641	-19073.682317	-0.006000	0.874000	0.452000	192.000000	0.000000	0.000000	0.000000	0.000000	0.000000	0.000000	0.000000	0.000000	0.000000	1790355209.048812	0.000000
17.000000	11558.109410	44391.771482	-3787.234877	-32125.201181	22118.615761	-32240.580885	-12385.593341	-19054.124541	-0.006000	0.874000	0.452000	192.000000	0.000000	0.000000	0.000000	0.000000	0.000000	0.000000	0.000000	0.000000	0.000000	1790355209.048823	0.000000
18.000000	11545.100694	44403.215576	-3785.290275	-32127.659872	22103.483630	-32227.773336	-12396.880972	-19054.124541	-0.006000	0.874000	0.452000	192.000000	0.000000	0.000000	0.000000	0.000000	0.000000	0.000000	0.000000	0.000000	0.000000	1790355209.048858	0.000000
19.000000	11534.930651	44404.735494	-3773.846182	-32123.055413	22095.615816	-32233.048348	-12397.998559	-19050.995296	-0.006000	0.874000	0.452000	192.000000	0.000000	0.000000	0.000000	0.000000	0.000000	0.000000	0.000000	0.000000	0.000000	1790355209.048893	0.000000
20.000000	11526.101712	44397.918212	-3773.756775	-32124.284759	22106.143487	-32241.698473	-12385.638045	-19056.583232	-0.006000	0.874000	0.452000	192.000000	0.000000	0.000000	0.000000	0.000000	0.000000	0.000000	0.000000	0.000000	0.000000	1790355209.048903	0.000000
21.000000	11508.823813	44401.874471	-3787.972485	-32140.243905	22111.530258	-32262.999685	-12384.811030	-19075.448105	-0.006000	0.874000	0.452000	192.000000	0.000000	0.000000	0.000000	0.000000	0.000000	0.000000	0.000000	0.000000	0.000000	1790355209.048913	0.000000
22.000000	11501.157165	44410.211672	-3790.274714	-32140.333312	22094.878208	-32260.205717	-12396.478641	-19065.009840	-0.006000	0.874000	0.452000	192.000000	0.000000	0.000000	0.000000	0.000000	0.000000	0.000000	0.000000	0.000000	0.000000	1790355209.048923	0.000000
23.000000	11485.242723	44397.247660	-3790.878211	-32140.020387	22073.979327	-32248.806327	-12419.255068	-19071.938881	-0.006000	0.874000	0.452000	192.000000	0.000000	0.000000	0.000000	0.000000	0.000000	0.000000	0.000000	0.000000	0.000000	1790355209.364695	0.000000
24.000000	11475.676176	44382.964895	-3788.553630	-32138.656931	22083.434115	-32250.728577	-12404.592324	-19071.849474	-0.002000	0.876000	0.448000	192.000000	255.000000	240.000000	27.000000	96.000000	14.000000	0.000000	0.000000	0.000000	0.000000	1790355209.364897	0.000000
25.000000	11475.027975	44379.746244	-3798.209584	-32142.546134	22099.147391	-32256.338865	-12386.934446	-19078.867922	-0.002000	0.876000	0.448000	192.000000	0.000000	0.000000	0.000000	0.000000	0.000000	0.000000	0.000000	0.000000	0.000000	1790355209.364936	0.000000
26.000000	11484.102784	44410.859872	-3790.654694	-32139.662759	22099.750888	-32248.694569	-12384.743975	-19080.589006	-0.002000	0.876000	0.448000	192.000000	0.000000	0.000000	0.000000	0.000000	0.000000	0.000000	0.000000	0.000000	0.000000	1790355209.364955	0.000000
27.000000	11471.652862	44416.380753	-3793.269848	-32145.630675	22064.837463	-32265.257211	-12392.097699	-19090.222608	-0.002000	0.876000	0.448000	192.000000	0.000000	0.000000	0.000000	0.000000	0.000000	0.000000	0.000000	0.000000	0.000000	1790355209.364970	0.000000
28.000000	11469.752964	44406.188358	-3786.877249	-32141.875582	22066.513844	-32271.269831	-12378.396079	-19084.992300	-0.002000	0.876000	0.448000	192.000000	0.000000	0.000000	0.000000	0.000000	0.000000	0.000000	0.000000	0.000000	0.000000	1790355209.364987	0.000000
29.000000	11472.323414	44396.130073	-3792.889868	-32139.059262	22077.935586	-32268.475863	-12355.329079	-19075.001070	-0.002000	0.876000	0.448000	192.000000	0.000000	0.000000	0.000000	0.000000	0.000000	0.000000	0.000000	0.000000	0.000000	1790355209.365003	0.000000
30.000000	11482.247589	44410.703410	-3783.904467	-32134.678320	22076.259205	-32253.835470	-12346.813064	-19072.028288	-0.002000	0.876000	0.448000	192.000000	0.000000	0.000000	0.000000	0.000000	0.000000	0.000000	0.000000	0.000000	0.000000	1790355209.365019	0.000000
31.000000	11484.907446	44420.739343	-3778.696511	-32135.997073	22060.255356	-32263.692589	-12369.097754	-19076.610396	-0.002000	0.876000	0.448000	192.000000	0.000000	0.000000	0.000000	0.000000	0.000000	0.000000	0.000000	0.000000	0.000000	1790355209.365031	0.000000
32.000000	11482.202885	44417.788913	-3776.371929	-32130.118564	22076.572129	-32242.503136	-12365.119143	-19080.164323	-0.002000	0.876000	0.448000	192.000000	0.000000	0.000000	0.000000	0.000000	0.000000	0.000000	0.000000	0.000000	0.000000	1790355209.365044	0.000000
33.000000	11483.231066	44417.386582	-3779.210601	-32136.041777	22100.644958	-32246.437043	-12322.762587	-19068.027326	0.004000	0.872000	0.448000	192.000000	0.000000	32.000000	27.000000	64.000000	14.000000	0.000000	0.000000	0.000000	0.000000	1790355209.365726	0.000000
34.000000	11480.593560	44434.820942	-3788.039540	-32139.506297	22099.192095	-32242.369025	-12296.342825	-19060.695953	0.004000	0.872000	0.448000	192.000000	0.000000	0.000000	0.000000	0.000000	0.000000	0.000000	0.000000	0.000000	0.000000	1790355209.365748	0.000000
35.000000	11469.864722	44449.550742	-3789.693569	-32137.874620	22075.566301	-32235.842316	-12320.035675	-19069.949576	0.004000	0.872000	0.448000	192.000000	0.000000	0.000000	0.000000	0.000000	0.000000	0.000000	0.000000	0.000000	0.000000	1790355209.365767	0.000000
36.000000	11466.310795	44445.996814	-3779.702339	-32133.359567	22085.736345	-32234.948246	-12324.841300	-19068.809637	0.004000	0.872000	0.448000	192.000000	0.000000	0.000000	0.000000	0.000000	0.000000	0.000000	0.000000	0.000000	0.000000	1790355209.365782	0.000000
37.000000	11467.182513	44438.754849	-3774.337920	-32131.012634	22105.450583	-32242.547839	-12304.858840	-19066.909738	0.004000	0.872000	0.448000	192.000000	0.000000	0.000000	0.000000	0.000000	0.000000	0.000000	0.000000	0.000000	0.000000	1790355209.365795	0.000000
38.000000	11468.590673	44449.081355	-3770.716938	-32134.074823	22119.979217	-32249.141604	-12272.605273	-19059.600718	0.004000	0.872000	0.448000	192.000000	0.000000	0.000000	0.000000	0.000000	0.000000	0.000000	0.000000	0.000000	0.000000	1790355209.365809	0.000000
39.000000	11471.406993	44472.640094	-3777.355406	-32128.419832	22111.642016	-32238.301008	-12286.552761	-19065.769799	0.004000	0.872000	0.448000	192.000000	0.000000	0.000000	0.000000	0.000000	0.000000	0.000000	0.000000	0.000000	0.000000	1790355209.365823	0.000000
40.000000	11464.992042	44468.415614	-3782.362197	-32135.460631	22081.489513	-32247.398168	-12300.679064	-19074.397573	0.004000	0.872000	0.448000	192.000000	0.000000	0.000000	0.000000	0.000000	0.000000	0.000000	0.000000	0.000000	0.000000	1790355209.365836	0.000000
41.000000	11462.823923	44458.938475	-3780.171726	-32140.802698	22091.614853	-32253.455490	-12286.128078	-19077.638576	0.004000	0.872000	0.448000	192.000000	0.000000	0.000000	0.000000	0.000000	0.000000	0.000000	0.000000	0.000000	0.000000	1790355209.365850	0.000000
42.000000	11455.894882	44454.624588	-3786.854897	-32148.648161	22104.467106	-32252.762586	-12281.747136	-19074.889311	0.004000	0.872000	0.448000	192.000000	0.000000	0.000000	0.000000	0.000000	0.000000	0.000000	0.000000	0.000000	0.000000	1790355209.365862	0.000000
43.000000	11455.134923	44461.710091	-3784.284447	-32137.539344	22099.639130	-32244.492441	-12282.596503	-19068.586119	0.006000	0.872000	0.450000	192.000000	0.000000	48.000000	27.000000	64.000000	14.000000	16.000000	0.000000	0.000000	0.000000	1790355209.365878	0.000000
44.000000	11450.172836	44455.675120	-3779.367063	-32134.678320	22090.631377	-32245.006531	-12264.670404	-19068.362602	0.006000	0.872000	0.450000	192.000000	0.000000	0.000000	0.000000	0.000000	0.000000	0.000000	0.000000	0.000000	0.000000	1790355209.365893	0.000000
45.000000	11443.512016	44443.046384	-3779.232953	-32138.366358	22104.891790	-32248.202830	-12236.194281	-19069.234320	0.006000	0.872000	0.450000	192.000000	0.000000	0.000000	0.000000	0.000000	0.000000	0.000000	0.000000	0.000000	0.000000	1790355209.365909	0.000000
46.000000	11442.707353	44449.170762	-3785.022054	-32145.876544	22103.148353	-32251.644999	-12228.438226	-19079.605529	0.006000	0.872000	0.450000	192.000000	0.000000	0.000000	0.000000	0.000000	0.000000	0.000000	0.000000	0.000000	0.000000	1790355209.365923	0.000000
47.000000	11447.200054	44463.475879	-3784.798537	-32144.803660	22094.609987	-32247.219354	-12237.848310	-19078.599701	0.006000	0.872000	0.450000	192.000000	0.000000	0.000000	0.000000	0.000000	0.000000	0.000000	0.000000	0.000000	0.000000	1790355209.365940	0.000000
48.000000	11446.574205	44466.247495	-3782.429252	-32143.641370	22073.778161	-32248.828679	-12251.929909	-19076.699802	0.006000	0.872000	0.450000	192.000000	0.000000	0.000000	0.000000	0.000000	0.000000	0.000000	0.000000	0.000000	0.000000	1790355209.366086	0.000000
49.000000	11448.138827	44463.028844	-3771.454545	-32139.774518	22083.054135	-32235.976426	-12241.312831	-19072.900006	0.006000	0.872000	0.450000	192.000000	0.000000	0.000000	0.000000	0.000000	0.000000	0.000000	0.000000	0.000000	0.000000	1790355209.366104	0.000000
50.000000	11449.815208	44458.580847	-3769.822868	-32150.033969	22096.331071	-32252.919048	-12210.020388	-19074.665794	0.006000	0.872000	0.450000	192.000000	0.000000	0.000000	0.000000	0.000000	0.000000	0.000000	0.000000	0.000000	0.000000	1790355209.366119	0.000000
51.000000	11450.575167	44468.326207	-3775.924894	-32153.632600	22078.561435	-32262.239726	-12211.115624	-19081.773648	0.006000	0.872000	0.450000	192.000000	0.000000	0.000000	0.000000	0.000000	0.000000	0.000000	0.000000	0.000000	0.000000	1790355209.366134	0.000000
52.000000	11456.006641	44479.390321	-3762.647958	-32137.248771	22092.374813	-32238.524525	-12216.748263	-19069.100209	0.006000	0.872000	0.450000	192.000000	0.000000	0.000000	0.000000	0.000000	0.000000	0.000000	0.000000	0.000000	0.000000	1790355209.366146	0.000000
53.000000	11451.558644	44472.796556	-3756.456525	-32135.482983	22099.505019	-32228.980330	-12209.193374	-19063.981660	0.006000	0.872000	0.450000	192.000000	0.000000	0.000000	27.000000	80.000000	14.000000	32.000000	0.000000	0.000000	0.000000	1790355209.366157	0.000000
54.000000	11452.609176	44465.621646	-3756.367118	-32138.344006	22107.059909	-32241.139679	-12189.948522	-19066.842683	0.006000	0.872000	0.450000	192.000000	0.000000	0.000000	0.000000	0.000000	0.000000	0.000000	0.000000	0.000000	0.000000	1790355209.366171	0.000000
55.000000	11447.088295	44468.192097	-3764.570208	-32145.988303	22102.433098	-32251.019150	-12197.615170	-19080.879579	0.006000	0.872000	0.450000	192.000000	0.000000	0.000000	0.000000	0.000000	0.000000	0.000000	0.000000	0.000000	0.000000	1790355209.366183	0.000000
56.000000	11454.531426	44475.076434	-3759.049327	-32139.819221	22085.646938	-32237.451641	-12208.545173	-19069.256672	0.006000	0.872000	0.450000	192.000000	0.000000	0.000000	0.000000	0.000000	0.000000	0.000000	0.000000	0.000000	0.000000	1790355209.366195	0.000000
57.000000	11443.802588	44458.670254	-3759.317548	-32139.863925	22090.072583	-32237.898676	-12195.268237	-19060.673602	0.006000	0.872000	0.450000	192.000000	0.000000	0.000000	0.000000	0.000000	0.000000	0.000000	0.000000	0.000000	0.000000	1790355209.366207	0.000000
58.000000	11422.277859	44439.604216	-3762.156220	-32146.189469	22113.094880	-32233.361272	-12169.340213	-19063.065238	0.006000	0.872000	0.450000	192.000000	0.000000	0.000000	0.000000	0.000000	0.000000	0.000000	0.000000	0.000000	0.000000	1790355209.366302	0.000000
59.000000	11421.763768	44445.639187	-3762.379737	-32147.731739	22108.132792	-32235.752909	-12171.888312	-19068.921395	0.006000	0.872000	0.450000	192.000000	0.000000	0.000000	0.000000	0.000000	0.000000	0.000000	0.000000	0.000000	0.000000	1790355209.366316	0.000000
60.000000	11406.519879	44437.301986	-3775.187287	-32158.549983	22080.640147	-32253.924877	-12201.325560	-19085.282872	0.006000	0.872000	0.450000	192.000000	0.000000	0.000000	0.000000	0.000000	0.000000	0.000000	0.000000	0.000000	0.000000	1790355209.366328	0.000000
61.000000	11380.793021	44408.647050	-3765.352519	-32158.102948	22101.471973	-32251.130909	-12172.089478	-19068.764933	0.006000	0.872000	0.450000	192.000000	0.000000	0.000000	0.000000	0.000000	0.000000	0.000000	0.000000	0.000000	0.000000	1790355209.366341	0.000000
62.000000	11361.078782	44380.439148	-3765.911313	-32158.147652	22119.196906	-32244.604199	-12130.269364	-19052.314049	0.006000	0.872000	0.450000	192.000000	0.000000	0.000000	0.000000	0.000000	0.000000	0.000000	0.000000	0.000000	0.000000	1790355209.366356	0.000000
63.000000	11364.319785	44381.757901	-3764.301987	-32156.538326	22110.122098	-32250.549764	-12121.552184	-19054.236299	0.006000	0.872000	0.450000	192.000000	0.000000	0.000000	27.000000	64.000000	14.000000	16.000000	0.000000	0.000000	0.000000	1790355209.366370	0.000000
64.000000	11370.242997	44395.213651	-3755.227179	-32150.391597	22102.656615	-32255.958886	-12131.409303	-19063.825198	0.006000	0.872000	0.450000	192.000000	0.000000	0.000000	0.000000	0.000000	0.000000	0.000000	0.000000	0.000000	0.000000	1790355209.366522	0.000000
65.000000	11337.140064	44365.038796	-3756.210656	-32144.468384	22095.526409	-32232.087223	-12129.487053	-19055.577404	0.006000	0.872000	0.450000	192.000000	0.000000	0.000000	0.000000	0.000000	0.000000	0.000000	0.000000	0.000000	0.000000	1790355209.366539	0.000000
66.000000	11297.711587	44326.459685	-3764.413746	-32159.041722	22105.271769	-32250.996798	-12112.387969	-19057.589061	0.006000	0.872000	0.450000	192.000000	0.000000	0.000000	0.000000	0.000000	0.000000	0.000000	0.000000	0.000000	0.000000	1790355209.366555	0.000000
67.000000	11282.177124	44317.317822	-3769.554647	-32164.920230	22118.973389	-32246.057063	-12109.303428	-19070.351907	0.006000	0.872000	0.450000	192.000000	0.000000	0.000000	0.000000	0.000000	0.000000	0.000000	0.000000	0.000000	0.000000	1790355209.366570	0.000000
68.000000	11270.017775	44322.928110	-3768.258246	-32170.351704	22109.026862	-32247.331112	-12123.943820	-19078.711459	0.006000	0.872000	0.450000	192.000000	0.000000	0.000000	0.000000	0.000000	0.000000	0.000000	0.000000	0.000000	0.000000	1790355209.366581	0.000000
69.000000	11244.559138	44298.855281	-3771.476897	-32177.370152	22083.925853	-32248.448700	-12133.286850	-19080.477247	0.006000	0.872000	0.450000	192.000000	0.000000	0.000000	0.000000	0.000000	0.000000	0.000000	0.000000	0.000000	0.000000	1790355209.366630	0.000000
70.000000	11225.560156	44265.193554	-3772.169801	-32181.482873	22095.995795	-32262.932630	-12111.002160	-19079.896102	0.006000	0.872000	0.450000	192.000000	0.000000	0.000000	0.000000	0.000000	0.000000	0.000000	0.000000	0.000000	0.000000	1790355209.366663	0.000000
71.000000	11226.744798	44260.253818	-3780.305836	-32178.040704	22109.943284	-32256.450624	-12093.970131	-19081.460724	0.006000	0.872000	0.450000	192.000000	0.000000	0.000000	0.000000	0.000000	0.000000	0.000000	0.000000	0.000000	0.000000	1790355209.366712	0.000000
72.000000	11228.220013	44267.138155	-3784.642075	-32179.582975	22090.810191	-32261.077435	-12104.386044	-19087.808619	0.006000	0.872000	0.450000	192.000000	0.000000	0.000000	0.000000	0.000000	0.000000	0.000000	0.000000	0.000000	0.000000	1790355209.366752	0.000000
73.000000	11231.393961	44273.664865	-3765.508981	-32168.295344	22084.082315	-32251.644999	-12109.370483	-19075.425753	0.006000	0.872000	0.450000	192.000000	0.000000	0.000000	27.000000	32.000000	13.000000	240.000000	0.000000	0.000000	0.000000	1790355209.366786	0.000000
74.000000	11231.550423	44270.960304	-3754.914255	-32165.456672	22100.153220	-32246.504098	-12091.265570	-19062.573500	0.006000	0.872000	0.450000	192.000000	0.000000	0.000000	0.000000	0.000000	0.000000	0.000000	0.000000	0.000000	0.000000	1790355209.366825	0.000000
75.000000	11230.365781	44268.613370	-3766.783031	-32175.157329	22106.746984	-32261.770339	-12081.207285	-19076.766858	0.006000	0.872000	0.450000	192.000000	0.000000	0.000000	0.000000	0.000000	0.000000	0.000000	0.000000	0.000000	0.000000	1790355209.366851	0.000000
76.000000	11239.597051	44288.037036	-3766.894790	-32177.124283	22097.850990	-32267.224165	-12086.079965	-19081.863055	0.006000	0.872000	0.450000	192.000000	0.000000	0.000000	0.000000	0.000000	0.000000	0.000000	0.000000	0.000000	0.000000	1790355209.366867	0.000000
77.000000	11242.480426	44306.857205	-3762.335034	-32168.451806	22079.813132	-32263.759644	-12092.271399	-19081.952462	0.006000	0.872000	0.450000	192.000000	0.000000	0.000000	0.000000	0.000000	0.000000	0.000000	0.000000	0.000000	0.000000	1790355209.366902	0.000000
78.000000	11252.829284	44313.898005	-3754.221350	-32162.707408	22093.246531	-32244.671255	-12071.797201	-19073.615262	0.006000	0.872000	0.450000	192.000000	0.000000	0.000000	0.000000	0.000000	0.000000	0.000000	0.000000	0.000000	0.000000	1790355209.366934	0.000000
79.000000	11268.810781	44330.706517	-3751.337975	-32162.752111	22107.462240	-32237.786917	-12055.703945	-19064.942785	0.006000	0.872000	0.450000	192.000000	0.000000	0.000000	0.000000	0.000000	0.000000	0.000000	0.000000	0.000000	0.000000	1790355209.367126	0.000000
80.000000	11275.315139	44353.438241	-3761.686833	-32173.346838	22103.260112	-32252.583772	-12068.466791	-19081.170151	0.006000	0.872000	0.450000	192.000000	0.000000	0.000000	0.000000	0.000000	0.000000	0.000000	0.000000	0.000000	0.000000	1790355209.367142	0.000000
81.000000	11290.000235	44379.545078	-3756.344766	-32167.267164	22094.945263	-32255.377740	-12075.731108	-19087.942730	0.006000	0.872000	0.450000	192.000000	0.000000	0.000000	0.000000	0.000000	0.000000	0.000000	0.000000	0.000000	0.000000	1790355209.367162	0.000000
82.000000	11305.355883	44389.312791	-3753.640205	-32167.244812	22082.227121	-32256.227107	-12075.015852	-19088.769744	0.006000	0.872000	0.450000	192.000000	0.000000	0.000000	0.000000	0.000000	0.000000	0.000000	0.000000	0.000000	0.000000	1790355209.367176	0.000000
83.000000	11316.487052	44383.188413	-3752.187342	-32162.282725	22099.460316	-32261.658581	-12037.666087	-19074.822256	0.002000	0.874000	0.448000	192.000000	0.000000	16.000000	27.000000	80.000000	14.000000	0.000000	0.000000	0.000000	0.000000	1790355209.367191	0.000000
84.000000	11338.347058	44404.176701	-3737.010507	-32151.352722	22130.998627	-32257.344694	-11999.154031	-19069.301375	0.002000	0.874000	0.448000	192.000000	0.000000	0.000000	0.000000	0.000000	0.000000	0.000000	0.000000	0.000000	0.000000	1790355209.367210	0.000000
85.000000	11355.334384	44435.871474	-3732.651917	-32152.202088	22128.137604	-32257.523508	-11999.779880	-19081.259558	0.002000	0.874000	0.448000	192.000000	0.000000	0.000000	0.000000	0.000000	0.000000	0.000000	0.000000	0.000000	0.000000	1790355209.367222	0.000000
86.000000	11360.855265	44440.163009	-3722.459522	-32143.149631	22113.832487	-32237.630455	-12005.233706	-19067.848512	0.002000	0.874000	0.448000	192.000000	0.000000	0.000000	0.000000	0.000000	0.000000	0.000000	0.000000	0.000000	0.000000	1790355209.367241	0.000000
87.000000	11359.000070	44425.947300	-3725.409952	-32149.050492	22114.011301	-32233.942417	-11998.461127	-19059.377201	0.002000	0.874000	0.448000	192.000000	0.000000	0.000000	0.000000	0.000000	0.000000	0.000000	0.000000	0.000000	0.000000	1790355209.367257	0.000000
88.000000	11366.286739	44428.093067	-3730.260280	-32153.476137	22147.918898	-32226.298121	-11995.376586	-19061.724134	0.002000	0.874000	0.448000	192.000000	0.000000	0.000000	0.000000	0.000000	0.000000	0.000000	0.000000	0.000000	0.000000	1790355209.367273	0.000000
89.000000	11377.395556	44444.856876	-3725.655821	-32147.262352	22128.048197	-32218.072679	-12006.463052	-19067.021497	0.002000	0.874000	0.448000	192.000000	0.000000	0.000000	0.000000	0.000000	0.000000	0.000000	0.000000	0.000000	0.000000	1790355209.367288	0.000000
90.000000	11386.716233	44444.901579	-3713.943507	-32136.399405	22119.375720	-32218.340900	-12009.681703	-19063.422866	0.002000	0.874000	0.448000	192.000000	0.000000	0.000000	0.000000	0.000000	0.000000	0.000000	0.000000	0.000000	0.000000	1790355209.367300	0.000000
91.000000	11378.423736	44420.560529	-3724.918213	-32152.850288	22127.511755	-32244.380682	-11995.555400	-19078.018555	0.002000	0.874000	0.448000	192.000000	0.000000	0.000000	0.000000	0.000000	0.000000	0.000000	0.000000	0.000000	0.000000	1790355209.367312	0.000000
92.000000	11387.342082	44429.970614	-3727.309850	-32160.069902	22141.705113	-32262.642057	-11975.863513	-19076.923320	0.002000	0.874000	0.448000	192.000000	0.000000	0.000000	0.000000	0.000000	0.000000	0.000000	0.000000	0.000000	0.000000	1790355209.367326	0.000000
93.000000	11400.663722	44457.262094	-3721.610155	-32153.587896	22127.623514	-32256.160051	-11974.589464	-19074.576387	0.002000	0.874000	0.454000	192.000000	0.000000	16.000000	27.000000	80.000000	14.000000	48.000000	0.000000	0.000000	0.000000	1790355209.367340	0.000000
94.000000	11405.558754	44463.185306	-3713.719990	-32139.148669	22117.207601	-32229.784993	-11973.181304	-19067.401477	0.002000	0.874000	0.454000	192.000000	0.000000	0.000000	0.000000	0.000000	0.000000	0.000000	0.000000	0.000000	0.000000	1790355209.367356	0.000000
95.000000	11400.596666	44456.770355	-3717.586841	-32147.552925	22137.637095	-32236.311702	-11961.200769	-19075.068125	0.002000	0.874000	0.454000	192.000000	0.000000	0.000000	0.000000	0.000000	0.000000	0.000000	0.000000	0.000000	0.000000	1790355209.367496	0.000000
96.000000	11403.502393	44469.153222	-3723.755923	-32152.291495	22156.367857	-32239.776223	-11947.655612	-19073.883483	0.002000	0.874000	0.454000	192.000000	0.000000	0.000000	0.000000	0.000000	0.000000	0.000000	0.000000	0.000000	0.000000	1790355209.367531	0.000000
97.000000	11408.486832	44492.577850	-3723.331240	-32153.833765	22139.916973	-32233.160106	-11958.831484	-19075.269291	0.002000	0.874000	0.454000	192.000000	0.000000	0.000000	0.000000	0.000000	0.000000	0.000000	0.000000	0.000000	0.000000	1790355209.367548	0.000000
98.000000	11407.078672	44503.127873	-3721.006658	-32158.348818	22119.465127	-32243.486612	-11978.880999	-19085.841666	0.002000	0.874000	0.454000	192.000000	0.000000	0.000000	0.000000	0.000000	0.000000	0.000000	0.000000	0.000000	0.000000	1790355209.367563	0.000000
99.000000	11402.720082	44501.965583	-3726.080504	-32159.779329	22126.170650	-32252.092034	-11971.460220	-19089.149724	0.002000	0.874000	0.454000	192.000000	0.000000	0.000000	0.000000	0.000000	0.000000	0.000000	0.000000	0.000000	0.000000	1790355209.367576	0.000000
100.000000	11403.882373	44511.196853	-3728.203920	-32162.036855	22138.911145	-32248.135775	-11959.300871	-19092.949521	0.002000	0.874000	0.454000	192.000000	0.000000	0.000000	0.000000	0.000000	0.000000	0.000000	0.000000	0.000000	0.000000	1790355209.767109	0.000000
101.000000	11411.526669	44524.272624	-3722.615984	-32161.880393	22148.298877	-32254.662484	-11957.356269	-19081.796000	0.002000	0.874000	0.454000	192.000000	0.000000	0.000000	0.000000	0.000000	0.000000	0.000000	0.000000	0.000000	0.000000	1790355209.767198	0.000000
102.000000	11413.560678	44526.977185	-3723.420647	-32163.489719	22118.012264	-32265.100749	-11971.683737	-19093.173038	0.002000	0.874000	0.454000	192.000000	0.000000	0.000000	0.000000	0.000000	0.000000	0.000000	0.000000	0.000000	0.000000	1790355209.767213	0.000000
103.000000	11421.696713	44525.747839	-3712.289478	-32148.089367	22130.082206	-32235.887019	-11955.523426	-19083.002994	0.002000	0.874000	0.454000	192.000000	0.000000	0.000000	27.000000	80.000000	14.000000	64.000000	0.000000	0.000000	0.000000	1790355209.767225	0.000000
104.000000	11426.792911	44521.098676	-3713.384713	-32144.982474	22156.680781	-32226.432231	-11920.654705	-19067.624994	0.002000	0.874000	0.454000	192.000000	0.000000	0.000000	0.000000	0.000000	0.000000	0.000000	0.000000	0.000000	0.000000	1790355209.767238	0.000000
105.000000	11427.463463	44524.317327	-3724.649993	-32160.069902	22134.776072	-32250.572115	-11932.746998	-19088.188599	0.002000	0.874000	0.454000	192.000000	0.000000	0.000000	0.000000	0.000000	0.000000	0.000000	0.000000	0.000000	0.000000	1790355209.767250	0.000000
106.000000	11433.274917	44541.438763	-3718.123283	-32157.365341	22117.878153	-32248.515755	-11947.745019	-19088.747393	0.002000	0.874000	0.454000	192.000000	0.000000	0.000000	0.000000	0.000000	0.000000	0.000000	0.000000	0.000000	0.000000	1790355209.767277	0.000000
107.000000	11421.450844	44535.023813	-3722.213652	-32165.859004	22115.173592	-32253.343732	-11945.554548	-19099.945617	0.002000	0.874000	0.454000	192.000000	0.000000	0.000000	0.000000	0.000000	0.000000	0.000000	0.000000	0.000000	0.000000	1790355209.767288	0.000000
108.000000	11416.756978	44528.921786	-3722.884205	-32170.105835	22134.507851	-32262.150319	-11928.433112	-19108.953370	0.002000	0.874000	0.454000	192.000000	0.000000	0.000000	0.000000	0.000000	0.000000	0.000000	0.000000	0.000000	0.000000	1790355209.767300	0.000000
109.000000	11424.602440	44544.635063	-3710.702504	-32154.616076	22159.161825	-32245.364159	-11896.000731	-19076.498637	0.002000	0.874000	0.454000	192.000000	0.000000	0.000000	0.000000	0.000000	0.000000	0.000000	0.000000	0.000000	0.000000	1790355209.767311	0.000000
110.000000	11420.176795	44556.705005	-3711.864795	-32164.540251	22154.356200	-32265.637191	-11906.349588	-19092.301320	0.002000	0.874000	0.454000	192.000000	0.000000	0.000000	0.000000	0.000000	0.000000	0.000000	0.000000	0.000000	0.000000	1790355209.767708	0.000000
111.000000	11419.483890	44555.095679	-3707.416798	-32160.539289	22138.553517	-32234.367101	-11904.852021	-19081.997166	0.002000	0.874000	0.454000	192.000000	0.000000	0.000000	0.000000	0.000000	0.000000	0.000000	0.000000	0.000000	0.000000	1790355209.767731	0.000000
112.000000	11420.959106	44545.775002	-3701.359475	-32160.114605	22150.601107	-32241.497307	-11878.722832	-19077.683279	0.002000	0.874000	0.454000	192.000000	0.000000	0.000000	0.000000	0.000000	0.000000	0.000000	0.000000	0.000000	0.000000	1790355209.767744	0.000000
113.000000	11420.892050	44540.231769	-3714.167024	-32171.737513	22155.585546	-32252.516717	-11881.159172	-19095.184695	0.006000	0.868000	0.454000	192.000000	0.000000	48.000000	27.000000	32.000000	14.000000	48.000000	0.000000	0.000000	0.000000	1790355209.767757	0.000000
114.000000	11425.541213	44547.227865	-3711.596574	-32161.567469	22140.542822	-32235.395281	-11901.946295	-19093.798887	0.006000	0.868000	0.454000	192.000000	0.000000	0.000000	0.000000	0.000000	0.000000	0.000000	0.000000	0.000000	0.000000	1790355209.767776	0.000000
115.000000	11428.961030	44544.635063	-3698.073768	-32148.312884	22133.613781	-32237.228124	-11895.061957	-19088.210951	0.006000	0.868000	0.454000	192.000000	0.000000	0.000000	0.000000	0.000000	0.000000	0.000000	0.000000	0.000000	0.000000	1790355209.767788	0.000000
116.000000	11426.167062	44532.609824	-3701.381827	-32149.989265	22142.062741	-32236.222295	-11871.592626	-19086.199294	0.006000	0.868000	0.454000	192.000000	0.000000	0.000000	0.000000	0.000000	0.000000	0.000000	0.000000	0.000000	0.000000	1790355209.767802	0.000000
117.000000	11435.577146	44535.537903	-3702.588821	-32155.487794	22156.814892	-32239.530353	-11860.975547	-19093.575370	0.006000	0.868000	0.454000	192.000000	0.000000	0.000000	0.000000	0.000000	0.000000	0.000000	0.000000	0.000000	0.000000	1790355209.767813	0.000000
118.000000	11443.579071	44553.084022	-3696.486795	-32153.342027	22158.603031	-32250.125080	-11872.106716	-19102.560771	0.006000	0.868000	0.454000	192.000000	0.000000	0.000000	0.000000	0.000000	0.000000	0.000000	0.000000	0.000000	0.000000	1790355209.767825	0.000000
119.000000	11436.672382	44562.650569	-3698.520803	-32150.235134	22141.571002	-32239.016263	-11878.186390	-19096.212875	0.006000	0.868000	0.454000	192.000000	0.000000	0.000000	0.000000	0.000000	0.000000	0.000000	0.000000	0.000000	0.000000	1790355209.767841	0.000000
120.000000	11428.111664	44566.383310	-3703.929925	-32150.905687	22152.433950	-32239.306836	-11862.517817	-19091.921340	0.006000	0.868000	0.454000	192.000000	0.000000	0.000000	0.000000	0.000000	0.000000	0.000000	0.000000	0.000000	0.000000	1790355209.767855	0.000000
121.000000	11422.546079	44575.659284	-3707.059170	-32158.549983	22172.461113	-32241.184383	-11849.196178	-19096.414041	0.006000	0.868000	0.454000	192.000000	0.000000	0.000000	0.000000	0.000000	0.000000	0.000000	0.000000	0.000000	0.000000	1790355209.767867	0.000000
122.000000	11430.816225	44592.758369	-3701.538289	-32150.659818	22174.651584	-32228.130964	-11849.486750	-19088.769744	0.002000	0.872000	0.452000	192.000000	0.000000	16.000000	27.000000	64.000000	14.000000	32.000000	0.000000	0.000000	0.000000	1790355209.767887	0.000000
123.000000	11434.325449	44597.496938	-3691.904687	-32145.854192	22154.713828	-32229.829696	-11860.304995	-19091.228436	0.002000	0.872000	0.452000	192.000000	0.000000	0.000000	0.000000	0.000000	0.000000	0.000000	0.000000	0.000000	0.000000	1790355209.767943	0.000000
124.000000	11433.118455	44584.622334	-3685.646198	-32143.283742	22160.212357	-32229.628531	-11850.023192	-19089.172076	0.002000	0.872000	0.452000	192.000000	0.000000	0.000000	0.000000	0.000000	0.000000	0.000000	0.000000	0.000000	0.000000	1790355209.767982	0.000000
125.000000	11427.508167	44576.709816	-3695.860946	-32161.567469	22168.683668	-32246.817022	-11844.994050	-19103.387785	0.002000	0.872000	0.452000	192.000000	0.000000	0.000000	0.000000	0.000000	0.000000	0.000000	0.000000	0.000000	0.000000	1790355209.768014	0.000000
126.000000	11419.930925	44584.376464	-3702.499414	-32170.441111	22160.279412	-32251.555592	-11842.535358	-19107.589913	0.002000	0.872000	0.452000	192.000000	0.000000	0.000000	0.000000	0.000000	0.000000	0.000000	0.000000	0.000000	0.000000	1790355209.768893	0.000000
127.000000	11418.858042	44598.167491	-3697.559678	-32164.517899	22141.168671	-32251.041502	-11851.632518	-19102.784288	0.002000	0.872000	0.452000	192.000000	0.000000	0.000000	0.000000	0.000000	0.000000	0.000000	0.000000	0.000000	0.000000	1790355209.768924	0.000000
128.000000	11419.439187	44593.831252	-3689.088367	-32160.069902	22156.300802	-32260.362179	-11843.496483	-19116.843536	0.002000	0.872000	0.452000	192.000000	0.000000	0.000000	0.000000	0.000000	0.000000	0.000000	0.000000	0.000000	0.000000	1790355209.768951	0.000000
129.000000	11413.784196	44570.786604	-3696.285629	-32171.022257	22165.196796	-32271.582755	-11821.524718	-19107.969893	0.002000	0.872000	0.452000	192.000000	0.000000	0.000000	0.000000	0.000000	0.000000	0.000000	0.000000	0.000000	0.000000	1790355209.768988	0.000000
130.000000	11430.056266	44583.191822	-3684.506260	-32158.617039	22186.386250	-32237.608103	-11806.392587	-19090.937864	0.002000	0.872000	0.452000	192.000000	0.000000	0.000000	0.000000	0.000000	0.000000	0.000000	0.000000	0.000000	0.000000	1790355209.769013	0.000000
131.000000	11438.907556	44597.631049	-3670.670530	-32141.853230	22185.291014	-32213.892903	-11805.878497	-19085.394631	0.002000	0.872000	0.452000	192.000000	0.000000	0.000000	0.000000	0.000000	0.000000	0.000000	0.000000	0.000000	0.000000	1790355209.769031	0.000000
132.000000	11417.472233	44579.459081	-3682.695768	-32154.303152	22170.494160	-32222.140696	-11809.633590	-19090.312015	0.002000	0.870000	0.450000	192.000000	0.000000	16.000000	27.000000	48.000000	14.000000	16.000000	0.000000	0.000000	0.000000	1790355209.769085	0.000000
133.000000	11417.852213	44575.256953	-3685.042701	-32156.963009	22171.365878	-32233.875362	-11790.835773	-19090.669643	0.002000	0.870000	0.450000	192.000000	0.000000	0.000000	0.000000	0.000000	0.000000	0.000000	0.000000	0.000000	0.000000	1790355209.769101	0.000000
134.000000	11432.537309	44594.032418	-3675.118527	-32150.168079	22180.440686	-32231.863705	-11771.233293	-19089.976739	0.002000	0.870000	0.450000	192.000000	0.000000	0.000000	0.000000	0.000000	0.000000	0.000000	0.000000	0.000000	0.000000	1790355209.769118	0.000000
135.000000	11429.586879	44596.133482	-3678.448937	-32153.453786	22164.682706	-32252.986104	-11766.092392	-19089.775573	0.002000	0.870000	0.450000	192.000000	0.000000	0.000000	0.000000	0.000000	0.000000	0.000000	0.000000	0.000000	0.000000	1790355209.769132	0.000000
136.000000	11427.843443	44579.839060	-3677.152536	-32151.352722	22154.199738	-32234.925894	-11772.976729	-19084.411154	0.002000	0.870000	0.450000	192.000000	0.000000	0.000000	0.000000	0.000000	0.000000	0.000000	0.000000	0.000000	0.000000	1790355209.769147	0.000000
137.000000	11433.096103	44571.680674	-3674.023291	-32155.130166	22156.569023	-32234.478859	-11761.420877	-19087.763916	0.002000	0.870000	0.450000	192.000000	0.000000	0.000000	0.000000	0.000000	0.000000	0.000000	0.000000	0.000000	0.000000	1790355209.769166	0.000000
138.000000	11432.872585	44584.331761	-3674.023291	-32158.237059	22185.536884	-32233.473031	-11760.504456	-19096.302282	0.002000	0.870000	0.450000	192.000000	0.000000	0.000000	0.000000	0.000000	0.000000	0.000000	0.000000	0.000000	0.000000	1790355209.769183	0.000000
139.000000	11428.737513	44597.698104	-3675.900838	-32155.487794	22178.361974	-32227.147487	-11770.987424	-19096.011710	0.002000	0.870000	0.450000	192.000000	0.000000	0.000000	0.000000	0.000000	0.000000	0.000000	0.000000	0.000000	0.000000	1790355209.769197	0.000000
140.000000	11424.423626	44593.160700	-3676.079652	-32155.107815	22166.694363	-32231.953112	-11770.339223	-19099.431527	0.002000	0.870000	0.450000	192.000000	0.000000	0.000000	0.000000	0.000000	0.000000	0.000000	0.000000	0.000000	0.000000	1790355209.769216	0.000000
141.000000	11414.991190	44576.553354	-3679.365358	-32163.690885	22168.527206	-32242.883115	-11761.398525	-19105.622960	0.002000	0.870000	0.450000	192.000000	0.000000	0.000000	0.000000	0.000000	0.000000	0.000000	0.000000	0.000000	0.000000	1790355209.769574	0.000000
142.000000	11413.694789	44587.438653	-3680.035911	-32165.970762	22178.585491	-32247.062891	-11751.451999	-19108.819259	0.002000	0.866000	0.452000	192.000000	0.000000	16.000000	27.000000	16.000000	14.000000	32.000000	0.000000	0.000000	0.000000	1790355209.769594	0.000000
143.000000	11420.892050	44616.562976	-3675.453803	-32161.165137	22166.515549	-32241.139679	-11757.889302	-19105.868829	0.002000	0.866000	0.452000	192.000000	0.000000	0.000000	0.000000	0.000000	0.000000	0.000000	0.000000	0.000000	0.000000	1790355209.769612	0.000000
144.000000	11418.478062	44624.073163	-3664.657910	-32152.112681	22158.804197	-32233.696548	-11761.130304	-19096.458745	0.002000	0.866000	0.452000	192.000000	0.000000	0.000000	0.000000	0.000000	0.000000	0.000000	0.000000	0.000000	0.000000	1790355209.769627	0.000000
145.000000	11416.108777	44613.590194	-3661.238094	-32147.105890	22168.661316	-32228.175667	-11742.801874	-19095.251750	0.002000	0.866000	0.452000	192.000000	0.000000	0.000000	0.000000	0.000000	0.000000	0.000000	0.000000	0.000000	0.000000	1790355209.769640	0.000000
146.000000	11420.243850	44619.178131	-3660.656948	-32152.425605	22182.340584	-32230.209676	-11727.468577	-19095.832896	0.002000	0.866000	0.452000	192.000000	0.000000	0.000000	0.000000	0.000000	0.000000	0.000000	0.000000	0.000000	0.000000	1790355209.769657	0.000000
147.000000	11421.696713	44632.924453	-3662.109812	-32156.672437	22171.947023	-32244.917124	-11733.011810	-19102.046681	0.002000	0.866000	0.452000	192.000000	0.000000	0.000000	0.000000	0.000000	0.000000	0.000000	0.000000	0.000000	0.000000	1790355209.769675	0.000000
148.000000	11418.858042	44630.845741	-3657.728870	-32155.711312	22145.750778	-32254.595429	-11746.266394	-19105.242980	0.002000	0.866000	0.452000	192.000000	0.000000	0.000000	0.000000	0.000000	0.000000	0.000000	0.000000	0.000000	0.000000	1790355209.769690	0.000000
149.000000	11413.650085	44617.747619	-3659.002919	-32154.169041	22145.124930	-32249.208659	-11735.157577	-19108.148707	0.002000	0.866000	0.452000	192.000000	0.000000	0.000000	0.000000	0.000000	0.000000	0.000000	0.000000	0.000000	0.000000	1790355209.769704	0.000000
150.000000	11415.661742	44613.478436	-3654.756088	-32157.365341	22181.401811	-32239.239781	-11715.085711	-19099.453878	0.002000	0.866000	0.452000	192.000000	0.000000	0.000000	0.000000	0.000000	0.000000	0.000000	0.000000	0.000000	0.000000	1790355209.769736	0.000000
151.000000	11414.722969	44610.438598	-3649.905759	-32156.560678	22208.939160	-32224.934664	-11696.019673	-19090.200256	0.002000	0.866000	0.452000	192.000000	0.000000	0.000000	0.000000	0.000000	0.000000	0.000000	0.000000	0.000000	0.000000	1790355209.769752	0.000000
152.000000	11411.236097	44601.028514	-3644.407230	-32151.576239	22183.301709	-32223.772374	-11705.429757	-19086.445163	0.006000	0.874000	0.454000	192.000000	0.000000	48.000000	27.000000	80.000000	14.000000	48.000000	0.000000	0.000000	0.000000	1790355209.769766	0.000000
153.000000	11411.884297	44591.081988	-3634.371297	-32144.401329	22192.354166	-32225.605217	-11690.789365	-19080.790172	0.006000	0.874000	0.454000	192.000000	0.000000	0.000000	0.000000	0.000000	0.000000	0.000000	0.000000	0.000000	0.000000	1790355209.769782	0.000000
154.000000	11412.465443	44589.249145	-3635.600643	-32146.703559	22211.241390	-32231.684891	-11664.950748	-19090.893160	0.006000	0.874000	0.454000	192.000000	0.000000	0.000000	0.000000	0.000000	0.000000	0.000000	0.000000	0.000000	0.000000	1790355209.769821	0.000000
155.000000	11417.293420	44603.330744	-3636.047678	-32146.860021	22208.425070	-32231.081394	-11668.504675	-19089.932035	0.006000	0.874000	0.454000	192.000000	0.000000	0.000000	0.000000	0.000000	0.000000	0.000000	0.000000	0.000000	0.000000	1790355209.769835	0.000000
156.000000	11423.820129	44616.428866	-3626.615241	-32137.427585	22188.017927	-32217.893865	-11683.301530	-19089.932035	0.006000	0.874000	0.454000	192.000000	0.000000	0.000000	0.000000	0.000000	0.000000	0.000000	0.000000	0.000000	0.000000	1790355209.769850	0.000000
157.000000	11417.583992	44603.420151	-3626.659945	-32140.579181	22185.425125	-32231.371967	-11674.874923	-19087.696861	0.006000	0.874000	0.454000	192.000000	0.000000	0.000000	0.000000	0.000000	0.000000	0.000000	0.000000	0.000000	0.000000	1790355209.770061	0.000000
158.000000	11418.411007	44592.288982	-3624.692991	-32146.211820	22215.354111	-32245.833545	-11641.749637	-19079.873750	0.006000	0.874000	0.454000	192.000000	0.000000	0.000000	0.000000	0.000000	0.000000	0.000000	0.000000	0.000000	0.000000	1790355209.770078	0.000000
159.000000	11414.790024	44588.824462	-3631.107942	-32146.412986	22206.480468	-32234.478859	-11643.671887	-19084.254692	0.006000	0.874000	0.454000	192.000000	0.000000	0.000000	0.000000	0.000000	0.000000	0.000000	0.000000	0.000000	0.000000	1790355209.770089	0.000000
160.000000	11412.152518	44594.680619	-3636.114733	-32150.458652	22187.257968	-32234.411804	-11665.129562	-19094.111811	0.006000	0.874000	0.454000	192.000000	0.000000	0.000000	0.000000	0.000000	0.000000	0.000000	0.000000	0.000000	0.000000	1790355209.770100	0.000000
161.000000	11406.765748	44595.105302	-3633.521930	-32152.962047	22171.343526	-32238.770394	-11665.867170	-19097.397518	0.006000	0.874000	0.454000	192.000000	0.000000	0.000000	0.000000	0.000000	0.000000	0.000000	0.000000	0.000000	0.000000	1790355209.770162	0.000000
162.000000	11406.966914	44592.825424	-3623.418942	-32144.356626	22190.789543	-32240.402072	-11639.648573	-19088.747393	0.002000	0.870000	0.456000	192.000000	0.000000	16.000000	27.000000	48.000000	14.000000	64.000000	0.000000	0.000000	0.000000	1790355209.770174	0.000000
163.000000	11417.807510	44611.444427	-3627.285794	-32145.742434	22190.834247	-32224.286464	-11633.814768	-19100.705576	0.002000	0.870000	0.456000	192.000000	0.000000	0.000000	0.000000	0.000000	0.000000	0.000000	0.000000	0.000000	0.000000	1790355209.770204	0.000000
164.000000	11423.529556	44631.717459	-3639.959233	-32157.700617	22175.411543	-32243.039577	-11658.804018	-19110.830916	0.002000	0.870000	0.456000	192.000000	0.000000	0.000000	0.000000	0.000000	0.000000	0.000000	0.000000	0.000000	0.000000	1790355209.770216	0.000000
165.000000	11415.348818	44623.492017	-3626.771704	-32148.938733	22174.115142	-32235.037653	-11660.100420	-19101.063204	0.002000	0.870000	0.456000	192.000000	0.000000	0.000000	0.000000	0.000000	0.000000	0.000000	0.000000	0.000000	0.000000	1790355209.770228	0.000000
166.000000	11401.043701	44612.025572	-3616.311087	-32141.897934	22192.622387	-32229.449717	-11631.534890	-19087.808619	0.002000	0.870000	0.456000	192.000000	0.000000	0.000000	0.000000	0.000000	0.000000	0.000000	0.000000	0.000000	0.000000	1790355209.770239	0.000000
167.000000	11409.269143	44625.973061	-3627.397552	-32158.862908	22193.963491	-32250.259191	-11623.756483	-19101.890218	0.002000	0.870000	0.456000	192.000000	0.000000	0.000000	0.000000	0.000000	0.000000	0.000000	0.000000	0.000000	0.000000	1790355209.770267	0.000000
168.000000	11421.830824	44646.134334	-3626.481131	-32154.861945	22173.779866	-32256.920011	-11643.224852	-19107.656969	0.002000	0.870000	0.456000	192.000000	0.000000	0.000000	0.000000	0.000000	0.000000	0.000000	0.000000	0.000000	0.000000	1790355209.770295	0.000000
169.000000	11420.489719	44638.333576	-3616.869881	-32149.855155	22164.369782	-32262.776168	-11653.908986	-19113.423719	0.002000	0.870000	0.456000	192.000000	0.000000	0.000000	0.000000	0.000000	0.000000	0.000000	0.000000	0.000000	0.000000	1790355209.770305	0.000000
170.000000	11427.575222	44625.838950	-3607.929183	-32139.394538	22191.773020	-32243.173688	-11622.817710	-19089.574407	0.002000	0.870000	0.456000	192.000000	0.000000	0.000000	0.000000	0.000000	0.000000	0.000000	0.000000	0.000000	0.000000	1790355209.770324	0.000000
171.000000	11424.378923	44619.938090	-3608.018590	-32145.943599	22208.514477	-32243.933647	-11598.677826	-19088.300358	0.002000	0.870000	0.456000	192.000000	0.000000	0.000000	0.000000	0.000000	0.000000	0.000000	0.000000	0.000000	0.000000	1790355209.770334	0.000000
172.000000	11421.696713	44626.084820	-3608.353866	-32146.010655	22188.152038	-32239.463298	-11613.564088	-19104.460669	-0.006000	0.876000	0.452000	192.000000	255.000000	208.000000	27.000000	96.000000	14.000000	32.000000	0.000000	0.000000	0.000000	1790355209.770452	0.000000
173.000000	11422.590783	44626.665965	-3601.849509	-32141.987341	22191.415392	-32239.798574	-11623.108282	-19110.383881	-0.006000	0.876000	0.452000	192.000000	0.000000	0.000000	0.000000	0.000000	0.000000	0.000000	0.000000	0.000000	0.000000	1790355209.770482	0.000000
174.000000	11415.058245	44616.272404	-3599.837852	-32141.830878	22200.959587	-32235.216467	-11597.359073	-19079.426715	-0.006000	0.876000	0.452000	192.000000	0.000000	0.000000	0.000000	0.000000	0.000000	0.000000	0.000000	0.000000	0.000000	1790355209.770493	0.000000
175.000000	11409.023274	44606.705857	-3605.716360	-32147.642332	22203.977073	-32246.325284	-11585.289131	-19086.936901	-0.006000	0.876000	0.452000	192.000000	0.000000	0.000000	0.000000	0.000000	0.000000	0.000000	0.000000	0.000000	0.000000	1790355209.770504	0.000000
176.000000	11411.459614	44613.344325	-3603.749407	-32149.341065	22194.835209	-32247.889906	-11596.375596	-19092.435431	-0.006000	0.876000	0.452000	192.000000	0.000000	0.000000	0.000000	0.000000	0.000000	0.000000	0.000000	0.000000	0.000000	1790355209.770515	0.000000
177.000000	11420.221498	44625.414267	-3585.242162	-32135.281817	22192.220055	-32247.152298	-11587.121974	-19071.447143	-0.006000	0.876000	0.452000	192.000000	0.000000	0.000000	0.000000	0.000000	0.000000	0.000000	0.000000	0.000000	0.000000	1790355209.770526	0.000000
178.000000	11414.857079	44619.379296	-3585.242162	-32128.933922	22200.289035	-32243.687778	-11574.336776	-19075.537512	-0.006000	0.876000	0.452000	192.000000	0.000000	0.000000	0.000000	0.000000	0.000000	0.000000	0.000000	0.000000	0.000000	1790355209.770537	0.000000
179.000000	11412.688960	44618.485226	-3593.780529	-32137.829916	22212.426032	-32245.185345	-11570.469924	-19095.318806	-0.006000	0.876000	0.452000	192.000000	0.000000	0.000000	0.000000	0.000000	0.000000	0.000000	0.000000	0.000000	0.000000	1790355209.770548	0.000000
180.000000	11415.974667	44634.734945	-3596.820366	-32141.137974	22209.699119	-32259.535165	-11573.979148	-19108.036948	-0.006000	0.876000	0.452000	192.000000	0.000000	0.000000	0.000000	0.000000	0.000000	0.000000	0.000000	0.000000	0.000000	1790355209.770558	0.000000
181.000000	11409.313847	44649.017709	-3596.820366	-32137.382881	22195.572817	-32242.145508	-11581.869314	-19096.749317	-0.006000	0.876000	0.452000	192.000000	0.000000	0.000000	0.000000	0.000000	0.000000	0.000000	0.000000	0.000000	0.000000	1790355209.770585	0.000000
182.000000	11404.687036	44650.962311	-3595.702779	-32141.048567	22203.910017	-32238.278656	-11585.780869	-19105.868829	-0.004000	0.872000	0.456000	192.000000	255.000000	224.000000	27.000000	64.000000	14.000000	64.000000	0.000000	0.000000	0.000000	1790355209.770614	0.000000
183.000000	11409.067978	44651.498753	-3594.965171	-32141.629713	22220.897343	-32238.971560	-11566.111334	-19099.431527	-0.004000	0.872000	0.456000	192.000000	0.000000	0.000000	0.000000	0.000000	0.000000	0.000000	0.000000	0.000000	0.000000	1790355209.770625	0.000000
184.000000	11413.650085	44657.064337	-3598.094415	-32148.223477	22218.773928	-32252.024979	-11564.725526	-19109.378053	-0.004000	0.872000	0.456000	192.000000	0.000000	0.000000	0.000000	0.000000	0.000000	0.000000	0.000000	0.000000	0.000000	1790355209.770636	0.000000
185.000000	11411.437262	44661.422928	-3595.591020	-32148.961085	22196.288073	-32260.317476	-11576.706061	-19113.446070	-0.004000	0.872000	0.456000	192.000000	0.000000	0.000000	0.000000	0.000000	0.000000	0.000000	0.000000	0.000000	0.000000	1790355209.770648	0.000000
186.000000	11416.578164	44665.401538	-3586.717378	-32139.796870	22191.393041	-32250.952095	-11570.179352	-19096.481096	-0.004000	0.872000	0.456000	192.000000	0.000000	0.000000	0.000000	0.000000	0.000000	0.000000	0.000000	0.000000	0.000000	1790355209.770658	0.000000
187.000000	11411.280800	44656.103212	-3588.214944	-32138.165192	22219.042148	-32245.744138	-11543.379610	-19088.926207	-0.004000	0.872000	0.456000	192.000000	0.000000	0.000000	0.000000	0.000000	0.000000	0.000000	0.000000	0.000000	0.000000	1790355209.770716	0.000000
188.000000	11401.893068	44648.280102	-3600.597811	-32144.870716	22220.495012	-32248.761624	-11534.058933	-19097.419870	-0.004000	0.872000	0.456000	192.000000	0.000000	0.000000	0.000000	0.000000	0.000000	0.000000	0.000000	0.000000	0.000000	1790355209.770728	0.000000
189.000000	11406.072844	44658.248980	-3594.138157	-32141.696768	22198.858523	-32247.778147	-11557.014174	-19110.294474	-0.004000	0.872000	0.456000	192.000000	0.000000	0.000000	0.000000	0.000000	0.000000	0.000000	0.000000	0.000000	0.000000	1790355209.770756	0.000000
190.000000	11405.961085	44662.764032	-3589.488994	-32140.847402	22187.190913	-32247.845202	-11560.679860	-19101.890218	-0.004000	0.872000	0.456000	192.000000	0.000000	0.000000	0.000000	0.000000	0.000000	0.000000	0.000000	0.000000	0.000000	1790355209.770776	0.000000
191.000000	11402.720082	44653.443355	-3590.494822	-32139.349835	22191.571855	-32237.049310	-11541.613822	-19095.341157	-0.004000	0.872000	0.456000	192.000000	0.000000	0.000000	0.000000	0.000000	0.000000	0.000000	0.000000	0.000000	0.000000	1790355209.770787	0.000000
192.000000	11400.127280	44657.466669	-3594.875764	-32149.206954	22204.804087	-32249.365121	-11538.886909	-19114.004864	-0.004000	0.872000	0.456000	192.000000	0.000000	0.000000	27.000000	64.000000	14.000000	64.000000	0.000000	0.000000	0.000000	1790355209.770798	0.000000
193.000000	11407.190431	44677.694998	-3590.919505	-32143.954294	22197.226846	-32244.090109	-11546.844130	-19115.636541	-0.004000	0.872000	0.456000	192.000000	0.000000	0.000000	0.000000	0.000000	0.000000	0.000000	0.000000	0.000000	0.000000	1790355209.770809	0.000000
194.000000	11393.913495	44668.083747	-3596.663904	-32148.625809	22191.862427	-32244.112461	-11552.096790	-19118.274047	-0.004000	0.872000	0.456000	192.000000	0.000000	0.000000	0.000000	0.000000	0.000000	0.000000	0.000000	0.000000	0.000000	1790355209.770820	0.000000
195.000000	11391.119527	44656.527896	-3596.663904	-32147.172945	22204.111183	-32245.386511	-11539.065723	-19120.397463	-0.004000	0.872000	0.456000	192.000000	0.000000	0.000000	0.000000	0.000000	0.000000	0.000000	0.000000	0.000000	0.000000	1790355209.770847	0.000000
196.000000	11389.197277	44648.257750	-3606.141043	-32160.047550	22214.236523	-32270.107540	-11518.099787	-19126.723007	-0.004000	0.872000	0.456000	192.000000	0.000000	0.000000	0.000000	0.000000	0.000000	0.000000	0.000000	0.000000	0.000000	1790355209.770857	0.000000
197.000000	11400.976646	44659.724195	-3596.216869	-32149.050492	22211.934294	-32247.509926	-11513.405921	-19112.172021	-0.004000	0.872000	0.456000	192.000000	0.000000	0.000000	0.000000	0.000000	0.000000	0.000000	0.000000	0.000000	0.000000	1790355209.770867	0.000000
198.000000	11404.821146	44671.704730	-3589.399587	-32145.921248	22198.456192	-32242.994874	-11524.604145	-19113.758995	-0.004000	0.872000	0.456000	192.000000	0.000000	0.000000	0.000000	0.000000	0.000000	0.000000	0.000000	0.000000	0.000000	1790355209.770877	0.000000
199.000000	11386.313902	44649.352986	-3597.133290	-32161.299248	22205.809916	-32264.184328	-11521.988991	-19115.815355	-0.004000	0.872000	0.456000	192.000000	0.000000	0.000000	0.000000	0.000000	0.000000	0.000000	0.000000	0.000000	0.000000	1790355209.770887	0.000000
200.000000	11387.722062	44642.356890	-3594.473433	-32158.192355	22231.380311	-32244.000702	-11493.646979	-19111.590876	-0.004000	0.872000	0.456000	192.000000	0.000000	0.000000	0.000000	0.000000	0.000000	0.000000	0.000000	0.000000	0.000000	1790355209.770897	0.000000
201.000000	11393.757033	44654.560942	-3590.338360	-32151.620943	22232.922582	-32232.802478	-11495.546877	-19111.993207	-0.004000	0.872000	0.456000	192.000000	0.000000	0.000000	0.000000	0.000000	0.000000	0.000000	0.000000	0.000000	0.000000	1790355210.238359	0.000000
202.000000	11393.220591	44656.974930	-3584.526907	-32145.988303	22219.064500	-32232.154278	-11500.128984	-19107.344044	0.002000	0.870000	0.452000	192.000000	0.000000	16.000000	27.000000	48.000000	14.000000	32.000000	0.000000	0.000000	0.000000	1790355210.238547	0.000000
203.000000	11385.263370	44641.529875	-3585.868011	-32153.476137	22216.918733	-32241.363197	-11500.531316	-19113.177849	0.002000	0.870000	0.452000	192.000000	0.000000	0.000000	0.000000	0.000000	0.000000	0.000000	0.000000	0.000000	0.000000	1790355210.239289	0.000000
204.000000	11385.710405	44647.520142	-3583.185802	-32154.839594	22235.068349	-32245.878249	-11478.894827	-19112.775518	0.002000	0.870000	0.452000	192.000000	0.000000	0.000000	0.000000	0.000000	0.000000	0.000000	0.000000	0.000000	0.000000	1790355210.239329	0.000000
205.000000	11381.508277	44659.813602	-3588.818441	-32163.869699	22223.490146	-32261.658581	-11487.991987	-19115.815355	0.002000	0.870000	0.452000	192.000000	0.000000	0.000000	0.000000	0.000000	0.000000	0.000000	0.000000	0.000000	0.000000	1790355210.239344	0.000000
206.000000	11383.251713	44672.397634	-3584.683369	-32158.661742	22204.111183	-32256.227107	-11501.559496	-19114.161326	0.002000	0.870000	0.452000	192.000000	0.000000	0.000000	0.000000	0.000000	0.000000	0.000000	0.000000	0.000000	0.000000	1790355210.239360	0.000000
207.000000	11372.254654	44668.374320	-3588.393758	-32161.478062	22216.583457	-32247.822851	-11500.821889	-19120.330408	0.002000	0.870000	0.452000	192.000000	0.000000	0.000000	0.000000	0.000000	0.000000	0.000000	0.000000	0.000000	0.000000	1790355210.239380	0.000000
208.000000	11368.477210	44659.143050	-3590.763043	-32160.226364	22243.606716	-32236.266999	-11481.755851	-19114.630713	0.002000	0.870000	0.452000	192.000000	0.000000	0.000000	0.000000	0.000000	0.000000	0.000000	0.000000	0.000000	0.000000	1790355210.239415	0.000000
209.000000	11382.692919	44666.362663	-3583.319912	-32157.365341	22255.006105	-32236.848144	-11464.567359	-19109.646274	0.002000	0.870000	0.452000	192.000000	0.000000	0.000000	0.000000	0.000000	0.000000	0.000000	0.000000	0.000000	0.000000	1790355210.239430	0.000000
210.000000	11383.609341	44674.074015	-3577.486107	-32155.308980	22239.739864	-32239.865630	-11472.166952	-19108.193410	0.002000	0.870000	0.452000	192.000000	0.000000	0.000000	0.000000	0.000000	0.000000	0.000000	0.000000	0.000000	0.000000	1790355210.239444	0.000000
211.000000	11382.916437	44666.876753	-3568.143078	-32150.570411	22226.932314	-32238.725691	-11471.786972	-19096.414041	0.002000	0.870000	0.452000	192.000000	0.000000	0.000000	0.000000	0.000000	0.000000	0.000000	0.000000	0.000000	0.000000	1790355210.239460	0.000000
212.000000	11384.436355	44649.822372	-3576.659093	-32157.790024	22239.873974	-32240.402072	-11449.278766	-19102.180791	-0.004000	0.870000	0.454000	192.000000	255.000000	224.000000	27.000000	48.000000	14.000000	48.000000	0.000000	0.000000	0.000000	1790355210.239477	0.000000
213.000000	11377.864942	44648.816544	-3585.711549	-32164.316733	22243.204384	-32234.769432	-11443.176740	-19104.237152	-0.004000	0.870000	0.454000	192.000000	0.000000	0.000000	0.000000	0.000000	0.000000	0.000000	0.000000	0.000000	0.000000	1790355210.239496	0.000000
214.000000	11379.340157	44663.322826	-3577.039072	-32160.226364	22232.117919	-32237.406938	-11450.910443	-19102.449012	-0.004000	0.870000	0.454000	192.000000	0.000000	0.000000	0.000000	0.000000	0.000000	0.000000	0.000000	0.000000	0.000000	1790355210.239518	0.000000
215.000000	11373.975739	44664.239247	-3581.151793	-32160.338123	22223.311332	-32249.678045	-11460.052307	-19104.706538	-0.004000	0.870000	0.454000	192.000000	0.000000	0.000000	0.000000	0.000000	0.000000	0.000000	0.000000	0.000000	0.000000	1790355210.239537	0.000000
216.000000	11370.086535	44653.845686	-3582.917581	-32161.679228	22226.440576	-32236.535220	-11447.669440	-19099.386823	-0.004000	0.870000	0.454000	192.000000	0.000000	0.000000	0.000000	0.000000	0.000000	0.000000	0.000000	0.000000	0.000000	1790355210.239555	0.000000
217.000000	11381.195352	44654.605645	-3580.794165	-32163.400312	22236.498861	-32238.882153	-11432.000867	-19101.957274	-0.004000	0.870000	0.454000	192.000000	0.000000	0.000000	0.000000	0.000000	0.000000	0.000000	0.000000	0.000000	0.000000	1790355210.239590	0.000000
218.000000	11380.077765	44676.353893	-3571.629950	-32162.528594	22241.349189	-32251.577944	-11440.449827	-19101.890218	-0.004000	0.870000	0.454000	192.000000	0.000000	0.000000	0.000000	0.000000	0.000000	0.000000	0.000000	0.000000	0.000000	1790355210.239926	0.000000
219.000000	11373.193428	44689.161442	-3579.296598	-32163.400312	22222.506669	-32242.614894	-11457.101876	-19110.786213	-0.004000	0.870000	0.454000	192.000000	0.000000	0.000000	0.000000	0.000000	0.000000	0.000000	0.000000	0.000000	0.000000	1790355210.239950	0.000000
220.000000	11376.501486	44686.658047	-3576.524982	-32162.148614	22225.948838	-32236.892848	-11460.544045	-19110.562695	-0.004000	0.870000	0.454000	192.000000	0.000000	0.000000	0.000000	0.000000	0.000000	0.000000	0.000000	0.000000	0.000000	1790355210.239983	0.000000
221.000000	11371.584102	44676.264486	-3581.420014	-32173.570356	22240.857451	-32256.785900	-11431.218556	-19111.479117	-0.006000	0.870000	0.452000	192.000000	255.000000	208.000000	27.000000	48.000000	14.000000	32.000000	0.000000	0.000000	0.000000	1790355210.240071	0.000000
222.000000	11364.588006	44676.242134	-3590.427767	-32180.186472	22222.529021	-32256.830604	-11426.368228	-19107.992245	-0.006000	0.870000	0.452000	192.000000	0.000000	0.000000	0.000000	0.000000	0.000000	0.000000	0.000000	0.000000	0.000000	1790355210.240096	0.000000
223.000000	11369.036003	44694.011771	-3570.065328	-32165.031989	22236.990599	-32239.351540	-11408.710350	-19084.746430	-0.006000	0.870000	0.452000	192.000000	0.000000	0.000000	0.000000	0.000000	0.000000	0.000000	0.000000	0.000000	0.000000	1790355210.240115	0.000000
224.000000	11368.834838	44697.878623	-3566.243180	-32164.786120	22257.844777	-32239.083319	-11399.635541	-19088.434468	-0.006000	0.870000	0.452000	192.000000	0.000000	0.000000	0.000000	0.000000	0.000000	0.000000	0.000000	0.000000	0.000000	1790355210.240138	0.000000
225.000000	11373.886332	44700.359666	-3573.351034	-32169.144710	22260.169358	-32254.707188	-11393.421756	-19107.478155	-0.006000	0.870000	0.452000	192.000000	0.000000	0.000000	0.000000	0.000000	0.000000	0.000000	0.000000	0.000000	0.000000	1790355210.240254	0.000000
226.000000	11382.849381	44701.097274	-3568.210133	-32166.775425	22240.879803	-32240.670292	-11388.929056	-19096.011710	-0.006000	0.870000	0.452000	192.000000	0.000000	0.000000	0.000000	0.000000	0.000000	0.000000	0.000000	0.000000	0.000000	1790355210.240272	0.000000
227.000000	11377.462611	44687.462710	-3567.360767	-32167.133053	22236.096529	-32243.620723	-11391.991245	-19097.285759	-0.006000	0.870000	0.452000	192.000000	0.000000	0.000000	0.000000	0.000000	0.000000	0.000000	0.000000	0.000000	0.000000	1790355210.240288	0.000000
228.000000	11376.233265	44681.383035	-3556.520171	-32154.213745	22254.313201	-32226.543990	-11380.524800	-19090.356718	-0.006000	0.870000	0.452000	192.000000	0.000000	0.000000	0.000000	0.000000	0.000000	0.000000	0.000000	0.000000	0.000000	1790355210.240307	0.000000
229.000000	11372.545227	44676.756224	-3567.249008	-32166.618963	22264.974983	-32255.176575	-11368.812486	-19099.610341	-0.006000	0.870000	0.452000	192.000000	0.000000	0.000000	0.000000	0.000000	0.000000	0.000000	0.000000	0.000000	0.000000	1790355210.240325	0.000000
230.000000	11378.826067	44675.504527	-3564.589150	-32168.652972	22255.520195	-32247.688740	-11372.254654	-19101.621998	-0.006000	0.870000	0.452000	192.000000	0.000000	0.000000	0.000000	0.000000	0.000000	0.000000	0.000000	0.000000	0.000000	1790355210.240338	0.000000
231.000000	11386.492716	44677.627942	-3556.587226	-32161.075730	22244.992524	-32232.869534	-11388.146745	-19096.056413	-0.006000	0.872000	0.452000	192.000000	255.000000	208.000000	27.000000	64.000000	14.000000	32.000000	0.000000	0.000000	0.000000	1790355210.240358	0.000000
232.000000	11385.218666	44668.687244	-3553.413278	-32159.667571	22258.470626	-32243.911295	-11385.799812	-19093.687128	-0.006000	0.872000	0.452000	192.000000	0.000000	0.000000	0.000000	0.000000	0.000000	0.000000	0.000000	0.000000	0.000000	1790355210.240376	0.000000
233.000000	11383.855210	44660.797079	-3553.592092	-32165.322562	22263.969155	-32255.176575	-11378.960178	-19105.690015	-0.006000	0.872000	0.452000	192.000000	0.000000	0.000000	0.000000	0.000000	0.000000	0.000000	0.000000	0.000000	0.000000	1790355210.240389	0.000000
234.000000	11390.046643	44684.311114	-3557.034261	-32164.741417	22273.692164	-32252.516717	-11377.887294	-19110.830916	-0.006000	0.872000	0.452000	192.000000	0.000000	0.000000	0.000000	0.000000	0.000000	0.000000	0.000000	0.000000	0.000000	1790355210.240698	0.000000
235.000000	11391.879486	44703.332448	-3559.828229	-32164.517899	22251.005143	-32244.671255	-11394.896972	-19114.787175	-0.006000	0.872000	0.452000	192.000000	0.000000	0.000000	0.000000	0.000000	0.000000	0.000000	0.000000	0.000000	0.000000	1790355210.240724	0.000000
236.000000	11393.600570	44703.243041	-3552.474505	-32158.281762	22248.233527	-32231.483725	-11385.509239	-19110.920323	-0.006000	0.872000	0.452000	192.000000	0.000000	0.000000	0.000000	0.000000	0.000000	0.000000	0.000000	0.000000	0.000000	1790355210.240738	0.000000
237.000000	11397.467422	44696.314001	-3550.351089	-32161.411007	22259.498806	-32233.093051	-11358.709497	-19097.978663	-0.006000	0.872000	0.452000	192.000000	0.000000	0.000000	0.000000	0.000000	0.000000	0.000000	0.000000	0.000000	0.000000	1790355210.240753	0.000000
238.000000	11409.179736	44699.197376	-3550.909883	-32159.622867	22265.064390	-32239.060967	-11350.372297	-19098.872733	-0.006000	0.872000	0.452000	192.000000	0.000000	0.000000	0.000000	0.000000	0.000000	0.000000	0.000000	0.000000	0.000000	1790355210.240815	0.000000
239.000000	11406.676341	44697.677457	-3553.390927	-32162.282725	22252.346248	-32246.347636	-11367.896064	-19113.602533	-0.006000	0.872000	0.452000	192.000000	0.000000	0.000000	0.000000	0.000000	0.000000	0.000000	0.000000	0.000000	0.000000	1790355210.240830	0.000000
240.000000	11403.234172	44695.934021	-3544.740801	-32160.360475	22253.195614	-32246.682912	-11369.706556	-19110.003902	-0.006000	0.872000	0.452000	192.000000	0.000000	0.000000	0.000000	0.000000	0.000000	0.000000	0.000000	0.000000	0.000000	1790355210.240847	0.000000
241.000000	11402.943600	44692.268335	-3542.662089	-32165.814300	22255.587251	-32251.019150	-11346.818369	-19105.533553	-0.008000	0.868000	0.456000	192.000000	255.000000	192.000000	27.000000	32.000000	14.000000	64.000000	0.000000	0.000000	0.000000	1790355210.240861	0.000000
242.000000	11406.899858	44700.314963	-3539.734011	-32161.969800	22282.297585	-32243.263095	-11323.214927	-19105.332387	-0.008000	0.868000	0.456000	192.000000	0.000000	0.000000	0.000000	0.000000	0.000000	0.000000	0.000000	0.000000	0.000000	1790355210.240883	0.000000
243.000000	11404.307056	44697.878623	-3546.797162	-32166.887184	22267.299565	-32255.668313	-11335.173110	-19121.738568	-0.008000	0.868000	0.456000	192.000000	0.000000	0.000000	0.000000	0.000000	0.000000	0.000000	0.000000	0.000000	0.000000	1790355210.240904	0.000000
244.000000	11400.797832	44688.826166	-3547.445363	-32163.266201	22245.752483	-32246.302932	-11343.465608	-19116.687073	-0.008000	0.868000	0.456000	192.000000	0.000000	0.000000	0.000000	0.000000	0.000000	0.000000	0.000000	0.000000	0.000000	1790355210.240923	0.000000
245.000000	11398.987341	44674.945733	-3532.447342	-32155.018408	22266.539605	-32236.781089	-11315.503575	-19107.969893	-0.008000	0.868000	0.456000	192.000000	0.000000	0.000000	0.000000	0.000000	0.000000	0.000000	0.000000	0.000000	0.000000	1790355210.240943	0.000000
246.000000	11403.435338	44682.210050	-3527.373496	-32158.818204	22287.527893	-32243.151336	-11296.102261	-19101.510239	-0.008000	0.868000	0.456000	192.000000	0.000000	0.000000	0.000000	0.000000	0.000000	0.000000	0.000000	0.000000	0.000000	1790355210.240965	0.000000
247.000000	11412.666608	44708.227480	-3521.964374	-32156.493623	22274.385068	-32237.473993	-11297.756290	-19090.401422	-0.008000	0.868000	0.456000	192.000000	0.000000	0.000000	0.000000	0.000000	0.000000	0.000000	0.000000	0.000000	0.000000	1790355210.240987	0.000000
248.000000	11407.883335	44713.480140	-3524.288955	-32153.677303	22254.201443	-32243.061929	-11303.455985	-19087.898026	-0.008000	0.868000	0.456000	192.000000	0.000000	0.000000	0.000000	0.000000	0.000000	0.000000	0.000000	0.000000	0.000000	1790355210.241007	0.000000
249.000000	11401.378977	44699.085617	-3526.345316	-32147.999960	22276.597890	-32218.564417	-11294.291770	-19086.713384	-0.008000	0.868000	0.456000	192.000000	0.000000	0.000000	0.000000	0.000000	0.000000	0.000000	0.000000	0.000000	0.000000	1790355210.241389	0.000000
250.000000	11410.185565	44692.223631	-3524.735990	-32154.683132	22301.408327	-32226.186362	-11276.879761	-19095.095288	-0.008000	0.868000	0.456000	192.000000	0.000000	0.000000	0.000000	0.000000	0.000000	0.000000	0.000000	0.000000	0.000000	1790355210.241437	0.000000
251.000000	11420.914402	44711.714353	-3520.466807	-32149.363416	22298.234379	-32231.260208	-11275.270435	-19091.630768	-0.004000	0.866000	0.452000	192.000000	255.000000	224.000000	27.000000	16.000000	14.000000	32.000000	0.000000	0.000000	0.000000	1790355210.241470	0.000000
252.000000	11418.031027	44725.706545	-3525.563005	-32149.832803	22276.374373	-32226.722804	-11289.821421	-19100.347948	-0.004000	0.866000	0.452000	192.000000	0.000000	0.000000	0.000000	0.000000	0.000000	0.000000	0.000000	0.000000	0.000000	1790355210.241492	0.000000
253.000000	11412.621905	44716.408219	-3526.792351	-32151.576239	22272.038135	-32223.079470	-11297.666883	-19105.712367	-0.004000	0.866000	0.452000	192.000000	0.000000	0.000000	0.000000	0.000000	0.000000	0.000000	0.000000	0.000000	0.000000	1790355210.241542	0.000000
254.000000	11418.969800	44714.217748	-3515.839996	-32149.050492	22305.901027	-32222.543028	-11272.699985	-19095.452916	-0.004000	0.866000	0.452000	192.000000	0.000000	0.000000	0.000000	0.000000	0.000000	0.000000	0.000000	0.000000	0.000000	1790355210.241555	0.000000
255.000000	11422.322562	44718.263414	-3521.092656	-32158.371169	22300.134277	-32238.703339	-11276.522133	-19107.835783	-0.004000	0.866000	0.452000	192.000000	0.000000	0.000000	0.000000	0.000000	0.000000	0.000000	0.000000	0.000000	0.000000	1790355210.241570	0.000000
0.000000	11425.630620	44729.774562	-3519.483330	-32157.901783	22282.096420	-32236.043481	-11294.805860	-19107.053471	-0.004000	0.866000	0.452000	192.000000	0.000000	0.000000	0.000000	0.000000	0.000000	0.000000	0.000000	0.000000	0.000000	1790355210.241585	0.000000
1.000000	11425.563565	44729.104010	-3513.381304	-32150.838631	22283.146952	-32227.013377	-11286.423956	-19100.392652	-0.004000	0.866000	0.452000	192.000000	0.000000	0.000000	0.000000	0.000000	0.000000	0.000000	0.000000	0.000000	0.000000	1790355210.241600	0.000000
2.000000	11424.937716	44729.819266	-3519.393923	-32158.952315	22284.868036	-32234.657673	-11261.345298	-19093.865942	-0.004000	0.866000	0.452000	192.000000	0.000000	0.000000	0.000000	0.000000	0.000000	0.000000	0.000000	0.000000	0.000000	1790355210.241615	0.000000
3.000000	11426.278821	44730.109838	-3526.769999	-32164.964934	22285.829161	-32241.318493	-11260.473580	-19103.007806	-0.004000	0.866000	0.452000	192.000000	0.000000	0.000000	0.000000	0.000000	0.000000	0.000000	0.000000	0.000000	0.000000	1790355210.241632	0.000000
4.000000	11421.137920	44725.103048	-3533.386115	-32171.335181	22264.662059	-32245.252400	-11286.736880	-19116.642370	-0.004000	0.866000	0.452000	192.000000	0.000000	0.000000	0.000000	0.000000	0.000000	0.000000	0.000000	0.000000	0.000000	1790355210.241647	0.000000
5.000000	11413.895954	44719.604518	-3524.847749	-32170.329353	22270.741733	-32241.586714	-11289.217924	-19116.910591	-0.006000	0.868000	0.452000	192.000000	255.000000	208.000000	27.000000	32.000000	14.000000	32.000000	0.000000	0.000000	0.000000	1790355210.241665	0.000000
6.000000	11420.176795	44721.012678	-3516.354086	-32168.608268	22289.316033	-32237.049310	-11273.258778	-19120.442166	-0.006000	0.868000	0.452000	192.000000	0.000000	0.000000	0.000000	0.000000	0.000000	0.000000	0.000000	0.000000	0.000000	1790355210.241681	0.000000
7.000000	11438.371115	44740.257530	-3510.252060	-32158.035893	22303.576446	-32229.472068	-11265.234502	-19124.845460	-0.006000	0.868000	0.452000	192.000000	0.000000	0.000000	0.000000	0.000000	0.000000	0.000000	0.000000	0.000000	0.000000	1790355210.241694	0.000000
8.000000	11437.409990	44757.848353	-3508.419217	-32157.119472	22296.826219	-32222.699490	-11268.520208	-19112.999035	-0.006000	0.868000	0.452000	192.000000	0.000000	0.000000	0.000000	0.000000	0.000000	0.000000	0.000000	0.000000	0.000000	1790355210.241833	0.000000
9.000000	11435.219519	44755.322606	-3505.982877	-32154.258448	22284.085725	-32223.191228	-11270.554217	-19105.757070	-0.006000	0.868000	0.452000	192.000000	0.000000	0.000000	0.000000	0.000000	0.000000	0.000000	0.000000	0.000000	0.000000	1790355210.241846	0.000000
10.000000	11436.381809	44745.756059	-3500.149071	-32153.230268	22309.589065	-32219.391432	-11240.535824	-19092.971872	-0.006000	0.868000	0.452000	192.000000	0.000000	0.000000	0.000000	0.000000	0.000000	0.000000	0.000000	0.000000	0.000000	1790355210.241858	0.000000
11.000000	11441.634469	44743.297367	-3504.753531	-32161.746283	22321.793118	-32236.401109	-11219.435778	-19094.357681	-0.006000	0.868000	0.452000	192.000000	0.000000	0.000000	0.000000	0.000000	0.000000	0.000000	0.000000	0.000000	0.000000	1790355210.241872	0.000000
12.000000	11450.575167	44758.831830	-3507.368685	-32164.204975	22297.429716	-32239.977388	-11235.864310	-19107.008768	-0.006000	0.868000	0.452000	192.000000	0.000000	0.000000	0.000000	0.000000	0.000000	0.000000	0.000000	0.000000	0.000000	1790355210.241885	0.000000
13.000000	11444.674306	44756.239028	-3505.334676	-32161.768635	22286.879693	-32240.178554	-11245.632022	-19108.416928	-0.006000	0.868000	0.452000	192.000000	0.000000	0.000000	0.000000	0.000000	0.000000	0.000000	0.000000	0.000000	0.000000	1790355210.241899	0.000000
14.000000	11445.166045	44747.007757	-3498.696208	-32155.376036	22299.642539	-32223.705318	-11226.297763	-19100.482059	-0.006000	0.868000	0.452000	192.000000	0.000000	0.000000	0.000000	0.000000	0.000000	0.000000	0.000000	0.000000	0.000000	1790355210.241913	0.000000
15.000000	11450.217539	44745.867818	-3496.908068	-32166.194280	22322.642484	-32232.869534	-11213.780786	-19105.533553	-0.008000	0.866000	0.454000	192.000000	255.000000	192.000000	27.000000	16.000000	14.000000	48.000000	0.000000	0.000000	0.000000	1790355210.241925	0.000000
16.000000	11464.232083	44750.785202	-3491.163670	-32166.149576	22325.391749	-32236.132888	-11212.037350	-19096.011710	-0.008000	0.866000	0.454000	192.000000	0.000000	0.000000	0.000000	0.000000	0.000000	0.000000	0.000000	0.000000	0.000000	1790355210.241941	0.000000
17.000000	11464.030917	44750.382870	-3491.118966	-32164.763768	22306.057490	-32228.689757	-11221.738007	-19100.012672	-0.008000	0.866000	0.454000	192.000000	0.000000	0.000000	0.000000	0.000000	0.000000	0.000000	0.000000	0.000000	0.000000	1790355210.241953	0.000000
18.000000	11469.171818	44750.628740	-3484.435795	-32152.716178	22319.289722	-32216.508057	-11212.350275	-19095.698785	-0.008000	0.866000	0.454000	192.000000	0.000000	0.000000	0.000000	0.000000	0.000000	0.000000	0.000000	0.000000	0.000000	1790355210.241988	0.000000
19.000000	11469.194170	44745.689004	-3491.968333	-32160.785158	22330.175022	-32230.947284	-11200.861478	-19105.332387	-0.008000	0.866000	0.454000	192.000000	0.000000	0.000000	0.000000	0.000000	0.000000	0.000000	0.000000	0.000000	0.000000	1790355210.242001	0.000000
20.000000	11468.769487	44751.880437	-3502.339542	-32169.569393	22311.958350	-32245.453566	-11212.864365	-19112.484945	-0.008000	0.866000	0.454000	192.000000	0.000000	0.000000	0.000000	0.000000	0.000000	0.000000	0.000000	0.000000	0.000000	1790355210.242014	0.000000
21.000000	11467.718955	44760.955246	-3502.384246	-32167.423626	22306.951559	-32239.910333	-11227.549461	-19111.121489	-0.008000	0.866000	0.454000	192.000000	0.000000	0.000000	0.000000	0.000000	0.000000	0.000000	0.000000	0.000000	0.000000	1790355210.242067	0.000000
22.000000	11465.640243	44743.364423	-3498.226821	-32164.652010	22298.904931	-32229.136792	-11223.861423	-19111.724986	-0.008000	0.866000	0.454000	192.000000	0.000000	0.000000	0.000000	0.000000	0.000000	0.000000	0.000000	0.000000	0.000000	1790355210.242082	0.000000
23.000000	11477.911350	44732.881455	-3482.938228	-32155.756015	22317.881562	-32216.575112	-11194.312417	-19101.331425	-0.008000	0.866000	0.454000	192.000000	0.000000	0.000000	0.000000	0.000000	0.000000	0.000000	0.000000	0.000000	0.000000	1790355210.242096	0.000000
24.000000	11489.377795	44743.476181	-3481.731234	-32157.365341	22320.809641	-32221.648958	-11190.602027	-19103.499544	-0.008000	0.866000	0.454000	192.000000	0.000000	0.000000	0.000000	0.000000	0.000000	0.000000	0.000000	0.000000	0.000000	1790355210.242219	0.000000
25.000000	11485.913275	44763.078661	-3489.822565	-32163.400312	22289.472495	-32232.310740	-11204.638923	-19111.948503	-0.004000	0.874000	0.450000	192.000000	255.000000	224.000000	27.000000	80.000000	14.000000	16.000000	0.000000	0.000000	0.000000	1790355210.242235	0.000000
26.000000	11485.198019	44768.286618	-3481.373606	-32157.030065	22307.778574	-32224.375871	-11204.951847	-19107.008768	-0.004000	0.874000	0.450000	192.000000	0.000000	0.000000	0.000000	0.000000	0.000000	0.000000	0.000000	0.000000	0.000000	1790355210.242270	0.000000
27.000000	11489.042519	44752.863914	-3475.495097	-32155.577201	22357.175929	-32220.732536	-11169.010242	-19096.816372	-0.004000	0.874000	0.450000	192.000000	0.000000	0.000000	0.000000	0.000000	0.000000	0.000000	0.000000	0.000000	0.000000	1790355210.242287	0.000000
28.000000	11493.892848	44754.696757	-3481.932400	-32163.221498	22353.219670	-32229.181496	-11151.709992	-19102.426660	-0.004000	0.874000	0.450000	192.000000	0.000000	0.000000	0.000000	0.000000	0.000000	0.000000	0.000000	0.000000	0.000000	1790355210.242303	0.000000
29.000000	11495.457470	44756.417841	-3483.228801	-32159.667571	22327.492813	-32229.315606	-11158.460219	-19110.093309	-0.004000	0.874000	0.450000	192.000000	0.000000	0.000000	0.000000	0.000000	0.000000	0.000000	0.000000	0.000000	0.000000	1790355210.242316	0.000000
30.000000	11493.222295	44740.905731	-3485.285161	-32164.741417	22319.021501	-32229.226199	-11173.994681	-19123.884335	-0.004000	0.874000	0.450000	192.000000	0.000000	0.000000	0.000000	0.000000	0.000000	0.000000	0.000000	0.000000	0.000000	1790355210.242330	0.000000
31.000000	11494.384586	44728.366402	-3487.855612	-32165.948411	22336.165289	-32225.314644	-11160.784800	-19116.664722	-0.004000	0.874000	0.450000	192.000000	0.000000	0.000000	0.000000	0.000000	0.000000	0.000000	0.000000	0.000000	0.000000	1790355210.242346	0.000000
32.000000	11493.848144	44731.450943	-3488.794385	-32164.853175	22351.297420	-32236.937551	-11150.771219	-19121.671512	-0.004000	0.874000	0.450000	192.000000	0.000000	0.000000	0.000000	0.000000	0.000000	0.000000	0.000000	0.000000	0.000000	1790355210.242362	0.000000
33.000000	11510.120214	44742.693870	-3480.211315	-32162.707408	22336.567621	-32228.309778	-11159.421344	-19115.860059	-0.004000	0.874000	0.450000	192.000000	0.000000	0.000000	0.000000	0.000000	0.000000	0.000000	0.000000	0.000000	0.000000	1790355210.242395	0.000000
34.000000	11513.361217	44735.831885	-3468.029614	-32152.559716	22339.406292	-32217.312720	-11149.474817	-19100.616169	-0.004000	0.874000	0.450000	192.000000	0.000000	0.000000	0.000000	0.000000	0.000000	0.000000	0.000000	0.000000	0.000000	1790355210.242411	0.000000
35.000000	11511.930706	44724.387792	-3462.173457	-32158.907611	22355.231327	-32226.432231	-11127.972439	-19099.945617	0.004000	0.872000	0.454000	192.000000	0.000000	32.000000	27.000000	64.000000	14.000000	48.000000	0.000000	0.000000	0.000000	1790355210.242424	0.000000
36.000000	11516.579868	44724.924234	-3472.276446	-32167.647143	22357.086522	-32232.780127	-11120.462253	-19102.828992	0.004000	0.872000	0.454000	192.000000	0.000000	0.000000	0.000000	0.000000	0.000000	0.000000	0.000000	0.000000	0.000000	1790355210.242441	0.000000
37.000000	11517.831566	44740.011661	-3478.423176	-32171.022257	22335.382978	-32239.396243	-11138.120131	-19116.374149	0.004000	0.872000	0.454000	192.000000	0.000000	0.000000	0.000000	0.000000	0.000000	0.000000	0.000000	0.000000	0.000000	1790355210.242460	0.000000
38.000000	11513.718845	44746.672481	-3484.815775	-32177.057228	22323.558906	-32250.616819	-11152.246434	-19130.858079	0.004000	0.872000	0.454000	192.000000	0.000000	0.000000	0.000000	0.000000	0.000000	0.000000	0.000000	0.000000	0.000000	1790355210.242481	0.000000
39.000000	11519.217374	44739.877551	-3483.228801	-32176.811359	22324.028292	-32247.778147	-11151.151198	-19125.448957	0.004000	0.872000	0.454000	192.000000	0.000000	0.000000	0.000000	0.000000	0.000000	0.000000	0.000000	0.000000	0.000000	1790355210.242626	0.000000
40.000000	11531.577889	44748.035937	-3476.947960	-32170.843443	22351.677400	-32234.098880	-11128.508881	-19108.126355	0.004000	0.872000	0.454000	192.000000	0.000000	0.000000	0.000000	0.000000	0.000000	0.000000	0.000000	0.000000	0.000000	1790355210.242647	0.000000
41.000000	11536.472921	44755.859048	-3480.703054	-32179.046533	22347.139996	-32234.948246	-11133.538024	-19124.376073	0.004000	0.872000	0.454000	192.000000	0.000000	0.000000	0.000000	0.000000	0.000000	0.000000	0.000000	0.000000	0.000000	1790355210.242663	0.000000
42.000000	11543.938404	44762.408109	-3470.085975	-32164.987286	22344.122510	-32224.420574	-11142.009335	-19115.055396	0.004000	0.872000	0.454000	192.000000	0.000000	0.000000	0.000000	0.000000	0.000000	0.000000	0.000000	0.000000	0.000000	1790355210.242680	0.000000
43.000000	11542.396133	44755.814344	-3473.058757	-32159.220536	22340.255659	-32218.340900	-11129.112378	-19107.969893	0.004000	0.872000	0.454000	192.000000	0.000000	0.000000	0.000000	0.000000	0.000000	0.000000	0.000000	0.000000	0.000000	1790355210.242697	0.000000
44.000000	11542.105561	44742.068022	-3474.735138	-32164.048512	22343.206089	-32231.126098	-11117.936506	-19119.592800	0.004000	0.872000	0.454000	192.000000	0.000000	0.000000	0.000000	0.000000	0.000000	0.000000	0.000000	0.000000	0.000000	1790355210.242715	0.000000
45.000000	11553.169674	44753.132135	-3472.298798	-32170.619925	22345.284801	-32247.934609	-11116.014256	-19120.956257	0.004000	0.872000	0.454000	192.000000	0.000000	0.000000	27.000000	0.000000	14.000000	96.000000	0.000000	0.000000	0.000000	1790355210.242732	0.000000
46.000000	11560.456343	44766.520830	-3469.013091	-32166.104873	22350.939793	-32226.231066	-11125.446692	-19120.509222	0.004000	0.872000	0.454000	192.000000	0.000000	0.000000	0.000000	0.000000	0.000000	0.000000	0.000000	0.000000	0.000000	1790355210.242750	0.000000
47.000000	11557.550616	44758.340092	-3463.447507	-32160.740454	22350.738627	-32210.026051	-11116.774215	-19122.163251	0.004000	0.872000	0.454000	192.000000	0.000000	0.000000	0.000000	0.000000	0.000000	0.000000	0.000000	0.000000	0.000000	1790355210.242791	0.000000
48.000000	11564.144381	44758.273036	-3461.592312	-32163.579126	22363.345011	-32233.964769	-11100.569201	-19129.628733	0.004000	0.872000	0.454000	192.000000	0.000000	0.000000	0.000000	0.000000	0.000000	0.000000	0.000000	0.000000	0.000000	1790355210.242832	0.000000
49.000000	11569.061764	44765.604408	-3464.542742	-32164.584954	22363.322659	-32239.172726	-11087.627541	-19126.879469	0.004000	0.872000	0.454000	192.000000	0.000000	0.000000	0.000000	0.000000	0.000000	0.000000	0.000000	0.000000	0.000000	1790355210.242846	0.000000
50.000000	11573.532113	44766.476126	-3461.212332	-32162.193318	22365.021392	-32227.125135	-11097.194087	-19127.930001	0.004000	0.872000	0.454000	192.000000	0.000000	0.000000	0.000000	0.000000	0.000000	0.000000	0.000000	0.000000	0.000000	1790355210.242861	0.000000
51.000000	11579.231808	44753.020376	-3462.151106	-32161.880393	22357.846482	-32239.083319	-11095.718872	-19126.544193	0.004000	0.872000	0.454000	192.000000	0.000000	0.000000	0.000000	0.000000	0.000000	0.000000	0.000000	0.000000	0.000000	1790355210.242881	0.000000
52.000000	11587.233733	44747.834772	-3448.784762	-32156.270105	22365.468426	-32242.078452	-11081.726680	-19123.437300	0.004000	0.872000	0.454000	192.000000	0.000000	0.000000	0.000000	0.000000	0.000000	0.000000	0.000000	0.000000	0.000000	1790355210.242903	0.000000
53.000000	11591.480564	44763.212772	-3444.940262	-32153.386730	22380.891130	-32217.178609	-11069.544979	-19120.017483	0.004000	0.872000	0.454000	192.000000	0.000000	0.000000	0.000000	0.000000	0.000000	0.000000	0.000000	0.000000	0.000000	1790355210.242959	0.000000
54.000000	11593.134593	44774.835679	-3450.550550	-32157.722969	22361.132188	-32220.196095	-11085.213552	-19123.079672	0.004000	0.874000	0.454000	192.000000	0.000000	32.000000	27.000000	80.000000	14.000000	48.000000	0.000000	0.000000	0.000000	1790355210.242988	0.000000
55.000000	11589.692424	44765.917333	-3452.584559	-32168.541213	22340.970914	-32241.094976	-11094.690692	-19133.205012	0.004000	0.874000	0.454000	192.000000	0.000000	0.000000	0.000000	0.000000	0.000000	0.000000	0.000000	0.000000	0.000000	1790355210.243350	0.000000
56.000000	11596.867334	44765.515001	-3448.628300	-32164.137919	22352.750284	-32236.892848	-11074.283549	-19122.230306	0.004000	0.874000	0.454000	192.000000	0.000000	0.000000	0.000000	0.000000	0.000000	0.000000	0.000000	0.000000	0.000000	1790355210.243374	0.000000
57.000000	11609.026683	44770.812365	-3450.170571	-32166.998943	22368.575319	-32228.175667	-11068.650910	-19127.862946	0.004000	0.874000	0.454000	192.000000	0.000000	0.000000	0.000000	0.000000	0.000000	0.000000	0.000000	0.000000	0.000000	1790355210.243390	0.000000
58.000000	11617.050960	44773.159298	-3449.455315	-32167.781254	22366.653069	-32227.013377	-11080.586741	-19134.367303	0.004000	0.874000	0.454000	192.000000	0.000000	0.000000	0.000000	0.000000	0.000000	0.000000	0.000000	0.000000	0.000000	1790355210.243406	0.000000
59.000000	11617.475643	44769.940647	-3445.476704	-32165.143748	22363.255604	-32231.729595	-11085.437070	-19132.534460	0.004000	0.874000	0.454000	192.000000	0.000000	0.000000	0.000000	0.000000	0.000000	0.000000	0.000000	0.000000	0.000000	1790355210.243422	0.000000
60.000000	11617.676809	44756.641359	-3446.214312	-32172.296306	22378.879473	-32242.257266	-11063.867636	-19147.800702	0.004000	0.874000	0.454000	192.000000	0.000000	0.000000	0.000000	0.000000	0.000000	0.000000	0.000000	0.000000	0.000000	1790355210.243440	0.000000
61.000000	11619.308486	44752.014548	-3449.790591	-32176.476082	22395.464467	-32245.006531	-11043.348735	-19127.795890	0.004000	0.874000	0.454000	192.000000	0.000000	0.000000	0.000000	0.000000	0.000000	0.000000	0.000000	0.000000	0.000000	1790355210.243454	0.000000
62.000000	11628.919736	44767.593714	-3446.571940	-32176.833710	22393.341052	-32243.978351	-11050.233072	-19113.356663	0.004000	0.874000	0.454000	192.000000	0.000000	0.000000	0.000000	0.000000	0.000000	0.000000	0.000000	0.000000	0.000000	1790355210.243474	0.000000
63.000000	11633.770065	44771.572324	-3437.988870	-32162.662704	22383.729802	-32237.451641	-11071.176657	-19115.860059	0.004000	0.874000	0.454000	192.000000	0.000000	0.000000	0.000000	0.000000	0.000000	0.000000	0.000000	0.000000	0.000000	1790355210.243489	0.000000
64.000000	11636.496977	44770.857068	-3427.349440	-32155.465443	22401.141811	-32219.726708	-11058.056183	-19104.974759	0.008000	0.872000	0.458000	192.000000	0.000000	64.000000	27.000000	64.000000	14.000000	80.000000	0.000000	0.000000	0.000000	1790355210.243506	0.000000
65.000000	11648.522216	44776.199135	-3427.416495	-32159.868736	22413.055290	-32214.049365	-11044.019287	-19112.239076	0.008000	0.872000	0.458000	192.000000	0.000000	0.000000	0.000000	0.000000	0.000000	0.000000	0.000000	0.000000	0.000000	1790355210.525531	0.000000
66.000000	11662.782629	44788.559650	-3425.114265	-32161.746283	22403.019357	-32220.352557	-11046.165055	-19118.989303	0.008000	0.872000	0.458000	192.000000	0.000000	0.000000	0.000000	0.000000	0.000000	0.000000	0.000000	0.000000	0.000000	1790355210.525673	0.000000
67.000000	11668.147048	44790.750121	-3417.939355	-32157.700617	22384.914444	-32227.639225	-11060.067840	-19122.632637	0.008000	0.872000	0.458000	192.000000	0.000000	0.000000	0.000000	0.000000	0.000000	0.000000	0.000000	0.000000	0.000000	1790355210.525702	0.000000
68.000000	11660.949786	44775.193307	-3422.700277	-32158.952315	22389.764773	-32230.254380	-11052.065915	-19125.113681	0.008000	0.872000	0.458000	192.000000	0.000000	0.000000	0.000000	0.000000	0.000000	0.000000	0.000000	0.000000	0.000000	1790355210.525713	0.000000
69.000000	11657.149989	44773.226353	-3428.914062	-32166.820129	22409.590770	-32238.233952	-11046.835607	-19137.831824	0.008000	0.872000	0.458000	192.000000	0.000000	0.000000	0.000000	0.000000	0.000000	0.000000	0.000000	0.000000	0.000000	1790355210.525728	0.000000
70.000000	11672.840914	44794.594621	-3415.838291	-32161.522765	22419.000854	-32235.060005	-11047.215587	-19130.500451	0.008000	0.872000	0.458000	192.000000	0.000000	0.000000	0.000000	0.000000	0.000000	0.000000	0.000000	0.000000	0.000000	1790355210.525932	0.000000
71.000000	11679.635844	44805.815197	-3414.005448	-32155.241925	22413.412918	-32235.439984	-11051.283604	-19118.855193	0.008000	0.872000	0.458000	192.000000	0.000000	0.000000	0.000000	0.000000	0.000000	0.000000	0.000000	0.000000	0.000000	1790355210.525944	0.000000
72.000000	11671.142181	44783.865784	-3420.912137	-32162.014504	22402.237046	-32235.685853	-11058.503218	-19129.584030	0.008000	0.872000	0.458000	192.000000	0.000000	0.000000	0.000000	0.000000	0.000000	0.000000	0.000000	0.000000	0.000000	1790355210.525955	0.000000
73.000000	11677.870056	44776.377949	-3415.435960	-32160.226364	22422.241857	-32239.798574	-11037.872557	-19133.294419	0.008000	0.872000	0.458000	192.000000	0.000000	0.000000	0.000000	0.000000	0.000000	0.000000	0.000000	0.000000	0.000000	1790355210.525967	0.000000
74.000000	11686.810754	44782.524679	-3416.084160	-32162.930925	22425.684026	-32246.280580	-11037.425522	-19136.378960	-0.002000	0.874000	0.462000	192.000000	255.000000	240.000000	27.000000	80.000000	14.000000	112.000000	0.000000	0.000000	0.000000	1790355210.525978	0.000000
75.000000	11697.383129	44796.181595	-3406.204689	-32158.594687	22416.922142	-32241.966694	-11051.507122	-19135.127262	-0.002000	0.874000	0.462000	192.000000	0.000000	0.000000	0.000000	0.000000	0.000000	0.000000	0.000000	0.000000	0.000000	1790355210.525989	0.000000
76.000000	11693.695091	44799.333191	-3412.083198	-32158.326466	22401.946473	-32234.612970	-11054.256386	-19130.567507	-0.002000	0.874000	0.462000	192.000000	0.000000	0.000000	0.000000	0.000000	0.000000	0.000000	0.000000	0.000000	0.000000	1790355210.526000	0.000000
77.000000	11697.450185	44798.148548	-3411.099721	-32159.175832	22426.511041	-32238.390415	-11034.877424	-19127.415911	-0.002000	0.874000	0.462000	192.000000	0.000000	0.000000	0.000000	0.000000	0.000000	0.000000	0.000000	0.000000	0.000000	1790355210.526011	0.000000
78.000000	11700.311208	44801.344848	-3416.553547	-32173.995039	22435.652904	-32248.336941	-11041.381781	-19146.258431	-0.002000	0.874000	0.462000	192.000000	0.000000	0.000000	0.000000	0.000000	0.000000	0.000000	0.000000	0.000000	0.000000	1790355210.526022	0.000000
79.000000	11708.268429	44816.164054	-3409.132768	-32165.680190	22426.980427	-32244.581848	-11067.220398	-19148.493606	-0.002000	0.874000	0.462000	192.000000	0.000000	0.000000	0.000000	0.000000	0.000000	0.000000	0.000000	0.000000	0.000000	1790355210.526032	0.000000
80.000000	11709.162499	44816.946365	-3402.762521	-32164.473196	22423.918238	-32240.089147	-11066.773363	-19137.273030	-0.002000	0.874000	0.462000	192.000000	0.000000	0.000000	0.000000	0.000000	0.000000	0.000000	0.000000	0.000000	0.000000	1790355210.526042	0.000000
81.000000	11712.939943	44806.150473	-3400.281477	-32166.931887	22427.650979	-32246.839374	-11052.870578	-19146.370190	-0.002000	0.874000	0.462000	192.000000	0.000000	0.000000	0.000000	0.000000	0.000000	0.000000	0.000000	0.000000	0.000000	1790355210.526052	0.000000
82.000000	11726.663915	44811.984278	-3393.575954	-32155.264277	22443.006628	-32237.496345	-11017.219546	-19118.698730	-0.002000	0.874000	0.462000	192.000000	0.000000	0.000000	0.000000	0.000000	0.000000	0.000000	0.000000	0.000000	0.000000	1790355210.526063	0.000000
83.000000	11728.273240	44824.724773	-3392.011332	-32154.459614	22453.824872	-32231.617836	-10997.885287	-19112.172021	-0.002000	0.874000	0.462000	192.000000	0.000000	0.000000	0.000000	0.000000	0.000000	0.000000	0.000000	0.000000	0.000000	1790355210.526074	0.000000
84.000000	11723.624077	44824.724773	-3389.642047	-32157.298286	22449.332172	-32242.570191	-11004.523755	-19124.331370	-0.002000	0.866000	0.462000	192.000000	255.000000	240.000000	27.000000	16.000000	14.000000	112.000000	0.000000	0.000000	0.000000	1790355210.526086	0.000000
85.000000	11725.345162	44812.185444	-3383.875297	-32161.545117	22460.552747	-32265.212508	-10999.204039	-19134.948449	-0.002000	0.866000	0.462000	192.000000	0.000000	0.000000	0.000000	0.000000	0.000000	0.000000	0.000000	0.000000	0.000000	1790355210.526096	0.000000
86.000000	11731.693057	44813.459493	-3383.517669	-32159.712274	22472.130951	-32256.271810	-10992.833792	-19125.158384	-0.002000	0.866000	0.462000	192.000000	0.000000	0.000000	0.000000	0.000000	0.000000	0.000000	0.000000	0.000000	0.000000	1790355210.526150	0.000000
87.000000	11731.849519	44817.974546	-3388.569163	-32159.734626	22454.808349	-32243.531316	-11011.631609	-19130.388693	-0.002000	0.866000	0.462000	192.000000	0.000000	0.000000	0.000000	0.000000	0.000000	0.000000	0.000000	0.000000	0.000000	1790355210.526161	0.000000
88.000000	11728.161481	44809.749104	-3399.923849	-32164.987286	22434.244744	-32249.096900	-11025.310877	-19126.432434	-0.002000	0.866000	0.462000	192.000000	0.000000	0.000000	0.000000	0.000000	0.000000	0.000000	0.000000	0.000000	0.000000	1790355210.526171	0.000000
89.000000	11726.350990	44794.549918	-3399.834442	-32167.378922	22448.393398	-32247.934609	-11010.335208	-19122.230306	-0.002000	0.866000	0.462000	192.000000	0.000000	0.000000	0.000000	0.000000	0.000000	0.000000	0.000000	0.000000	0.000000	1790355210.526182	0.000000
90.000000	11739.717333	44798.617935	-3388.859736	-32162.573297	22474.701402	-32244.537144	-10992.520868	-19124.644294	-0.002000	0.866000	0.462000	192.000000	0.000000	0.000000	0.000000	0.000000	0.000000	0.000000	0.000000	0.000000	0.000000	1790355210.526192	0.000000
91.000000	11747.428685	44817.773380	-3391.139614	-32167.155405	22467.705306	-32254.684836	-10999.315798	-19133.227364	-0.002000	0.866000	0.462000	192.000000	0.000000	0.000000	0.000000	0.000000	0.000000	0.000000	0.000000	0.000000	0.000000	1790355210.526203	0.000000
92.000000	11754.670650	44827.652851	-3383.249448	-32152.135033	22457.334096	-32235.685853	-11013.933839	-19129.136995	-0.002000	0.866000	0.462000	192.000000	0.000000	0.000000	0.000000	0.000000	0.000000	0.000000	0.000000	0.000000	0.000000	1790355210.526214	0.000000
93.000000	11757.665784	44823.875406	-3371.179506	-32144.714254	22471.192178	-32226.342824	-11003.137947	-19111.009730	-0.002000	0.866000	0.462000	192.000000	0.000000	0.000000	0.000000	0.000000	0.000000	0.000000	0.000000	0.000000	0.000000	1790355210.526226	0.000000
94.000000	11759.006889	44823.942461	-3370.464250	-32150.570411	22496.986091	-32235.931723	-10982.350824	-19108.394576	-0.004000	0.874000	0.456000	192.000000	255.000000	224.000000	27.000000	80.000000	14.000000	64.000000	0.000000	0.000000	0.000000	1790355210.526236	0.000000
95.000000	11752.256662	44816.678145	-3387.563334	-32172.966859	22472.913262	-32251.868516	-11001.953304	-19130.165175	-0.004000	0.874000	0.456000	192.000000	0.000000	0.000000	0.000000	0.000000	0.000000	0.000000	0.000000	0.000000	0.000000	1790355210.526248	0.000000
96.000000	11753.731877	44812.923051	-3386.065768	-32167.602440	22452.841395	-32244.850069	-11019.901755	-19130.120472	-0.004000	0.874000	0.456000	192.000000	0.000000	0.000000	0.000000	0.000000	0.000000	0.000000	0.000000	0.000000	0.000000	1790355210.526259	0.000000
97.000000	11761.800857	44803.423560	-3381.640122	-32163.355608	22461.491521	-32243.106633	-11014.738502	-19121.246829	-0.004000	0.874000	0.456000	192.000000	0.000000	0.000000	0.000000	0.000000	0.000000	0.000000	0.000000	0.000000	0.000000	1790355210.526269	0.000000
98.000000	11761.175008	44788.045560	-3386.423395	-32175.246736	22480.401096	-32256.249458	-10998.198211	-19127.594725	-0.004000	0.874000	0.456000	192.000000	0.000000	0.000000	0.000000	0.000000	0.000000	0.000000	0.000000	0.000000	0.000000	1790355210.526280	0.000000
99.000000	11773.177895	44801.635421	-3378.197953	-32168.272992	22488.671242	-32256.182403	-11003.294409	-19135.753111	-0.004000	0.874000	0.456000	192.000000	0.000000	0.000000	0.000000	0.000000	0.000000	0.000000	0.000000	0.000000	0.000000	1790355210.526314	0.000000
100.000000	11777.871761	44820.880272	-3378.510878	-32161.858042	22474.544939	-32253.164918	-11020.773473	-19146.481949	-0.004000	0.874000	0.456000	192.000000	0.000000	0.000000	0.000000	0.000000	0.000000	0.000000	0.000000	0.000000	0.000000	1790355210.526344	0.000000
101.000000	11775.278959	44809.413828	-3377.907381	-32165.479024	22471.370992	-32259.736330	-11024.752083	-19136.624829	-0.004000	0.874000	0.456000	192.000000	0.000000	0.000000	0.000000	0.000000	0.000000	0.000000	0.000000	0.000000	0.000000	1790355210.526400	0.000000
102.000000	11785.247837	44803.624726	-3369.748994	-32157.208879	22492.024004	-32247.912258	-11001.483917	-19116.217687	-0.004000	0.874000	0.456000	192.000000	0.000000	0.000000	0.000000	0.000000	0.000000	0.000000	0.000000	0.000000	0.000000	1790355210.526414	0.000000
103.000000	11802.682197	44819.852092	-3362.238808	-32150.972742	22496.159076	-32242.369025	-10998.779356	-19125.605419	-0.004000	0.874000	0.456000	192.000000	0.000000	0.000000	0.000000	0.000000	0.000000	0.000000	0.000000	0.000000	0.000000	1790355210.526425	0.000000
104.000000	11808.493651	44830.625633	-3365.591570	-32149.609286	22475.439009	-32241.452604	-11019.901755	-19128.600553	-0.004000	0.882000	0.456000	192.000000	255.000000	224.000000	27.000000	144.000000	14.000000	64.000000	0.000000	0.000000	0.000000	1790355210.526437	0.000000
105.000000	11807.420767	44824.367145	-3371.805355	-32155.420739	22481.384573	-32245.788842	-11020.348790	-19124.532536	-0.004000	0.882000	0.456000	192.000000	0.000000	0.000000	0.000000	0.000000	0.000000	0.000000	0.000000	0.000000	0.000000	1790355210.526468	0.000000
106.000000	11803.978599	44807.066894	-3386.535154	-32173.480949	22488.045393	-32252.382607	-11013.777377	-19132.109777	-0.004000	0.882000	0.456000	192.000000	0.000000	0.000000	0.000000	0.000000	0.000000	0.000000	0.000000	0.000000	0.000000	1790355210.526480	0.000000
107.000000	11813.187517	44817.214586	-3377.929733	-32176.833710	22517.728510	-32250.147432	-10975.511190	-19127.594725	-0.004000	0.882000	0.456000	192.000000	0.000000	0.000000	0.000000	0.000000	0.000000	0.000000	0.000000	0.000000	0.000000	1790355210.526491	0.000000
108.000000	11813.165166	44836.593549	-3376.275703	-32170.910498	22504.295111	-32240.267961	-10981.479106	-19141.229289	-0.004000	0.882000	0.456000	192.000000	0.000000	0.000000	0.000000	0.000000	0.000000	0.000000	0.000000	0.000000	0.000000	1790355210.526502	0.000000
109.000000	11805.900849	44837.062935	-3381.729529	-32171.066960	22477.115390	-32244.090109	-11006.870688	-19141.743379	-0.004000	0.882000	0.456000	192.000000	0.000000	0.000000	0.000000	0.000000	0.000000	0.000000	0.000000	0.000000	0.000000	1790355210.526513	0.000000
110.000000	11801.117575	44822.355488	-3380.053148	-32170.709332	22486.056088	-32240.089147	-10994.957208	-19133.272068	-0.004000	0.882000	0.456000	192.000000	0.000000	0.000000	0.000000	0.000000	0.000000	0.000000	0.000000	0.000000	0.000000	1790355210.526523	0.000000
111.000000	11806.884325	44822.534302	-3378.153250	-32169.569393	22512.677015	-32241.139679	-10982.440231	-19142.458635	-0.004000	0.882000	0.456000	192.000000	0.000000	0.000000	0.000000	0.000000	0.000000	0.000000	0.000000	0.000000	0.000000	1790355210.526534	0.000000
112.000000	11819.893041	44839.678090	-3379.382596	-32169.435283	22506.597341	-32245.475918	-10990.106879	-19146.437245	-0.004000	0.882000	0.456000	192.000000	0.000000	0.000000	0.000000	0.000000	0.000000	0.000000	0.000000	0.000000	0.000000	1790355210.526546	0.000000
113.000000	11825.033942	44846.875351	-3381.394253	-32171.804568	22486.324309	-32258.976371	-11006.267191	-19145.431417	-0.004000	0.882000	0.456000	192.000000	0.000000	0.000000	0.000000	0.000000	0.000000	0.000000	0.000000	0.000000	0.000000	1790355210.526557	0.000000
114.000000	11841.596585	44851.144534	-3361.344738	-32153.230268	22510.911228	-32236.915199	-10976.718185	-19126.074806	0.002000	0.860000	0.452000	192.000000	0.000000	16.000000	26.000000	224.000000	14.000000	32.000000	0.000000	0.000000	0.000000	1790355210.526568	0.000000
115.000000	11841.976564	44847.232979	-3367.424413	-32158.706446	22528.546754	-32239.530353	-10960.580225	-19130.589858	0.002000	0.860000	0.452000	192.000000	0.000000	0.000000	0.000000	0.000000	0.000000	0.000000	0.000000	0.000000	0.000000	1790355210.526580	0.000000
116.000000	11836.120407	44844.506066	-3379.628465	-32178.487739	22510.844172	-32250.929743	-10980.585036	-19143.308001	0.002000	0.860000	0.452000	192.000000	0.000000	0.000000	0.000000	0.000000	0.000000	0.000000	0.000000	0.000000	0.000000	1790355210.526889	0.000000
117.000000	11843.720000	44852.709157	-3366.820916	-32163.757940	22499.869466	-32235.104708	-10994.912505	-19132.936792	0.002000	0.860000	0.452000	192.000000	0.000000	0.000000	0.000000	0.000000	0.000000	0.000000	0.000000	0.000000	0.000000	1790355210.526900	0.000000
118.000000	11844.211739	44845.511895	-3361.970587	-32159.935791	22506.060899	-32228.198019	-10987.312911	-19124.353722	0.002000	0.860000	0.452000	192.000000	0.000000	0.000000	0.000000	0.000000	0.000000	0.000000	0.000000	0.000000	0.000000	1790355210.526915	0.000000
119.000000	11845.999878	44834.827761	-3362.797602	-32161.835690	22527.965609	-32240.245609	-10977.254626	-19122.856155	0.002000	0.860000	0.452000	192.000000	0.000000	0.000000	0.000000	0.000000	0.000000	0.000000	0.000000	0.000000	0.000000	1790355210.526925	0.000000
120.000000	11843.049448	44837.062935	-3373.414680	-32173.302135	22522.712949	-32258.909316	-10983.960150	-19128.377036	0.002000	0.860000	0.452000	192.000000	0.000000	0.000000	0.000000	0.000000	0.000000	0.000000	0.000000	0.000000	0.000000	1790355210.526935	0.000000
121.000000	11844.412904	44841.265063	-3379.002616	-32176.811359	22492.180466	-32254.930705	-11005.082548	-19131.685094	0.002000	0.860000	0.452000	192.000000	0.000000	0.000000	0.000000	0.000000	0.000000	0.000000	0.000000	0.000000	0.000000	1790355210.526947	0.000000
122.000000	11854.247672	44843.433183	-3371.783003	-32166.596611	22503.289283	-32229.293255	-11000.500441	-19122.498527	0.002000	0.860000	0.452000	192.000000	0.000000	0.000000	0.000000	0.000000	0.000000	0.000000	0.000000	0.000000	0.000000	1790355210.526966	0.000000
123.000000	11867.725774	44848.596436	-3372.162982	-32180.499396	22527.339760	-32239.172726	-10987.022339	-19131.729797	0.002000	0.860000	0.452000	192.000000	0.000000	0.000000	0.000000	0.000000	0.000000	0.000000	0.000000	0.000000	0.000000	1790355210.526976	0.000000
124.000000	11861.333175	44837.331156	-3370.128974	-32179.962955	22533.128862	-32245.386511	-10976.204094	-19134.635524	0.004000	0.858000	0.454000	192.000000	0.000000	32.000000	26.000000	208.000000	14.000000	48.000000	0.000000	0.000000	0.000000	1790355210.526989	0.000000
125.000000	11849.799675	44825.484732	-3368.318482	-32174.643239	22511.671187	-32238.166897	-10989.726900	-19131.685094	0.004000	0.858000	0.454000	192.000000	0.000000	0.000000	0.000000	0.000000	0.000000	0.000000	0.000000	0.000000	0.000000	1790355210.527000	0.000000
126.000000	11847.899776	44821.148493	-3371.090099	-32182.332239	22501.881123	-32257.299990	-11003.272057	-19140.782254	0.004000	0.858000	0.454000	192.000000	0.000000	0.000000	0.000000	0.000000	0.000000	0.000000	0.000000	0.000000	0.000000	1790355210.527010	0.000000
127.000000	11843.943518	44810.106732	-3371.738299	-32186.646126	22534.447614	-32268.453511	-10990.688025	-19139.798777	0.004000	0.858000	0.454000	192.000000	0.000000	0.000000	0.000000	0.000000	0.000000	0.000000	0.000000	0.000000	0.000000	1790355210.527020	0.000000
128.000000	11839.137893	44807.379819	-3378.667340	-32194.491588	22541.533117	-32258.954019	-10981.367347	-19146.146673	0.004000	0.858000	0.454000	192.000000	0.000000	0.000000	0.000000	0.000000	0.000000	0.000000	0.000000	0.000000	0.000000	1790355210.527031	0.000000
129.000000	11824.028113	44797.008609	-3383.785890	-32202.337051	22513.749899	-32275.337848	-11002.422691	-19167.269071	0.004000	0.858000	0.454000	192.000000	0.000000	0.000000	0.000000	0.000000	0.000000	0.000000	0.000000	0.000000	0.000000	1790355210.527043	0.000000
130.000000	11841.797750	44807.625688	-3358.394308	-32171.223422	22525.819841	-32239.060967	-10980.115650	-19123.683169	0.004000	0.858000	0.454000	192.000000	0.000000	0.000000	0.000000	0.000000	0.000000	0.000000	0.000000	0.000000	0.000000	1790355210.527054	0.000000
131.000000	11839.048486	44792.202984	-3357.187314	-32170.686981	22560.353286	-32231.461374	-10944.486969	-19110.070957	0.004000	0.858000	0.454000	192.000000	0.000000	0.000000	0.000000	0.000000	0.000000	0.000000	0.000000	0.000000	0.000000	1790355210.527066	0.000000
132.000000	11837.997954	44787.933801	-3371.917113	-32190.468274	22567.505845	-32254.058987	-10953.114742	-19137.653010	0.004000	0.858000	0.454000	192.000000	0.000000	0.000000	0.000000	0.000000	0.000000	0.000000	0.000000	0.000000	0.000000	1790355210.527180	0.000000
133.000000	11849.576157	44799.199080	-3370.620712	-32192.122304	22534.492318	-32252.024979	-10990.598618	-19148.024219	0.004000	0.858000	0.454000	192.000000	0.000000	0.000000	0.000000	0.000000	0.000000	0.000000	0.000000	0.000000	0.000000	1790355210.991403	0.000000
134.000000	11852.303070	44795.533394	-3370.508953	-32190.736495	22520.120146	-32257.858784	-11011.050464	-19154.349763	-0.004000	0.860000	0.450000	192.000000	255.000000	224.000000	26.000000	224.000000	14.000000	16.000000	0.000000	0.000000	0.000000	1790355210.991536	0.000000
135.000000	11860.819085	44793.857013	-3363.915189	-32187.204920	22538.247411	-32263.983162	-10988.899885	-19153.902728	-0.004000	0.860000	0.450000	192.000000	0.000000	0.000000	0.000000	0.000000	0.000000	0.000000	0.000000	0.000000	0.000000	1790355210.991560	0.000000
136.000000	11862.920149	44793.767606	-3361.098869	-32188.166045	22563.482531	-32256.070644	-10965.005870	-19141.899841	-0.004000	0.860000	0.450000	192.000000	0.000000	0.000000	0.000000	0.000000	0.000000	0.000000	0.000000	0.000000	0.000000	1790355210.991574	0.000000
137.000000	11862.607224	44793.074702	-3368.966683	-32191.697620	22544.438844	-32257.121176	-10979.266283	-19134.456710	-0.004000	0.860000	0.450000	192.000000	0.000000	0.000000	0.000000	0.000000	0.000000	0.000000	0.000000	0.000000	0.000000	1790355210.991639	0.000000
138.000000	11856.661660	44794.460511	-3379.919038	-32199.118400	22513.794603	-32260.295124	-11003.406167	-19134.300248	-0.004000	0.860000	0.450000	192.000000	0.000000	0.000000	0.000000	0.000000	0.000000	0.000000	0.000000	0.000000	0.000000	1790355210.991656	0.000000
139.000000	11864.328309	44793.879365	-3365.815087	-32186.422609	22532.279495	-32247.800499	-10989.682196	-19127.214745	-0.004000	0.860000	0.450000	192.000000	0.000000	0.000000	0.000000	0.000000	0.000000	0.000000	0.000000	0.000000	0.000000	1790355210.991692	0.000000
140.000000	11857.801599	44781.630609	-3376.163945	-32202.873493	22550.630277	-32283.093903	-10981.322644	-19144.514995	-0.004000	0.860000	0.450000	192.000000	0.000000	0.000000	0.000000	0.000000	0.000000	0.000000	0.000000	0.000000	0.000000	1790355210.991710	0.000000
141.000000	11857.622785	44794.214641	-3381.260142	-32212.395336	22554.720647	-32293.643927	-10993.079661	-19157.546062	-0.004000	0.860000	0.450000	192.000000	0.000000	0.000000	0.000000	0.000000	0.000000	0.000000	0.000000	0.000000	0.000000	1790355210.991725	0.000000
142.000000	11859.343870	44797.477996	-3374.018177	-32204.527522	22537.420396	-32272.521528	-11006.378949	-19151.846367	-0.004000	0.860000	0.450000	192.000000	0.000000	0.000000	0.000000	0.000000	0.000000	0.000000	0.000000	0.000000	0.000000	1790355210.991740	0.000000
143.000000	11862.316652	44790.616011	-3358.215494	-32194.871568	22533.575896	-32271.269831	-10993.280827	-19144.470292	-0.010000	0.862000	0.448000	192.000000	255.000000	176.000000	26.000000	240.000000	14.000000	0.000000	0.000000	0.000000	0.000000	1790355210.991759	0.000000
144.000000	11872.956082	44796.427464	-3354.348642	-32191.854083	22549.199766	-32264.541956	-10978.752193	-19140.826957	-0.010000	0.862000	0.448000	192.000000	0.000000	0.000000	0.000000	0.000000	0.000000	0.000000	0.000000	0.000000	0.000000	1790355210.991778	0.000000
145.000000	11881.427393	44809.570290	-3349.341851	-32192.815208	22568.936356	-32265.547784	-10970.549103	-19139.619963	-0.010000	0.862000	0.448000	192.000000	0.000000	0.000000	0.000000	0.000000	0.000000	0.000000	0.000000	0.000000	0.000000	1790355210.991794	0.000000
146.000000	11882.723794	44819.226243	-3343.128066	-32186.087332	22554.720647	-32258.752854	-10985.211847	-19145.096141	-0.010000	0.862000	0.448000	192.000000	0.000000	0.000000	0.000000	0.000000	0.000000	0.000000	0.000000	0.000000	0.000000	1790355210.991807	0.000000
147.000000	11874.252483	44807.424522	-3344.826799	-32181.259356	22540.035551	-32251.823813	-10987.201153	-19146.079617	-0.010000	0.862000	0.448000	192.000000	0.000000	0.000000	0.000000	0.000000	0.000000	0.000000	0.000000	0.000000	0.000000	1790355210.992563	0.000000
148.000000	11871.525570	44788.805519	-3343.195122	-32189.149521	22549.400932	-32266.441854	-10971.532580	-19147.308963	-0.010000	0.862000	0.448000	192.000000	0.000000	0.000000	0.000000	0.000000	0.000000	0.000000	0.000000	0.000000	0.000000	1790355210.992598	0.000000
149.000000	11878.946349	44792.515909	-3347.039622	-32195.743286	22553.312487	-32273.393246	-10974.773583	-19153.433341	-0.010000	0.862000	0.448000	192.000000	0.000000	0.000000	0.000000	0.000000	0.000000	0.000000	0.000000	0.000000	0.000000	1790355210.992613	0.000000
150.000000	11881.852076	44800.517833	-3347.643119	-32194.268071	22534.537021	-32274.823758	-10994.733691	-19163.692792	-0.010000	0.862000	0.448000	192.000000	0.000000	0.000000	0.000000	0.000000	0.000000	0.000000	0.000000	0.000000	0.000000	1790355210.992693	0.000000
151.000000	11871.480867	44782.658789	-3355.577988	-32202.739382	22513.526382	-32298.069572	-11013.352694	-19174.533388	-0.010000	0.862000	0.448000	192.000000	0.000000	0.000000	0.000000	0.000000	0.000000	0.000000	0.000000	0.000000	0.000000	1790355210.992710	0.000000
152.000000	11866.384669	44762.631626	-3358.506067	-32205.645109	22521.036568	-32286.983107	-10997.907638	-19165.659745	-0.010000	0.862000	0.448000	192.000000	0.000000	0.000000	0.000000	0.000000	0.000000	0.000000	0.000000	0.000000	0.000000	1790355210.992725	0.000000
153.000000	11874.096021	44765.269132	-3349.185389	-32202.940548	22539.275591	-32274.108502	-10982.730804	-19153.567452	-0.008000	0.878000	0.444000	192.000000	255.000000	192.000000	27.000000	112.000000	13.000000	224.000000	0.000000	0.000000	0.000000	1790355210.992741	0.000000
154.000000	11883.036719	44784.022246	-3331.773380	-32187.115513	22555.659420	-32263.469072	-10971.152600	-19139.977591	-0.008000	0.878000	0.444000	192.000000	0.000000	0.000000	0.000000	0.000000	0.000000	0.000000	0.000000	0.000000	0.000000	1790355210.992790	0.000000
155.000000	11879.572198	44786.413883	-3333.785037	-32186.377905	22546.964591	-32262.642057	-10977.187571	-19140.849309	-0.008000	0.878000	0.444000	192.000000	0.000000	0.000000	0.000000	0.000000	0.000000	0.000000	0.000000	0.000000	0.000000	1790355210.992818	0.000000
156.000000	11877.761707	44775.372121	-3342.166941	-32193.575167	22553.066618	-32271.582755	-10977.478144	-19150.728780	-0.008000	0.878000	0.444000	192.000000	0.000000	0.000000	0.000000	0.000000	0.000000	0.000000	0.000000	0.000000	0.000000	1790355210.992850	0.000000
157.000000	11885.406004	44783.284638	-3346.302014	-32203.521693	22555.100626	-32286.692534	-10981.970845	-19165.547987	-0.008000	0.878000	0.444000	192.000000	0.000000	0.000000	0.000000	0.000000	0.000000	0.000000	0.000000	0.000000	0.000000	1790355210.992896	0.000000
158.000000	11884.757803	44801.344848	-3351.331157	-32205.645109	22538.627391	-32286.290203	-10993.437289	-19152.785141	-0.008000	0.878000	0.444000	192.000000	0.000000	0.000000	0.000000	0.000000	0.000000	0.000000	0.000000	0.000000	0.000000	1790355210.992945	0.000000
159.000000	11882.857905	44804.317630	-3346.190255	-32197.464370	22535.453443	-32276.276621	-10990.576266	-19133.674399	-0.008000	0.878000	0.444000	192.000000	0.000000	0.000000	0.000000	0.000000	0.000000	0.000000	0.000000	0.000000	0.000000	1790355210.992982	0.000000
160.000000	11888.736414	44793.789958	-3338.434200	-32189.328335	22563.840158	-32256.271810	-10970.258530	-19128.555850	-0.008000	0.878000	0.444000	192.000000	0.000000	0.000000	0.000000	0.000000	0.000000	0.000000	0.000000	0.000000	0.000000	1790355210.993017	0.000000
161.000000	11895.665454	44799.780226	-3342.613976	-32197.486722	22573.093781	-32269.705209	-10944.531673	-19133.406178	-0.008000	0.878000	0.444000	192.000000	0.000000	0.000000	0.000000	0.000000	0.000000	0.000000	0.000000	0.000000	0.000000	1790355210.993033	0.000000
162.000000	11904.114414	44811.470188	-3338.143627	-32198.850179	22577.474723	-32275.963697	-10945.582205	-19135.440187	-0.008000	0.878000	0.444000	192.000000	0.000000	0.000000	0.000000	0.000000	0.000000	0.000000	0.000000	0.000000	0.000000	1790355210.993486	0.000000
163.000000	11898.504126	44809.078551	-3336.243729	-32187.540196	22558.811016	-32258.641095	-10964.089449	-19132.936792	-0.008000	0.878000	0.444000	192.000000	0.000000	0.000000	27.000000	144.000000	13.000000	176.000000	0.000000	0.000000	0.000000	1790355210.993516	0.000000
164.000000	11887.574123	44788.850223	-3337.428372	-32196.167969	22558.431036	-32264.765473	-10961.943681	-19133.652047	-0.008000	0.878000	0.444000	192.000000	0.000000	0.000000	0.000000	0.000000	0.000000	0.000000	0.000000	0.000000	0.000000	1790355210.993533	0.000000
165.000000	11891.686844	44781.720016	-3338.322441	-32206.047440	22573.451409	-32269.593450	-10953.047687	-19141.072827	-0.008000	0.878000	0.444000	192.000000	0.000000	0.000000	0.000000	0.000000	0.000000	0.000000	0.000000	0.000000	0.000000	1790355210.993547	0.000000
166.000000	11892.290341	44785.206888	-3345.162075	-32205.153371	22561.247356	-32273.102674	-10962.100144	-19149.521786	-0.008000	0.878000	0.444000	192.000000	0.000000	0.000000	0.000000	0.000000	0.000000	0.000000	0.000000	0.000000	0.000000	1790355210.993561	0.000000
167.000000	11888.557600	44783.575211	-3337.763648	-32197.799647	22547.970420	-32252.896697	-10968.693908	-19143.643277	-0.008000	0.878000	0.444000	192.000000	0.000000	0.000000	0.000000	0.000000	0.000000	0.000000	0.000000	0.000000	0.000000	1790355210.993576	0.000000
168.000000	11886.747108	44776.914391	-3327.593604	-32194.715106	22551.926679	-32249.186307	-10971.957263	-19139.485853	-0.008000	0.878000	0.444000	192.000000	0.000000	0.000000	0.000000	0.000000	0.000000	0.000000	0.000000	0.000000	0.000000	1790355210.993590	0.000000
169.000000	11885.473059	44769.672426	-3329.672316	-32201.800609	22565.002449	-32266.732426	-10961.273129	-19143.598574	-0.008000	0.878000	0.444000	192.000000	0.000000	0.000000	0.000000	0.000000	0.000000	0.000000	0.000000	0.000000	0.000000	1790355210.993607	0.000000
170.000000	11895.106661	44778.233144	-3328.241805	-32203.812266	22567.394086	-32278.109464	-10965.184684	-19144.738513	-0.008000	0.878000	0.444000	192.000000	0.000000	0.000000	0.000000	0.000000	0.000000	0.000000	0.000000	0.000000	0.000000	1790355210.993624	0.000000
171.000000	11903.734434	44800.696647	-3317.758836	-32193.105780	22565.740057	-32260.473938	-10975.332376	-19139.776425	-0.008000	0.878000	0.444000	192.000000	0.000000	0.000000	0.000000	0.000000	0.000000	0.000000	0.000000	0.000000	0.000000	1790355210.993642	0.000000
172.000000	11902.259219	44799.310839	-3323.682049	-32198.939586	22560.241528	-32260.250421	-10978.439269	-19148.940641	-0.008000	0.878000	0.444000	192.000000	0.000000	0.000000	0.000000	0.000000	0.000000	0.000000	0.000000	0.000000	0.000000	1790355210.993657	0.000000
173.000000	11901.655722	44783.932839	-3329.560558	-32208.372022	22576.401839	-32274.734351	-10961.876626	-19163.424571	0.006000	0.880000	0.448000	192.000000	0.000000	48.000000	27.000000	128.000000	14.000000	0.000000	0.000000	0.000000	0.000000	1790355210.993676	0.000000
174.000000	11911.870469	44788.559650	-3323.547938	-32201.510036	22588.069449	-32270.532223	-10937.066190	-19149.879414	0.006000	0.880000	0.448000	192.000000	0.000000	0.000000	0.000000	0.000000	0.000000	0.000000	0.000000	0.000000	0.000000	1790355210.993694	0.000000
175.000000	11920.006504	44807.446874	-3320.843377	-32198.537254	22571.931490	-32266.620668	-10948.197359	-19155.981440	0.006000	0.880000	0.448000	192.000000	0.000000	0.000000	0.000000	0.000000	0.000000	0.000000	0.000000	0.000000	0.000000	1790355210.993760	0.000000
176.000000	11907.198954	44797.299182	-3327.146569	-32207.723821	22549.512690	-32277.394209	-10969.207998	-19155.713219	0.006000	0.880000	0.448000	192.000000	0.000000	0.000000	0.000000	0.000000	0.000000	0.000000	0.000000	0.000000	0.000000	1790355210.993789	0.000000
177.000000	11912.652780	44792.426502	-3317.244746	-32202.359402	22572.445580	-32267.067703	-10950.186664	-19145.632582	0.006000	0.880000	0.448000	192.000000	0.000000	0.000000	0.000000	0.000000	0.000000	0.000000	0.000000	0.000000	0.000000	1790355210.993834	0.000000
178.000000	11908.070673	44790.012513	-3327.101866	-32217.268016	22579.933414	-32283.540938	-10961.049612	-19168.453713	0.006000	0.880000	0.448000	192.000000	0.000000	0.000000	0.000000	0.000000	0.000000	0.000000	0.000000	0.000000	0.000000	1790355210.994152	0.000000
179.000000	11906.997789	44796.762740	-3324.866691	-32208.059097	22558.252222	-32260.831566	-10981.568513	-19152.718085	0.006000	0.880000	0.448000	192.000000	0.000000	0.000000	0.000000	0.000000	0.000000	0.000000	0.000000	0.000000	0.000000	1790355210.994172	0.000000
180.000000	11916.810205	44800.853109	-3302.626705	-32188.054286	22561.157949	-32237.742214	-10966.235216	-19125.583068	0.006000	0.880000	0.448000	192.000000	0.000000	0.000000	0.000000	0.000000	0.000000	0.000000	0.000000	0.000000	0.000000	1790355210.994204	0.000000
181.000000	11916.899612	44790.168976	-3300.324476	-32198.201978	22586.616586	-32253.723711	-10942.832940	-19136.468367	0.006000	0.880000	0.448000	192.000000	0.000000	0.000000	0.000000	0.000000	0.000000	0.000000	0.000000	0.000000	0.000000	1790355210.994220	0.000000
182.000000	11919.045379	44784.022246	-3306.314743	-32205.712164	22593.411516	-32263.402017	-10950.141960	-19154.439170	0.006000	0.880000	0.448000	192.000000	0.000000	0.000000	0.000000	0.000000	0.000000	0.000000	0.000000	0.000000	0.000000	1790355210.994235	0.000000
183.000000	11918.330123	44789.051388	-3308.371104	-32214.854028	22577.273557	-32276.611898	-10957.987423	-19159.155388	0.004000	0.874000	0.450000	192.000000	0.000000	32.000000	27.000000	80.000000	14.000000	16.000000	0.000000	0.000000	0.000000	1790355210.994249	0.000000
184.000000	11924.454501	44800.629592	-3296.234107	-32200.504208	22563.236661	-32267.805310	-10965.095277	-19143.062132	0.004000	0.874000	0.450000	192.000000	0.000000	0.000000	0.000000	0.000000	0.000000	0.000000	0.000000	0.000000	0.000000	1790355210.994270	0.000000
185.000000	11935.809187	44810.374953	-3286.376987	-32188.568376	22583.397935	-32235.663502	-10947.593862	-19121.045663	0.004000	0.874000	0.450000	192.000000	0.000000	0.000000	0.000000	0.000000	0.000000	0.000000	0.000000	0.000000	0.000000	1790355210.994283	0.000000
186.000000	11940.570109	44816.767552	-3289.997970	-32196.503245	22602.709842	-32246.615856	-10947.817379	-19136.714236	0.004000	0.874000	0.450000	192.000000	0.000000	0.000000	0.000000	0.000000	0.000000	0.000000	0.000000	0.000000	0.000000	1790355210.994298	0.000000
187.000000	11943.542891	44832.592587	-3285.125290	-32194.558644	22600.832296	-32248.873383	-10951.885396	-19136.513071	0.004000	0.874000	0.450000	192.000000	0.000000	0.000000	0.000000	0.000000	0.000000	0.000000	0.000000	0.000000	0.000000	1790355210.994316	0.000000
188.000000	11938.871376	44832.927863	-3287.718092	-32197.821998	22586.415420	-32247.398168	-10959.105010	-19137.809472	0.004000	0.874000	0.450000	192.000000	0.000000	0.000000	0.000000	0.000000	0.000000	0.000000	0.000000	0.000000	0.000000	1790355210.994349	0.000000
189.000000	11932.791702	44817.058124	-3289.506231	-32203.208769	22588.248263	-32255.333037	-10959.708507	-19138.502376	0.004000	0.874000	0.450000	192.000000	0.000000	0.000000	0.000000	0.000000	0.000000	0.000000	0.000000	0.000000	0.000000	1790355210.994367	0.000000
190.000000	11938.290231	44823.137799	-3287.315761	-32201.442981	22611.985816	-32259.579868	-10941.603594	-19141.765731	0.004000	0.874000	0.450000	192.000000	0.000000	0.000000	0.000000	0.000000	0.000000	0.000000	0.000000	0.000000	0.000000	1790355210.994380	0.000000
191.000000	11947.923833	44836.928825	-3282.398377	-32198.134923	22595.311415	-32247.197002	-10952.466542	-19138.927059	0.004000	0.874000	0.450000	192.000000	0.000000	0.000000	0.000000	0.000000	0.000000	0.000000	0.000000	0.000000	0.000000	1790355210.994397	0.000000
192.000000	11957.982118	44842.226188	-3274.999949	-32196.793818	22579.665194	-32255.377740	-10966.391679	-19143.732684	0.004000	0.874000	0.450000	192.000000	0.000000	0.000000	0.000000	0.000000	0.000000	0.000000	0.000000	0.000000	0.000000	1790355210.994413	0.000000
193.000000	11957.490380	44832.279662	-3268.584999	-32194.156312	22595.847857	-32260.496290	-10959.507341	-19144.090312	0.002000	0.878000	0.444000	192.000000	0.000000	16.000000	27.000000	112.000000	13.000000	224.000000	0.000000	0.000000	0.000000	1790355210.994634	0.000000
194.000000	11948.817903	44824.098924	-3271.311912	-32202.158237	22605.101479	-32265.726598	-10950.387830	-19154.260356	0.002000	0.878000	0.444000	192.000000	0.000000	0.000000	0.000000	0.000000	0.000000	0.000000	0.000000	0.000000	0.000000	1790355210.994701	0.000000
195.000000	11959.926720	44842.740279	-3266.796859	-32198.783123	22601.614607	-32253.276676	-10947.638565	-19143.173890	0.002000	0.878000	0.444000	192.000000	0.000000	0.000000	0.000000	0.000000	0.000000	0.000000	0.000000	0.000000	0.000000	1790355210.994721	0.000000
196.000000	11963.123019	44857.112450	-3269.322606	-32195.139789	22584.940205	-32255.645961	-10965.676423	-19141.743379	0.002000	0.878000	0.444000	192.000000	0.000000	0.000000	0.000000	0.000000	0.000000	0.000000	0.000000	0.000000	0.000000	1790355210.994737	0.000000
197.000000	11958.540912	44851.435107	-3270.686063	-32196.525597	22575.217196	-32246.593505	-10976.874647	-19151.421684	0.002000	0.878000	0.444000	192.000000	0.000000	0.000000	0.000000	0.000000	0.000000	0.000000	0.000000	0.000000	0.000000	1790355210.994764	0.000000
198.000000	11970.521447	44848.574084	-3258.705528	-32192.792856	22594.886731	-32243.017226	-10949.426705	-19144.917327	0.002000	0.878000	0.444000	192.000000	0.000000	0.000000	0.000000	0.000000	0.000000	0.000000	0.000000	0.000000	0.000000	1790355210.994790	0.000000
199.000000	11978.702185	44857.671244	-3260.091336	-32192.904615	22593.210351	-32247.509926	-10950.946623	-19152.271050	0.002000	0.878000	0.444000	192.000000	0.000000	0.000000	0.000000	0.000000	0.000000	0.000000	0.000000	0.000000	0.000000	1790355210.994818	0.000000
200.000000	11979.037461	44862.298055	-3262.773545	-32194.133961	22566.611775	-32252.203793	-10973.231312	-19161.345859	0.002000	0.878000	0.444000	192.000000	0.000000	0.000000	0.000000	0.000000	0.000000	0.000000	0.000000	0.000000	0.000000	1790355210.994875	0.000000
201.000000	11972.957787	44848.864657	-3261.767717	-32190.870606	22567.394086	-32248.113423	-10970.213827	-19140.782254	0.002000	0.878000	0.444000	192.000000	0.000000	0.000000	0.000000	0.000000	0.000000	0.000000	0.000000	0.000000	0.000000	1790355210.994910	0.000000
202.000000	11982.680796	44842.047374	-3250.703603	-32178.800664	22605.950845	-32226.588693	-10933.892242	-19115.368320	0.002000	0.878000	0.444000	192.000000	0.000000	0.000000	0.000000	0.000000	0.000000	0.000000	0.000000	0.000000	0.000000	1790355210.994947	0.000000
203.000000	11985.877095	44840.058069	-3253.922254	-32189.171873	22619.674816	-32238.189249	-10931.210033	-19129.204050	-0.008000	0.882000	0.450000	192.000000	255.000000	192.000000	27.000000	144.000000	14.000000	16.000000	0.000000	0.000000	0.000000	1790355210.994987	0.000000
204.000000	11980.825601	44839.231055	-3264.137002	-32205.019260	22596.987795	-32258.216412	-10955.506379	-19162.374039	-0.008000	0.882000	0.450000	192.000000	0.000000	0.000000	0.000000	0.000000	0.000000	0.000000	0.000000	0.000000	0.000000	1790355210.995022	0.000000
205.000000	11970.230874	44823.495427	-3270.730766	-32212.305929	22575.597176	-32260.183365	-10965.631719	-19156.540234	-0.008000	0.882000	0.450000	192.000000	0.000000	0.000000	0.000000	0.000000	0.000000	0.000000	0.000000	0.000000	0.000000	1790355210.995042	0.000000
206.000000	11982.971368	44811.917223	-3253.452868	-32201.197112	22598.552418	-32247.644037	-10938.094370	-19133.294419	-0.008000	0.882000	0.450000	192.000000	0.000000	0.000000	0.000000	0.000000	0.000000	0.000000	0.000000	0.000000	0.000000	1790355210.995074	0.000000
207.000000	11987.486421	44816.409924	-3258.236141	-32206.293309	22596.116077	-32249.834508	-10947.124475	-19145.498472	-0.008000	0.882000	0.450000	192.000000	0.000000	0.000000	0.000000	0.000000	0.000000	0.000000	0.000000	0.000000	0.000000	1790355210.995100	0.000000
208.000000	11990.213333	44835.855941	-3257.699699	-32201.174760	22575.641880	-32258.037598	-10970.906731	-19160.228272	-0.008000	0.882000	0.450000	192.000000	0.000000	0.000000	0.000000	0.000000	0.000000	0.000000	0.000000	0.000000	0.000000	1790355210.995116	0.000000
209.000000	11997.477650	44849.043471	-3242.031126	-32184.701524	22575.016031	-32242.592542	-10970.280882	-19138.837652	-0.008000	0.882000	0.450000	192.000000	0.000000	0.000000	0.000000	0.000000	0.000000	0.000000	0.000000	0.000000	0.000000	1790355210.995346	0.000000
210.000000	11988.827525	44831.676165	-3242.433458	-32192.837559	22592.562150	-32238.792746	-10945.962184	-19122.967914	-0.008000	0.882000	0.450000	192.000000	0.000000	0.000000	0.000000	0.000000	0.000000	0.000000	0.000000	0.000000	0.000000	1790355210.995358	0.000000
211.000000	11981.674967	44821.707287	-3255.419821	-32208.126153	22595.758450	-32253.231973	-10942.743533	-19138.211803	-0.008000	0.882000	0.450000	192.000000	0.000000	0.000000	0.000000	0.000000	0.000000	0.000000	0.000000	0.000000	0.000000	1790355210.995369	0.000000
212.000000	11996.494174	44837.733488	-3246.479123	-32200.124228	22601.055813	-32252.114386	-10952.712411	-19144.693809	-0.008000	0.882000	0.450000	192.000000	0.000000	0.000000	0.000000	0.000000	0.000000	0.000000	0.000000	0.000000	0.000000	1790355210.995381	0.000000
213.000000	12006.619514	44848.283511	-3236.398487	-32193.016373	22583.219121	-32246.057063	-10970.012661	-19140.089350	-0.006000	0.876000	0.454000	192.000000	255.000000	208.000000	27.000000	96.000000	14.000000	48.000000	0.000000	0.000000	0.000000	1790355210.995392	0.000000
214.000000	11992.694377	44838.471095	-3242.053478	-32200.191283	22583.956728	-32253.611952	-10958.993251	-19144.425588	-0.006000	0.876000	0.454000	192.000000	0.000000	0.000000	0.000000	0.000000	0.000000	0.000000	0.000000	0.000000	0.000000	1790355210.995405	0.000000
215.000000	11990.503906	44846.920055	-3241.919368	-32195.698583	22609.303607	-32241.921990	-10927.253774	-19132.914440	-0.006000	0.876000	0.454000	192.000000	0.000000	0.000000	0.000000	0.000000	0.000000	0.000000	0.000000	0.000000	0.000000	1790355210.995416	0.000000
216.000000	11971.951958	44837.666433	-3260.650129	-32213.244702	22589.477609	-32244.783013	-10958.188588	-19153.187472	-0.006000	0.876000	0.454000	192.000000	0.000000	0.000000	0.000000	0.000000	0.000000	0.000000	0.000000	0.000000	0.000000	1790355210.995427	0.000000
217.000000	11971.326109	44831.564406	-3257.297368	-32214.272882	22569.808074	-32249.298066	-10986.977635	-19164.542158	-0.006000	0.876000	0.454000	192.000000	0.000000	0.000000	0.000000	0.000000	0.000000	0.000000	0.000000	0.000000	0.000000	1790355210.995456	0.000000
218.000000	11980.289159	44828.099886	-3241.651147	-32200.191283	22585.878978	-32236.602275	-10977.925179	-19144.850271	-0.006000	0.876000	0.454000	192.000000	0.000000	0.000000	0.000000	0.000000	0.000000	0.000000	0.000000	0.000000	0.000000	1790355210.995486	0.000000
219.000000	11987.419365	44824.545959	-3237.449019	-32196.503245	22608.476592	-32235.171763	-10956.065173	-19144.604402	-0.006000	0.876000	0.454000	192.000000	0.000000	0.000000	0.000000	0.000000	0.000000	0.000000	0.000000	0.000000	0.000000	1790355210.995498	0.000000
220.000000	11974.231836	44812.632479	-3257.789106	-32214.831676	22587.577711	-32257.679970	-10973.097202	-19168.051382	-0.006000	0.876000	0.454000	192.000000	0.000000	0.000000	0.000000	0.000000	0.000000	0.000000	0.000000	0.000000	0.000000	1790355210.995510	0.000000
221.000000	11979.797420	44825.596491	-3256.291539	-32211.702432	22562.946089	-32258.328171	-10989.145754	-19169.347783	-0.006000	0.876000	0.454000	192.000000	0.000000	0.000000	0.000000	0.000000	0.000000	0.000000	0.000000	0.000000	0.000000	1790355210.995521	0.000000
222.000000	11997.991740	44834.201912	-3237.471370	-32200.280690	22566.455313	-32250.616819	-10978.640435	-19163.424571	-0.006000	0.876000	0.454000	192.000000	0.000000	0.000000	0.000000	0.000000	0.000000	0.000000	0.000000	0.000000	0.000000	1790355210.995533	0.000000
223.000000	12015.113177	44845.981282	-3210.783388	-32180.678210	22598.105383	-32241.944342	-10930.047742	-19128.242925	-0.002000	0.876000	0.456000	192.000000	255.000000	240.000000	27.000000	96.000000	14.000000	64.000000	0.000000	0.000000	0.000000	1790355210.995544	0.000000
224.000000	11998.081147	44829.016307	-3220.484045	-32194.133961	22608.320130	-32251.823813	-10922.626963	-19131.595687	-0.002000	0.876000	0.456000	192.000000	0.000000	0.000000	0.000000	0.000000	0.000000	0.000000	0.000000	0.000000	0.000000	1790355210.995589	0.000000
225.000000	11987.151144	44819.159188	-3234.051553	-32203.074658	22559.302754	-32241.117327	-10964.961167	-19151.198167	-0.002000	0.876000	0.456000	192.000000	0.000000	0.000000	0.000000	0.000000	0.000000	0.000000	0.000000	0.000000	0.000000	1790355210.995601	0.000000
226.000000	11995.421290	44832.033793	-3217.779484	-32188.613080	22571.305641	-32217.335071	-10955.126399	-19135.954277	-0.002000	0.876000	0.456000	192.000000	0.000000	0.000000	0.000000	0.000000	0.000000	0.000000	0.000000	0.000000	0.000000	1790355210.995616	0.000000
227.000000	11991.017996	44827.272871	-3216.907765	-32197.173798	22605.593217	-32229.136792	-10932.662896	-19140.737550	-0.002000	0.876000	0.456000	192.000000	0.000000	0.000000	0.000000	0.000000	0.000000	0.000000	0.000000	0.000000	0.000000	1790355210.995629	0.000000
228.000000	11993.923723	44828.010479	-3222.428646	-32207.723821	22612.231685	-32247.554630	-10939.591937	-19164.743324	-0.002000	0.876000	0.456000	192.000000	0.000000	0.000000	0.000000	0.000000	0.000000	0.000000	0.000000	0.000000	0.000000	1790355210.995642	0.000000
229.000000	11995.130717	44843.232017	-3220.685210	-32200.951243	22596.071374	-32233.383624	-10946.968013	-19140.916364	-0.002000	0.876000	0.456000	192.000000	0.000000	0.000000	0.000000	0.000000	0.000000	0.000000	0.000000	0.000000	0.000000	1790355210.995662	0.000000
230.000000	11985.832391	44846.048337	-3227.502492	-32207.142676	22580.603967	-32240.402072	-10952.511245	-19140.737550	-0.002000	0.876000	0.456000	192.000000	0.000000	0.000000	0.000000	0.000000	0.000000	0.000000	0.000000	0.000000	0.000000	1790355210.995674	0.000000
231.000000	11995.868325	44851.077479	-3210.291649	-32194.066905	22620.032444	-32228.130964	-10924.549213	-19136.043684	-0.002000	0.876000	0.456000	192.000000	0.000000	0.000000	0.000000	0.000000	0.000000	0.000000	0.000000	0.000000	0.000000	1790355210.995689	0.000000
232.000000	11988.089918	44844.439011	-3227.524844	-32211.858894	22621.664121	-32246.012359	-10928.818396	-19150.415856	-0.002000	0.876000	0.456000	192.000000	0.000000	0.000000	0.000000	0.000000	0.000000	0.000000	0.000000	0.000000	0.000000	1790355210.995707	0.000000
233.000000	11977.718708	44849.490505	-3235.102085	-32220.285502	22596.965444	-32262.999685	-10955.014641	-19162.396391	0.004000	0.866000	0.452000	192.000000	0.000000	32.000000	27.000000	16.000000	14.000000	32.000000	0.000000	0.000000	0.000000	1790355210.995720	0.000000
234.000000	11989.654540	44873.049244	-3211.632754	-32194.715106	22598.932397	-32243.978351	-10947.035068	-19141.341047	0.004000	0.866000	0.452000	192.000000	0.000000	0.000000	0.000000	0.000000	0.000000	0.000000	0.000000	0.000000	0.000000	1790355210.995734	0.000000
235.000000	11972.801324	44845.824819	-3222.428646	-32207.455600	22596.607816	-32243.643074	-10952.041859	-19149.208861	0.004000	0.866000	0.452000	192.000000	0.000000	0.000000	0.000000	0.000000	0.000000	0.000000	0.000000	0.000000	0.000000	1790355210.995751	0.000000
236.000000	11964.531179	44825.954118	-3227.100161	-32218.385603	22612.522258	-32241.989045	-10954.724068	-19159.714181	0.004000	0.866000	0.452000	192.000000	0.000000	0.000000	0.000000	0.000000	0.000000	0.000000	0.000000	0.000000	0.000000	1790355210.995764	0.000000
237.000000	11987.195848	44851.300997	-3208.078826	-32200.459504	22607.336653	-32230.388490	-10952.421838	-19151.980478	0.004000	0.866000	0.452000	192.000000	0.000000	0.000000	0.000000	0.000000	0.000000	0.000000	0.000000	0.000000	0.000000	1790355210.995777	0.000000
238.000000	11992.448508	44866.120203	-3196.992361	-32189.395391	22599.714708	-32227.572170	-10951.147789	-19141.385751	0.004000	0.866000	0.452000	192.000000	0.000000	0.000000	0.000000	0.000000	0.000000	0.000000	0.000000	0.000000	0.000000	1790355210.995792	0.000000
239.000000	11990.570961	44857.246561	-3197.193527	-32190.445923	22601.368737	-32243.419557	-10947.236234	-19147.599536	0.004000	0.866000	0.452000	192.000000	0.000000	0.000000	0.000000	0.000000	0.000000	0.000000	0.000000	0.000000	0.000000	1790355210.995871	0.000000
240.000000	11967.705127	44828.748087	-3219.679382	-32223.235932	22599.066508	-32269.302877	-10955.953414	-19169.906577	0.004000	0.866000	0.452000	192.000000	0.000000	0.000000	0.000000	0.000000	0.000000	0.000000	0.000000	0.000000	0.000000	1790355210.995886	0.000000
241.000000	11964.464124	44830.379764	-3223.747399	-32227.549818	22592.316281	-32260.250421	-10960.490818	-19167.112609	0.004000	0.866000	0.452000	192.000000	0.000000	0.000000	0.000000	0.000000	0.000000	0.000000	0.000000	0.000000	0.000000	1790355210.995901	0.000000
242.000000	11967.347499	44837.778191	-3217.824187	-32221.738365	22580.603967	-32260.250421	-10969.766792	-19166.777333	0.004000	0.872000	0.452000	192.000000	0.000000	32.000000	27.000000	64.000000	14.000000	32.000000	0.000000	0.000000	0.000000	1790355210.995915	0.000000
243.000000	11982.122002	44856.620712	-3194.198393	-32196.972632	22605.123830	-32227.505115	-10942.430609	-19140.290515	0.004000	0.872000	0.452000	192.000000	0.000000	0.000000	0.000000	0.000000	0.000000	0.000000	0.000000	0.000000	0.000000	1790355210.995930	0.000000
244.000000	11981.384394	44854.921979	-3191.315018	-32207.500304	22624.100461	-32244.604199	-10924.996248	-19146.437245	0.004000	0.872000	0.452000	192.000000	0.000000	0.000000	0.000000	0.000000	0.000000	0.000000	0.000000	0.000000	0.000000	1790355210.995942	0.000000
245.000000	11959.680850	44836.481790	-3215.790178	-32227.750984	22597.300720	-32268.185290	-10948.197359	-19171.582958	0.004000	0.872000	0.452000	192.000000	0.000000	0.000000	0.000000	0.000000	0.000000	0.000000	0.000000	0.000000	0.000000	1790355210.995973	0.000000
246.000000	11972.063717	44848.082345	-3198.959315	-32208.506132	22593.612682	-32253.008455	-10958.300347	-19162.776370	0.004000	0.872000	0.452000	192.000000	0.000000	0.000000	0.000000	0.000000	0.000000	0.000000	0.000000	0.000000	0.000000	1790355210.995988	0.000000
247.000000	11959.524388	44818.801560	-3199.696922	-32213.557626	22586.750697	-32253.299028	-10955.841655	-19162.955184	0.004000	0.872000	0.452000	192.000000	0.000000	0.000000	0.000000	0.000000	0.000000	0.000000	0.000000	0.000000	0.000000	1790355210.996001	0.000000
248.000000	11951.455409	44796.673333	-3197.953486	-32216.195132	22603.134525	-32246.012359	-10931.254736	-19149.655896	0.004000	0.872000	0.452000	192.000000	0.000000	0.000000	0.000000	0.000000	0.000000	0.000000	0.000000	0.000000	0.000000	1790355210.996013	0.000000
249.000000	11957.468028	44800.182557	-3202.826166	-32224.174705	22612.723424	-32259.669275	-10938.988440	-19160.831769	0.004000	0.872000	0.452000	192.000000	0.000000	0.000000	0.000000	0.000000	0.000000	0.000000	0.000000	0.000000	0.000000	1790355210.996026	0.000000
250.000000	11969.157990	44820.366182	-3196.433568	-32218.452658	22598.261845	-32260.496290	-10944.174045	-19161.435266	0.004000	0.872000	0.452000	192.000000	0.000000	0.000000	0.000000	0.000000	0.000000	0.000000	0.000000	0.000000	0.000000	1790355210.996038	0.000000
251.000000	11958.607967	44807.715095	-3189.392768	-32217.782106	22588.203560	-32271.739217	-10949.158484	-19162.776370	0.004000	0.872000	0.452000	192.000000	0.000000	0.000000	0.000000	0.000000	0.000000	0.000000	0.000000	0.000000	0.000000	1790355210.996052	0.000000
252.000000	11951.768333	44791.331266	-3187.716387	-32221.760717	22597.524237	-32271.448645	-10939.033143	-19161.167045	0.004000	0.872000	0.452000	192.000000	0.000000	0.000000	26.000000	240.000000	14.000000	32.000000	0.000000	0.000000	0.000000	1790355210.996066	0.000000
253.000000	11954.294080	44794.885194	-3192.142033	-32221.246627	22604.162705	-32255.958886	-10936.462693	-19160.518844	0.004000	0.872000	0.452000	192.000000	0.000000	0.000000	0.000000	0.000000	0.000000	0.000000	0.000000	0.000000	0.000000	1790355211.470389	0.000000
254.000000	11949.331993	44797.455644	-3192.656123	-32224.062946	22578.100571	-32267.335924	-10954.008812	-19170.286557	0.004000	0.872000	0.452000	192.000000	0.000000	0.000000	0.000000	0.000000	0.000000	0.000000	0.000000	0.000000	0.000000	1790355211.470422	0.000000
255.000000	11947.879129	44808.184482	-3179.803870	-32215.323414	22574.390182	-32269.012304	-10953.628833	-19169.616004	0.004000	0.872000	0.452000	192.000000	0.000000	0.000000	0.000000	0.000000	0.000000	0.000000	0.000000	0.000000	0.000000	1790355211.470531	0.000000
0.000000	11936.993830	44784.983371	-3179.178021	-32217.223313	22583.688508	-32269.057008	-10939.927213	-19167.939623	0.004000	0.872000	0.452000	192.000000	0.000000	0.000000	0.000000	0.000000	0.000000	0.000000	0.000000	0.000000	0.000000	1790355211.470543	0.000000
1.000000	11927.919022	44770.365330	-3185.995303	-32222.923007	22590.259920	-32278.958831	-10931.925289	-19170.957109	0.004000	0.872000	0.452000	192.000000	0.000000	0.000000	0.000000	0.000000	0.000000	0.000000	0.000000	0.000000	0.000000	1790355211.470554	0.000000
2.000000	11932.724647	44787.956153	-3187.604629	-32223.928836	22584.247301	-32285.910223	-10946.789199	-19176.388583	0.004000	0.872000	0.452000	192.000000	0.000000	0.000000	0.000000	0.000000	0.000000	0.000000	0.000000	0.000000	0.000000	1790355211.470566	0.000000
3.000000	11933.395199	44797.768569	-3193.349027	-32232.780127	22556.777007	-32290.291165	-10969.655033	-19181.529484	0.004000	0.872000	0.452000	192.000000	0.000000	0.000000	0.000000	0.000000	0.000000	0.000000	0.000000	0.000000	0.000000	1790355211.470577	0.000000
4.000000	11929.997734	44791.465377	-3184.453033	-32225.314644	22574.211368	-32279.405866	-10943.771713	-19154.528577	0.004000	0.872000	0.452000	192.000000	0.000000	0.000000	0.000000	0.000000	0.000000	0.000000	0.000000	0.000000	0.000000	1790355211.470588	0.000000
5.000000	11909.322370	44776.489708	-3183.603666	-32230.030862	22602.843953	-32285.574947	-10924.303344	-19154.863853	0.004000	0.872000	0.452000	192.000000	0.000000	0.000000	0.000000	0.000000	0.000000	0.000000	0.000000	0.000000	0.000000	1790355211.470599	0.000000
6.000000	11896.000731	44783.396397	-3194.108986	-32241.989045	22569.361039	-32290.335869	-10946.453923	-19167.850216	-0.006000	0.866000	0.446000	192.000000	255.000000	208.000000	27.000000	16.000000	13.000000	240.000000	0.000000	0.000000	0.000000	1790355211.470611	0.000000
7.000000	11884.131954	44775.908563	-3197.685265	-32253.075511	22541.734283	-32289.866482	-10964.402373	-19174.421629	-0.006000	0.866000	0.446000	192.000000	0.000000	0.000000	0.000000	0.000000	0.000000	0.000000	0.000000	0.000000	0.000000	1790355211.470623	0.000000
8.000000	11879.862771	44770.477089	-3190.353893	-32239.508002	22560.129769	-32292.615747	-10950.052553	-19171.873530	-0.006000	0.866000	0.446000	192.000000	0.000000	0.000000	0.000000	0.000000	0.000000	0.000000	0.000000	0.000000	0.000000	1790355211.470634	0.000000
9.000000	11889.563428	44775.372121	-3182.307265	-32230.634359	22579.799304	-32285.306726	-10929.935983	-19169.928929	-0.006000	0.866000	0.446000	192.000000	0.000000	0.000000	0.000000	0.000000	0.000000	0.000000	0.000000	0.000000	0.000000	1790355211.470646	0.000000
10.000000	11892.312693	44790.906583	-3179.021559	-32229.472068	22577.340612	-32281.395171	-10924.169233	-19157.635469	-0.006000	0.866000	0.446000	192.000000	0.000000	0.000000	0.000000	0.000000	0.000000	0.000000	0.000000	0.000000	0.000000	1790355211.470657	0.000000
11.000000	11885.674225	44798.394418	-3182.687245	-32234.344749	22559.123940	-32290.425276	-10944.151693	-19172.119400	-0.006000	0.866000	0.446000	192.000000	0.000000	0.000000	0.000000	0.000000	0.000000	0.000000	0.000000	0.000000	0.000000	1790355211.470668	0.000000
12.000000	11879.303977	44798.439121	-3179.513297	-32226.745156	22556.620545	-32283.876214	-10947.482103	-19156.741399	-0.006000	0.866000	0.446000	192.000000	0.000000	0.000000	0.000000	0.000000	0.000000	0.000000	0.000000	0.000000	0.000000	1790355211.470679	0.000000
13.000000	11869.312748	44798.908508	-3179.669759	-32237.943380	22577.117095	-32294.850921	-10933.735780	-19162.999888	-0.006000	0.866000	0.446000	192.000000	0.000000	0.000000	0.000000	0.000000	0.000000	0.000000	0.000000	0.000000	0.000000	1790355211.470690	0.000000
14.000000	11856.907529	44789.341961	-3188.856326	-32257.299990	22569.919833	-32306.965567	-10949.493760	-19179.093144	-0.006000	0.866000	0.446000	192.000000	0.000000	0.000000	0.000000	0.000000	0.000000	0.000000	0.000000	0.000000	0.000000	1790355211.470730	0.000000
15.000000	11881.337986	44805.435217	-3165.275236	-32237.250476	22563.169606	-32286.178444	-10947.906786	-19162.351687	-0.006000	0.866000	0.446000	192.000000	0.000000	0.000000	0.000000	0.000000	0.000000	0.000000	0.000000	0.000000	0.000000	1790355211.470742	0.000000
16.000000	11883.595512	44806.843377	-3164.358814	-32232.646016	22558.073408	-32286.223148	-10937.647335	-19156.003792	-0.006000	0.870000	0.444000	192.000000	255.000000	208.000000	27.000000	48.000000	13.000000	224.000000	0.000000	0.000000	0.000000	1790355211.470753	0.000000
17.000000	11876.577065	44800.808406	-3166.482230	-32239.195077	22579.754600	-32295.074438	-10931.657068	-19172.991118	-0.006000	0.870000	0.444000	192.000000	0.000000	0.000000	0.000000	0.000000	0.000000	0.000000	0.000000	0.000000	0.000000	1790355211.470765	0.000000
18.000000	11872.665509	44810.285546	-3175.557038	-32249.745101	22581.743906	-32314.833381	-10947.705620	-19193.375909	-0.006000	0.870000	0.444000	192.000000	0.000000	0.000000	0.000000	0.000000	0.000000	0.000000	0.000000	0.000000	0.000000	1790355211.470776	0.000000
19.000000	11874.006614	44818.488636	-3181.413195	-32276.589546	22545.131748	-32328.467945	-10973.745403	-19187.765621	-0.006000	0.870000	0.444000	192.000000	0.000000	0.000000	0.000000	0.000000	0.000000	0.000000	0.000000	0.000000	0.000000	1790355211.470787	0.000000
20.000000	11884.511934	44826.222339	-3163.598855	-32235.641150	22545.914059	-32307.479657	-10949.002021	-19162.955184	-0.006000	0.870000	0.444000	192.000000	0.000000	0.000000	0.000000	0.000000	0.000000	0.000000	0.000000	0.000000	0.000000	1790355211.470798	0.000000
21.000000	11871.547922	44822.780171	-3166.437527	-32215.256359	22576.580653	-32285.530244	-10921.755245	-19156.607289	-0.006000	0.870000	0.444000	192.000000	0.000000	0.000000	0.000000	0.000000	0.000000	0.000000	0.000000	0.000000	0.000000	1790355211.470812	0.000000
22.000000	11898.370015	44865.159078	-3150.120753	-32211.747135	22591.712784	-32240.983217	-10907.114852	-19144.537347	-0.006000	0.870000	0.444000	192.000000	0.000000	0.000000	0.000000	0.000000	0.000000	0.000000	0.000000	0.000000	0.000000	1790355211.470860	0.000000
23.000000	11892.759728	44879.218326	-3151.864189	-32210.294272	22564.600118	-32252.472014	-10928.170196	-19150.572318	-0.006000	0.870000	0.444000	192.000000	0.000000	0.000000	0.000000	0.000000	0.000000	0.000000	0.000000	0.000000	0.000000	1790355211.470881	0.000000
24.000000	11892.916190	44876.334950	-3154.456991	-32219.816115	22552.865452	-32266.866537	-10938.295536	-19157.031972	-0.006000	0.870000	0.444000	192.000000	0.000000	0.000000	0.000000	0.000000	0.000000	0.000000	0.000000	0.000000	0.000000	1790355211.470900	0.000000
25.000000	11887.797640	44863.102718	-3154.077012	-32223.191228	22560.241528	-32294.828569	-10927.678457	-19173.125228	-0.006000	0.870000	0.444000	192.000000	0.000000	0.000000	0.000000	0.000000	0.000000	0.000000	0.000000	0.000000	0.000000	1790355211.470950	0.000000
26.000000	11904.896725	44874.233887	-3143.348174	-32216.061022	22580.805132	-32276.746008	-10913.842727	-19150.371152	-0.008000	0.882000	0.438000	192.000000	255.000000	192.000000	27.000000	144.000000	13.000000	176.000000	0.000000	0.000000	0.000000	1790355211.470961	0.000000
27.000000	11908.137728	44885.007427	-3142.811733	-32216.329243	22579.754600	-32277.796540	-10919.207146	-19144.202071	-0.008000	0.882000	0.438000	192.000000	0.000000	0.000000	0.000000	0.000000	0.000000	0.000000	0.000000	0.000000	0.000000	1790355211.470971	0.000000
28.000000	11909.300018	44889.723645	-3136.262672	-32211.948301	22563.996621	-32280.881081	-10926.605573	-19144.827920	-0.008000	0.882000	0.438000	192.000000	0.000000	0.000000	0.000000	0.000000	0.000000	0.000000	0.000000	0.000000	0.000000	1790355211.470981	0.000000
29.000000	11908.607114	44879.911230	-3145.717459	-32214.384641	22566.187092	-32274.466130	-10922.068169	-19159.513016	-0.008000	0.882000	0.438000	192.000000	0.000000	0.000000	0.000000	0.000000	0.000000	0.000000	0.000000	0.000000	0.000000	1790355211.470991	0.000000
30.000000	11911.423434	44882.816956	-3148.846704	-32217.603292	22571.819731	-32269.347581	-10904.499698	-19155.892033	-0.008000	0.882000	0.438000	192.000000	0.000000	0.000000	0.000000	0.000000	0.000000	0.000000	0.000000	0.000000	0.000000	1790355211.471033	0.000000
31.000000	11912.026931	44892.584669	-3152.020651	-32227.594522	22553.156025	-32279.830549	-10921.911707	-19166.978498	-0.008000	0.882000	0.438000	192.000000	0.000000	0.000000	0.000000	0.000000	0.000000	0.000000	0.000000	0.000000	0.000000	1790355211.471043	0.000000
32.000000	11916.519632	44896.160948	-3142.252939	-32224.644092	22539.588516	-32276.142511	-10948.197359	-19163.201054	-0.008000	0.882000	0.438000	192.000000	0.000000	0.000000	0.000000	0.000000	0.000000	0.000000	0.000000	0.000000	0.000000	1790355211.471053	0.000000
33.000000	11913.390388	44883.152233	-3137.313203	-32219.346728	22550.607926	-32276.835415	-10942.251795	-19153.634507	-0.008000	0.882000	0.438000	192.000000	0.000000	0.000000	0.000000	0.000000	0.000000	0.000000	0.000000	0.000000	0.000000	1790355211.471064	0.000000
34.000000	11910.372902	44872.557506	-3136.329727	-32215.815153	22569.539853	-32280.210528	-10931.500606	-19158.663649	-0.008000	0.882000	0.438000	192.000000	0.000000	0.000000	0.000000	0.000000	0.000000	0.000000	0.000000	0.000000	0.000000	1790355211.471073	0.000000
35.000000	11923.158100	44890.438901	-3131.613509	-32214.786972	22570.322164	-32285.999630	-10938.250832	-19175.494513	-0.008000	0.882000	0.438000	192.000000	0.000000	0.000000	0.000000	0.000000	0.000000	0.000000	0.000000	0.000000	0.000000	1790355211.471083	0.000000
36.000000	11913.993885	44891.556488	-3145.739811	-32224.666443	22543.790644	-32288.950060	-10956.422801	-19178.355536	-0.004000	0.880000	0.444000	192.000000	255.000000	224.000000	27.000000	128.000000	13.000000	224.000000	0.000000	0.000000	0.000000	1790355211.471094	0.000000
37.000000	11911.311675	44884.672151	-3146.231550	-32220.531371	22554.273612	-32279.495273	-10947.951489	-19161.390562	-0.004000	0.880000	0.444000	192.000000	0.000000	0.000000	0.000000	0.000000	0.000000	0.000000	0.000000	0.000000	0.000000	1790355211.471106	0.000000
38.000000	11925.750902	44894.417512	-3131.188826	-32210.450734	22592.942130	-32255.690665	-10911.272277	-19140.804606	-0.004000	0.880000	0.444000	192.000000	0.000000	0.000000	0.000000	0.000000	0.000000	0.000000	0.000000	0.000000	0.000000	1790355211.471117	0.000000
39.000000	11941.598289	44915.539910	-3120.102360	-32205.890978	22594.216179	-32251.890868	-10905.907858	-19139.754074	-0.004000	0.880000	0.444000	192.000000	0.000000	0.000000	0.000000	0.000000	0.000000	0.000000	0.000000	0.000000	0.000000	1790355211.471129	0.000000
40.000000	11943.654650	44932.996623	-3114.536776	-32201.465333	22568.846949	-32255.578906	-10926.426760	-19145.029085	-0.004000	0.880000	0.444000	192.000000	0.000000	0.000000	0.000000	0.000000	0.000000	0.000000	0.000000	0.000000	0.000000	1790355211.471140	0.000000
41.000000	11945.353382	44939.948015	-3105.372561	-32189.551853	22574.546644	-32241.609066	-10918.290725	-19131.774501	-0.004000	0.880000	0.444000	192.000000	0.000000	0.000000	0.000000	0.000000	0.000000	0.000000	0.000000	0.000000	0.000000	1790355211.471153	0.000000
42.000000	11945.621603	44930.336765	-3104.366732	-32193.932795	22586.661290	-32250.147432	-10904.544402	-19129.651085	-0.004000	0.880000	0.444000	192.000000	0.000000	0.000000	0.000000	0.000000	0.000000	0.000000	0.000000	0.000000	0.000000	1790355211.471164	0.000000
43.000000	11934.512786	44918.088009	-3119.320049	-32207.165028	22571.327993	-32256.160051	-10909.931172	-19135.171966	-0.004000	0.880000	0.444000	192.000000	0.000000	0.000000	0.000000	0.000000	0.000000	0.000000	0.000000	0.000000	0.000000	1790355211.471175	0.000000
44.000000	11940.883033	44918.110361	-3119.208290	-32203.924025	22561.247356	-32257.612915	-10924.325696	-19135.194318	-0.004000	0.880000	0.444000	192.000000	0.000000	0.000000	0.000000	0.000000	0.000000	0.000000	0.000000	0.000000	0.000000	1790355211.471186	0.000000
45.000000	11941.933565	44907.046247	-3118.560090	-32204.371059	22561.135597	-32257.948191	-10934.942774	-19136.736588	-0.004000	0.880000	0.444000	192.000000	0.000000	0.000000	0.000000	0.000000	0.000000	0.000000	0.000000	0.000000	0.000000	1790355211.471265	0.000000
46.000000	11938.312583	44890.215384	-3126.360849	-32209.176685	22566.790589	-32262.686761	-10928.304306	-19138.971763	0.002000	0.876000	0.446000	192.000000	0.000000	16.000000	27.000000	96.000000	13.000000	240.000000	0.000000	0.000000	0.000000	1790355211.471277	0.000000
47.000000	11955.456371	44901.279497	-3112.972154	-32209.444905	22588.136505	-32266.218336	-10908.858288	-19138.301210	0.002000	0.876000	0.446000	192.000000	0.000000	0.000000	0.000000	0.000000	0.000000	0.000000	0.000000	0.000000	0.000000	1790355211.471291	0.000000
48.000000	11964.598234	44928.570977	-3099.605811	-32199.543083	22588.851760	-32255.847127	-10916.234364	-19135.037856	0.002000	0.876000	0.446000	192.000000	0.000000	0.000000	0.000000	0.000000	0.000000	0.000000	0.000000	0.000000	0.000000	1790355211.471321	0.000000
49.000000	11958.540912	44941.624396	-3102.310372	-32195.296251	22569.897481	-32249.499232	-10933.109931	-19128.712312	0.002000	0.876000	0.446000	192.000000	0.000000	0.000000	0.000000	0.000000	0.000000	0.000000	0.000000	0.000000	0.000000	1790355211.471332	0.000000
50.000000	11942.335897	44928.638033	-3110.960497	-32208.193208	22575.261900	-32264.541956	-10928.259603	-19142.078655	0.002000	0.876000	0.446000	192.000000	0.000000	0.000000	0.000000	0.000000	0.000000	0.000000	0.000000	0.000000	0.000000	1790355211.471342	0.000000
51.000000	11951.321298	44930.828503	-3104.478491	-32207.679118	22592.003356	-32266.106578	-10909.528841	-19134.121434	0.002000	0.876000	0.446000	192.000000	0.000000	0.000000	0.000000	0.000000	0.000000	0.000000	0.000000	0.000000	0.000000	1790355211.471353	0.000000
52.000000	11949.153179	44941.892617	-3112.793340	-32214.362289	22576.044211	-32265.570136	-10918.715408	-19134.747283	0.002000	0.876000	0.446000	192.000000	0.000000	0.000000	0.000000	0.000000	0.000000	0.000000	0.000000	0.000000	0.000000	1790355211.471364	0.000000
53.000000	11949.153179	44947.368794	-3111.251069	-32207.120324	22558.721609	-32248.761624	-10922.314039	-19131.103948	0.002000	0.876000	0.446000	192.000000	0.000000	0.000000	0.000000	0.000000	0.000000	0.000000	0.000000	0.000000	0.000000	1790355211.471377	0.000000
54.000000	11945.286327	44929.442695	-3107.250107	-32206.338013	22569.629260	-32250.750929	-10910.244097	-19131.841556	0.002000	0.876000	0.446000	192.000000	0.000000	0.000000	0.000000	0.000000	0.000000	0.000000	0.000000	0.000000	0.000000	1790355211.471431	0.000000
55.000000	11948.124999	44926.425210	-3106.177223	-32211.791839	22581.654499	-32259.870441	-10899.112928	-19130.656914	0.002000	0.876000	0.446000	192.000000	0.000000	0.000000	0.000000	0.000000	0.000000	0.000000	0.000000	0.000000	0.000000	1790355211.471444	0.000000
56.000000	11952.818865	44936.237626	-3102.668000	-32211.523618	22584.783743	-32249.387473	-10901.728082	-19136.982457	0.002000	0.876000	0.446000	192.000000	0.000000	0.000000	27.000000	160.000000	13.000000	224.000000	0.000000	0.000000	0.000000	1790355211.471455	0.000000
57.000000	11956.886882	44934.337727	-3102.489186	-32211.031879	22566.745885	-32259.356351	-10919.855347	-19142.704504	0.002000	0.876000	0.446000	192.000000	0.000000	0.000000	0.000000	0.000000	0.000000	0.000000	0.000000	0.000000	0.000000	1790355211.471467	0.000000
58.000000	11950.248414	44918.333878	-3109.150005	-32214.876379	22559.034533	-32274.622592	-10923.163405	-19145.744341	0.002000	0.876000	0.446000	192.000000	0.000000	0.000000	0.000000	0.000000	0.000000	0.000000	0.000000	0.000000	0.000000	1790355211.471479	0.000000
59.000000	11952.349478	44918.646803	-3107.719494	-32217.715051	22573.093781	-32267.000647	-10907.763053	-19149.097103	0.002000	0.876000	0.446000	192.000000	0.000000	0.000000	0.000000	0.000000	0.000000	0.000000	0.000000	0.000000	0.000000	1790355211.471490	0.000000
60.000000	11960.105534	44929.085067	-3101.237488	-32210.160161	22568.534025	-32263.133796	-10898.621189	-19142.279821	0.002000	0.876000	0.446000	192.000000	0.000000	0.000000	0.000000	0.000000	0.000000	0.000000	0.000000	0.000000	0.000000	1790355211.471502	0.000000
61.000000	11963.458295	44930.604986	-3101.170433	-32209.735478	22559.302754	-32254.371912	-10917.866041	-19140.469329	0.002000	0.876000	0.446000	192.000000	0.000000	0.000000	0.000000	0.000000	0.000000	0.000000	0.000000	0.000000	0.000000	1790355211.471561	0.000000
62.000000	11957.311566	44924.145332	-3106.579555	-32216.373946	22555.391199	-32255.578906	-10918.380132	-19141.385751	0.002000	0.876000	0.446000	192.000000	0.000000	0.000000	0.000000	0.000000	0.000000	0.000000	0.000000	0.000000	0.000000	1790355211.471574	0.000000
63.000000	11960.150237	44918.758561	-3107.630087	-32219.458487	22584.180246	-32257.389397	-10888.138221	-19137.071864	0.002000	0.876000	0.446000	192.000000	0.000000	0.000000	0.000000	0.000000	0.000000	0.000000	0.000000	0.000000	0.000000	1790355211.471585	0.000000
64.000000	11974.433002	44935.343556	-3099.337590	-32215.390469	22591.936301	-32263.312610	-10888.428794	-19144.358533	0.002000	0.876000	0.446000	192.000000	0.000000	0.000000	0.000000	0.000000	0.000000	0.000000	0.000000	0.000000	0.000000	1790355211.471609	0.000000
65.000000	11991.621493	44958.991701	-3080.830345	-32189.663612	22586.527179	-32234.858839	-10884.003149	-19120.285704	0.002000	0.876000	0.446000	192.000000	0.000000	0.000000	0.000000	0.000000	0.000000	0.000000	0.000000	0.000000	0.000000	1790355211.471621	0.000000
66.000000	11993.789613	44948.061698	-3081.053863	-32191.965841	22581.095705	-32242.883115	-10888.920532	-19117.603495	-0.004000	0.868000	0.452000	192.000000	255.000000	224.000000	27.000000	32.000000	14.000000	32.000000	0.000000	0.000000	0.000000	1790355211.471632	0.000000
67.000000	12002.171517	44947.100573	-3079.131613	-32192.546987	22594.350290	-32240.312665	-10875.531837	-19120.688036	-0.004000	0.868000	0.452000	192.000000	0.000000	0.000000	0.000000	0.000000	0.000000	0.000000	0.000000	0.000000	0.000000	1790355211.471645	0.000000
68.000000	12010.441662	44962.523277	-3081.210325	-32199.543083	22596.697223	-32244.693606	-10887.624131	-19137.071864	-0.004000	0.868000	0.452000	192.000000	0.000000	0.000000	0.000000	0.000000	0.000000	0.000000	0.000000	0.000000	0.000000	1790355211.471656	0.000000
69.000000	12009.368778	44973.766205	-3084.496031	-32204.683984	22580.983946	-32261.680932	-10905.237306	-19143.039780	-0.004000	0.868000	0.452000	192.000000	0.000000	0.000000	0.000000	0.000000	0.000000	0.000000	0.000000	0.000000	0.000000	1790355211.471669	0.000000
70.000000	12006.820680	44970.994588	-3081.098566	-32198.157275	22576.245377	-32241.407900	-10903.851498	-19139.843481	-0.004000	0.868000	0.452000	192.000000	0.000000	0.000000	0.000000	0.000000	0.000000	0.000000	0.000000	0.000000	0.000000	1790355211.471680	0.000000
71.000000	12005.300761	44962.858553	-3078.103432	-32200.638318	22596.630168	-32243.710130	-10888.361739	-19137.921231	-0.004000	0.868000	0.452000	192.000000	0.000000	0.000000	0.000000	0.000000	0.000000	0.000000	0.000000	0.000000	0.000000	1790355211.471691	0.000000
72.000000	12013.079168	44958.768184	-3073.007235	-32201.197112	22613.796307	-32248.806327	-10881.075070	-19132.176832	-0.004000	0.868000	0.452000	192.000000	0.000000	0.000000	0.000000	0.000000	0.000000	0.000000	0.000000	0.000000	0.000000	1790355211.471702	0.000000
73.000000	12012.565078	44965.473707	-3076.471755	-32200.526559	22587.734173	-32253.164918	-10898.285913	-19134.121434	-0.004000	0.868000	0.452000	192.000000	0.000000	0.000000	0.000000	0.000000	0.000000	0.000000	0.000000	0.000000	0.000000	1790355211.471713	0.000000
74.000000	12015.202584	44969.944056	-3070.772060	-32193.329298	22578.905234	-32245.610028	-10900.834012	-19135.149614	-0.004000	0.868000	0.452000	192.000000	0.000000	0.000000	0.000000	0.000000	0.000000	0.000000	0.000000	0.000000	0.000000	1790355211.471724	0.000000
75.000000	12019.784691	44965.518411	-3067.911037	-32192.457580	22604.900313	-32250.214487	-10890.865134	-19132.959143	-0.002000	0.874000	0.452000	192.000000	255.000000	240.000000	27.000000	80.000000	14.000000	32.000000	0.000000	0.000000	0.000000	1790355211.471736	0.000000
76.000000	12012.900354	44965.049024	-3090.106319	-32213.199999	22605.704976	-32276.343677	-10905.013788	-19153.723914	-0.002000	0.874000	0.452000	192.000000	0.000000	0.000000	0.000000	0.000000	0.000000	0.000000	0.000000	0.000000	0.000000	1790355211.471790	0.000000
77.000000	12017.951848	44968.222972	-3086.530040	-32208.148504	22582.056830	-32258.372874	-10926.069132	-19158.462484	-0.002000	0.874000	0.452000	192.000000	0.000000	0.000000	0.000000	0.000000	0.000000	0.000000	0.000000	0.000000	0.000000	1790355211.471803	0.000000
78.000000	12024.389151	44964.311417	-3070.928522	-32198.425495	22576.513598	-32254.170746	-10918.581297	-19142.860966	-0.002000	0.874000	0.452000	192.000000	0.000000	0.000000	0.000000	0.000000	0.000000	0.000000	0.000000	0.000000	0.000000	1790355211.471816	0.000000
79.000000	12031.273488	44967.083033	-3062.993653	-32195.251548	22594.439697	-32255.310685	-10896.296608	-19137.071864	-0.002000	0.874000	0.452000	192.000000	0.000000	0.000000	0.000000	0.000000	0.000000	0.000000	0.000000	0.000000	0.000000	1790355211.471828	0.000000
80.000000	12037.017886	44979.264734	-3065.742918	-32199.833655	22611.471726	-32259.423406	-10890.105175	-19147.979516	-0.002000	0.874000	0.452000	192.000000	0.000000	0.000000	0.000000	0.000000	0.000000	0.000000	0.000000	0.000000	0.000000	1790355211.471866	0.000000
81.000000	12050.987727	44994.218051	-3059.082098	-32192.658745	22609.281255	-32249.700397	-10899.247038	-19137.205975	-0.002000	0.874000	0.452000	192.000000	0.000000	0.000000	0.000000	0.000000	0.000000	0.000000	0.000000	0.000000	0.000000	1790355211.471878	0.000000
82.000000	12048.506683	44985.903202	-3066.011139	-32192.748152	22581.140409	-32247.644037	-10912.859251	-19133.696751	-0.002000	0.874000	0.452000	192.000000	0.000000	0.000000	0.000000	0.000000	0.000000	0.000000	0.000000	0.000000	0.000000	1790355211.471892	0.000000
83.000000	12042.248194	44964.132603	-3067.531057	-32199.140751	22591.735136	-32250.750929	-10915.563812	-19136.870699	-0.002000	0.874000	0.452000	192.000000	0.000000	0.000000	0.000000	0.000000	0.000000	0.000000	0.000000	0.000000	0.000000	1790355211.471906	0.000000
84.000000	12050.563043	44965.518411	-3065.340586	-32210.316623	22615.495040	-32260.026903	-10898.643541	-19148.448902	-0.002000	0.874000	0.452000	192.000000	0.000000	0.000000	0.000000	0.000000	0.000000	0.000000	0.000000	0.000000	0.000000	1790355211.471919	0.000000
85.000000	12055.502779	44987.512527	-3066.771098	-32206.270958	22605.034423	-32264.094921	-10904.253829	-19167.291423	-0.002000	0.874000	0.452000	192.000000	0.000000	0.000000	27.000000	64.000000	14.000000	0.000000	0.000000	0.000000	0.000000	1790355211.471932	0.000000
86.000000	12063.929387	45003.449321	-3062.881894	-32193.150484	22589.656423	-32250.750929	-10902.935076	-19153.098065	-0.002000	0.874000	0.452000	192.000000	0.000000	0.000000	0.000000	0.000000	0.000000	0.000000	0.000000	0.000000	0.000000	1790355211.471945	0.000000
87.000000	12069.293805	45000.230670	-3068.134554	-32200.168932	22573.540816	-32257.590563	-10911.719312	-19160.541196	-0.002000	0.874000	0.452000	192.000000	0.000000	0.000000	0.000000	0.000000	0.000000	0.000000	0.000000	0.000000	0.000000	1790355211.471992	0.000000
88.000000	12079.217980	45006.220938	-3058.858580	-32193.709277	22596.563112	-32250.706226	-10882.393823	-19146.817225	-0.002000	0.874000	0.452000	192.000000	0.000000	0.000000	0.000000	0.000000	0.000000	0.000000	0.000000	0.000000	0.000000	1790355211.472003	0.000000
89.000000	12071.908959	44999.873042	-3048.844999	-32188.546024	22612.768127	-32242.346673	-10862.590177	-19132.445053	-0.002000	0.874000	0.452000	192.000000	0.000000	0.000000	0.000000	0.000000	0.000000	0.000000	0.000000	0.000000	0.000000	1790355211.472014	0.000000
90.000000	12064.421125	44992.899298	-3050.119048	-32185.439132	22597.390127	-32240.245609	-10881.142125	-19132.869736	-0.002000	0.874000	0.452000	192.000000	0.000000	0.000000	0.000000	0.000000	0.000000	0.000000	0.000000	0.000000	0.000000	1790355211.472025	0.000000
91.000000	12062.744744	44975.621399	-3050.968415	-32185.439132	22586.124848	-32246.168822	-10882.215009	-19137.384789	-0.002000	0.874000	0.452000	192.000000	0.000000	0.000000	0.000000	0.000000	0.000000	0.000000	0.000000	0.000000	0.000000	1790355211.472088	0.000000
92.000000	12068.891474	44964.400824	-3048.085040	-32188.993059	22622.289970	-32249.923915	-10869.005128	-19141.899841	-0.002000	0.874000	0.452000	192.000000	0.000000	0.000000	0.000000	0.000000	0.000000	0.000000	0.000000	0.000000	0.000000	1790355211.472101	0.000000
93.000000	12078.346262	44965.674873	-3049.984938	-32194.625699	22635.566906	-32251.577944	-10852.710706	-19133.853213	-0.002000	0.874000	0.452000	192.000000	0.000000	0.000000	0.000000	0.000000	0.000000	0.000000	0.000000	0.000000	0.000000	1790355211.472144	0.000000
94.000000	12087.644587	44973.073300	-3051.460153	-32196.726763	22610.711767	-32256.115348	-10868.178113	-19137.764768	-0.002000	0.874000	0.452000	192.000000	0.000000	0.000000	0.000000	0.000000	0.000000	0.000000	0.000000	0.000000	0.000000	1790355211.472157	0.000000
95.000000	12096.048843	44970.100518	-3042.385345	-32186.467312	22604.319168	-32231.774298	-10885.903047	-19132.869736	-0.002000	0.868000	0.440000	192.000000	255.000000	240.000000	27.000000	32.000000	13.000000	192.000000	0.000000	0.000000	0.000000	1790355211.472167	0.000000
96.000000	12104.162527	44965.965446	-3042.653566	-32188.814245	22630.537764	-32230.433193	-10866.479381	-19129.047588	-0.002000	0.868000	0.440000	192.000000	0.000000	0.000000	0.000000	0.000000	0.000000	0.000000	0.000000	0.000000	0.000000	1790355211.472182	0.000000
97.000000	12109.549297	44961.629207	-3050.141400	-32206.360365	22645.491081	-32246.459394	-10845.625203	-19143.196242	-0.002000	0.868000	0.440000	192.000000	0.000000	0.000000	0.000000	0.000000	0.000000	0.000000	0.000000	0.000000	0.000000	1790355211.472195	0.000000
98.000000	12114.846660	44964.847859	-3049.917883	-32206.025089	22627.453223	-32251.644999	-10863.685413	-19147.867757	-0.002000	0.868000	0.440000	192.000000	0.000000	0.000000	0.000000	0.000000	0.000000	0.000000	0.000000	0.000000	0.000000	1790355211.472206	0.000000
99.000000	12118.065312	44962.120946	-3048.286205	-32203.052307	22611.158801	-32247.152298	-10881.477401	-19141.452806	-0.002000	0.868000	0.440000	192.000000	0.000000	0.000000	0.000000	0.000000	0.000000	0.000000	0.000000	0.000000	0.000000	1790355211.472217	0.000000
100.000000	12115.092530	44953.336710	-3062.613674	-32219.391432	22624.323979	-32264.050217	-10874.123678	-19153.075713	-0.002000	0.868000	0.440000	192.000000	0.000000	0.000000	0.000000	0.000000	0.000000	0.000000	0.000000	0.000000	0.000000	1790355211.472230	0.000000
101.000000	12134.337382	44962.500925	-3051.638967	-32212.775315	22640.216069	-32249.901563	-10862.321956	-19158.060152	-0.002000	0.868000	0.440000	192.000000	0.000000	0.000000	0.000000	0.000000	0.000000	0.000000	0.000000	0.000000	0.000000	1790355211.472242	0.000000
102.000000	12145.177978	44975.599048	-3047.928577	-32205.488647	22629.040197	-32244.693606	-10864.199503	-19146.549004	-0.002000	0.868000	0.440000	192.000000	0.000000	0.000000	0.000000	0.000000	0.000000	0.000000	0.000000	0.000000	0.000000	1790355211.472254	0.000000
103.000000	12148.284870	44973.229763	-3047.213322	-32206.717993	22612.879886	-32253.522546	-10857.829256	-19149.946469	-0.002000	0.868000	0.440000	192.000000	0.000000	0.000000	0.000000	0.000000	0.000000	0.000000	0.000000	0.000000	0.000000	1790355211.472264	0.000000
104.000000	12154.789228	44960.399861	-3035.433952	-32203.789914	22629.420177	-32247.509926	-10827.833215	-19137.988286	-0.002000	0.868000	0.440000	192.000000	0.000000	0.000000	0.000000	0.000000	0.000000	0.000000	0.000000	0.000000	0.000000	1790355211.472276	0.000000
105.000000	12164.579292	44964.758452	-3034.651641	-32209.668423	22644.976991	-32260.809214	-10811.158813	-19143.196242	-0.012000	0.872000	0.440000	192.000000	255.000000	160.000000	27.000000	64.000000	13.000000	192.000000	0.000000	0.000000	0.000000	1790355211.472287	0.000000
106.000000	12182.281873	44990.977048	-3036.283319	-32206.874455	22642.518299	-32259.646923	-10820.568898	-19147.890109	-0.012000	0.872000	0.440000	192.000000	0.000000	0.000000	0.000000	0.000000	0.000000	0.000000	0.000000	0.000000	0.000000	1790355211.472299	0.000000
107.000000	12179.666719	44990.597068	-3047.615653	-32217.692699	22609.080089	-32263.558479	-10844.038229	-19157.143731	-0.012000	0.872000	0.440000	192.000000	0.000000	0.000000	0.000000	0.000000	0.000000	0.000000	0.000000	0.000000	0.000000	1790355211.472756	0.000000
108.000000	12190.663778	44981.477556	-3027.946118	-32203.342879	22621.239438	-32248.806327	-10823.809901	-19141.318696	-0.012000	0.872000	0.440000	192.000000	0.000000	0.000000	0.000000	0.000000	0.000000	0.000000	0.000000	0.000000	0.000000	1790355211.472769	0.000000
109.000000	12209.349836	44987.065493	-3024.794522	-32201.308870	22652.174253	-32248.247534	-10802.978075	-19142.525690	-0.012000	0.872000	0.440000	192.000000	0.000000	0.000000	0.000000	0.000000	0.000000	0.000000	0.000000	0.000000	0.000000	1790355211.472780	0.000000
110.000000	12220.257487	45003.292859	-3036.506836	-32218.072679	22640.216069	-32275.047275	-10813.617505	-19167.447885	-0.012000	0.872000	0.440000	192.000000	0.000000	0.000000	0.000000	0.000000	0.000000	0.000000	0.000000	0.000000	0.000000	1790355211.472793	0.000000
111.000000	12227.588860	45016.256871	-3038.518493	-32208.059097	22612.164630	-32261.882098	-10821.239450	-19148.426550	-0.012000	0.872000	0.440000	192.000000	0.000000	0.000000	0.000000	0.000000	0.000000	0.000000	0.000000	0.000000	0.000000	1790355211.472806	0.000000
112.000000	12225.912479	45002.063513	-3042.497104	-32211.009528	22604.207409	-32250.035673	-10814.466872	-19147.688943	-0.012000	0.872000	0.440000	192.000000	0.000000	0.000000	0.000000	0.000000	0.000000	0.000000	0.000000	0.000000	0.000000	1790355211.472820	0.000000
113.000000	12246.319621	45006.802083	-3025.062743	-32205.779219	22637.310342	-32242.369025	-10777.474734	-19137.071864	-0.012000	0.872000	0.440000	192.000000	0.000000	0.000000	0.000000	0.000000	0.000000	0.000000	0.000000	0.000000	0.000000	1790355211.472831	0.000000
114.000000	12261.854084	45010.735990	-3021.799388	-32200.750077	22648.419159	-32231.483725	-10770.948025	-19129.606382	-0.012000	0.872000	0.440000	192.000000	0.000000	0.000000	0.000000	0.000000	0.000000	0.000000	0.000000	0.000000	0.000000	1790355211.472843	0.000000
115.000000	12263.262244	45012.166502	-3030.650679	-32208.103801	22623.496964	-32249.856859	-10800.340569	-19150.952298	-0.018000	0.880000	0.442000	192.000000	255.000000	112.000000	27.000000	128.000000	13.000000	208.000000	0.000000	0.000000	0.000000	1790355211.472883	0.000000
116.000000	12274.862799	45014.424028	-3015.160920	-32198.716068	22627.497927	-32242.257266	-10797.032511	-19147.890109	-0.018000	0.880000	0.442000	192.000000	0.000000	0.000000	0.000000	0.000000	0.000000	0.000000	0.000000	0.000000	0.000000	1790355211.472910	0.000000
117.000000	12298.890924	45021.397772	-3001.995743	-32191.921138	22654.700000	-32234.680025	-10774.010214	-19138.390617	-0.018000	0.880000	0.442000	192.000000	0.000000	0.000000	0.000000	0.000000	0.000000	0.000000	0.000000	0.000000	0.000000	1790355211.741993	0.000000
118.000000	12310.133852	45025.979880	-3016.949060	-32205.913330	22649.156767	-32263.133796	-10781.185124	-19160.362382	-0.018000	0.880000	0.442000	192.000000	0.000000	0.000000	0.000000	0.000000	0.000000	0.000000	0.000000	0.000000	0.000000	1790355211.742023	0.000000
119.000000	12320.907393	45033.423011	-3021.374705	-32208.036746	22624.189868	-32265.950115	-10798.463023	-19166.643222	-0.018000	0.880000	0.442000	192.000000	0.000000	0.000000	0.000000	0.000000	0.000000	0.000000	0.000000	0.000000	0.000000	1790355211.742035	0.000000
120.000000	12335.391323	45026.873949	-3016.658487	-32203.186417	22629.174307	-32253.299028	-10797.434842	-19157.903690	-0.018000	0.880000	0.442000	192.000000	0.000000	0.000000	0.000000	0.000000	0.000000	0.000000	0.000000	0.000000	0.000000	1790355211.742047	0.000000
121.000000	12343.437951	45006.869138	-3010.712923	-32207.232083	22659.147997	-32249.320418	-10767.237636	-19147.420722	-0.018000	0.880000	0.442000	192.000000	0.000000	0.000000	0.000000	0.000000	0.000000	0.000000	0.000000	0.000000	0.000000	1790355211.742059	0.000000
122.000000	12343.750875	45003.628135	-3014.333905	-32214.876379	22668.423971	-32259.848089	-10756.240577	-19150.952298	-0.018000	0.880000	0.442000	192.000000	0.000000	0.000000	0.000000	0.000000	0.000000	0.000000	0.000000	0.000000	0.000000	1790355211.742141	0.000000
123.000000	12354.546768	45021.531882	-3016.479673	-32213.222350	22648.620325	-32263.781996	-10767.327042	-19160.071809	-0.018000	0.880000	0.442000	192.000000	0.000000	0.000000	0.000000	0.000000	0.000000	0.000000	0.000000	0.000000	0.000000	1790355211.742153	0.000000
124.000000	12374.551579	45030.807856	-3000.207603	-32192.681097	22643.568831	-32247.509926	-10757.179351	-19143.017428	-0.018000	0.880000	0.442000	192.000000	0.000000	0.000000	0.000000	0.000000	0.000000	0.000000	0.000000	0.000000	0.000000	1790355211.742165	0.000000
125.000000	12385.794507	45021.867159	-2995.580792	-32194.469237	22665.875872	-32242.883115	-10718.242612	-19129.226402	-0.008000	0.880000	0.444000	192.000000	255.000000	192.000000	27.000000	128.000000	13.000000	224.000000	0.000000	0.000000	0.000000	1790355211.742176	0.000000
126.000000	12388.029681	45015.698077	-3006.399036	-32211.411859	22674.883625	-32258.283467	-10705.055082	-19146.705466	-0.008000	0.880000	0.444000	192.000000	0.000000	0.000000	0.000000	0.000000	0.000000	0.000000	0.000000	0.000000	0.000000	1790355211.742189	0.000000
127.000000	12400.367844	45037.267511	-3007.069589	-32211.925949	22669.407448	-32249.476880	-10703.579867	-19140.961068	-0.008000	0.880000	0.444000	192.000000	0.000000	0.000000	0.000000	0.000000	0.000000	0.000000	0.000000	0.000000	0.000000	1790355211.742200	0.000000
128.000000	12403.385330	45038.943891	-3006.242574	-32215.546932	22651.436645	-32251.086205	-10717.460301	-19141.028123	-0.008000	0.880000	0.444000	192.000000	0.000000	0.000000	0.000000	0.000000	0.000000	0.000000	0.000000	0.000000	0.000000	1790355211.742212	0.000000
129.000000	12417.019894	45037.155752	-2997.190118	-32209.221388	22670.547386	-32244.224220	-10696.136736	-19136.401312	-0.008000	0.880000	0.444000	192.000000	0.000000	0.000000	0.000000	0.000000	0.000000	0.000000	0.000000	0.000000	0.000000	1790355211.742223	0.000000
130.000000	12434.588365	45045.448249	-2997.570097	-32211.590673	22695.469582	-32247.688740	-10676.400146	-19138.480024	-0.008000	0.880000	0.444000	192.000000	0.000000	0.000000	0.000000	0.000000	0.000000	0.000000	0.000000	0.000000	0.000000	1790355211.742234	0.000000
131.000000	12443.417304	45053.539581	-3012.389304	-32229.002682	22680.471561	-32270.666334	-10685.407899	-19154.282707	-0.008000	0.880000	0.444000	192.000000	0.000000	0.000000	0.000000	0.000000	0.000000	0.000000	0.000000	0.000000	0.000000	1790355211.742245	0.000000
132.000000	12452.670926	45054.143078	-3003.873289	-32210.786010	22660.936136	-32249.275714	-10692.783975	-19147.398370	-0.008000	0.880000	0.444000	192.000000	0.000000	0.000000	0.000000	0.000000	0.000000	0.000000	0.000000	0.000000	0.000000	1790355211.742256	0.000000
133.000000	12463.422115	45049.315101	-2997.704208	-32204.214597	22685.143076	-32243.665426	-10675.886056	-19139.687018	-0.008000	0.880000	0.444000	192.000000	0.000000	0.000000	0.000000	0.000000	0.000000	0.000000	0.000000	0.000000	0.000000	1790355211.742268	0.000000
134.000000	12473.838028	45050.075060	-3002.375722	-32218.072679	22705.974901	-32261.546822	-10665.738364	-19149.275917	-0.008000	0.880000	0.444000	192.000000	0.000000	0.000000	0.000000	0.000000	0.000000	0.000000	0.000000	0.000000	0.000000	1790355211.742279	0.000000
135.000000	12491.227685	45067.464717	-3006.622554	-32226.633397	22696.251893	-32281.283412	-10677.517733	-19166.151484	-0.002000	0.878000	0.448000	192.000000	255.000000	240.000000	27.000000	112.000000	14.000000	0.000000	0.000000	0.000000	0.000000	1790355211.742290	0.000000
136.000000	12498.067319	45076.226601	-3008.634211	-32223.101821	22680.337451	-32268.632325	-10700.160050	-19171.962937	-0.002000	0.878000	0.448000	192.000000	0.000000	0.000000	0.000000	0.000000	0.000000	0.000000	0.000000	0.000000	0.000000	1790355211.742303	0.000000
137.000000	12506.382168	45073.834964	-2998.732388	-32210.696603	22694.866084	-32249.968618	-10679.037652	-19153.388638	-0.002000	0.878000	0.448000	192.000000	0.000000	0.000000	0.000000	0.000000	0.000000	0.000000	0.000000	0.000000	0.000000	1790355211.742337	0.000000
138.000000	12514.942886	45070.169278	-3001.615763	-32220.911350	22711.696948	-32262.463243	-10651.589710	-19152.583975	-0.002000	0.878000	0.448000	192.000000	0.000000	0.000000	0.000000	0.000000	0.000000	0.000000	0.000000	0.000000	0.000000	1790355211.742349	0.000000
139.000000	12522.542479	45081.143985	-3007.896603	-32243.799537	22712.635721	-32288.570081	-10661.044498	-19184.658728	-0.002000	0.878000	0.448000	192.000000	0.000000	0.000000	0.000000	0.000000	0.000000	0.000000	0.000000	0.000000	0.000000	1790355211.742360	0.000000
140.000000	12539.015715	45103.182805	-3000.989914	-32229.337958	22701.839829	-32264.318438	-10669.582864	-19172.566434	-0.002000	0.878000	0.448000	192.000000	0.000000	0.000000	0.000000	0.000000	0.000000	0.000000	0.000000	0.000000	0.000000	1790355211.742372	0.000000
141.000000	12545.676535	45100.075912	-2998.084187	-32230.567304	22693.703794	-32264.921935	-10662.989099	-19163.379867	-0.002000	0.878000	0.448000	192.000000	0.000000	0.000000	0.000000	0.000000	0.000000	0.000000	0.000000	0.000000	0.000000	1790355211.742383	0.000000
142.000000	12559.042878	45091.917526	-2998.128891	-32235.149412	22716.256704	-32271.560403	-10642.447846	-19164.922138	-0.002000	0.878000	0.448000	192.000000	0.000000	0.000000	0.000000	0.000000	0.000000	0.000000	0.000000	0.000000	0.000000	1790355211.742394	0.000000
143.000000	12560.138114	45079.400549	-3009.282411	-32246.660560	22733.713416	-32278.176520	-10619.000866	-19156.339068	-0.002000	0.878000	0.448000	192.000000	0.000000	0.000000	0.000000	0.000000	0.000000	0.000000	0.000000	0.000000	0.000000	1790355211.742405	0.000000
144.000000	12578.243027	45095.672619	-2987.981199	-32221.134868	22732.573477	-32256.629438	-10619.134977	-19139.217632	-0.002000	0.878000	0.448000	192.000000	0.000000	0.000000	0.000000	0.000000	0.000000	0.000000	0.000000	0.000000	0.000000	1790355211.742416	0.000000
145.000000	12592.101108	45102.981639	-2977.900562	-32205.667461	22727.611390	-32242.816060	-10620.654895	-19146.683114	0.002000	0.870000	0.446000	192.000000	0.000000	16.000000	27.000000	48.000000	13.000000	240.000000	0.000000	0.000000	0.000000	1790355211.742428	0.000000
146.000000	12601.824117	45085.614334	-2978.079376	-32212.864722	22729.690102	-32257.590563	-10610.149575	-19155.266184	0.002000	0.870000	0.446000	192.000000	0.000000	0.000000	0.000000	0.000000	0.000000	0.000000	0.000000	0.000000	0.000000	1790355211.742440	0.000000
147.000000	12626.031056	45086.217831	-2966.523524	-32209.914292	22757.965059	-32265.883060	-10570.899912	-19143.397408	0.002000	0.870000	0.446000	192.000000	0.000000	0.000000	0.000000	0.000000	0.000000	0.000000	0.000000	0.000000	0.000000	1790355211.742451	0.000000
148.000000	12638.033943	45094.599735	-2968.624588	-32205.890978	22748.867899	-32258.171708	-10573.403308	-19143.777388	0.002000	0.870000	0.446000	192.000000	0.000000	0.000000	0.000000	0.000000	0.000000	0.000000	0.000000	0.000000	0.000000	1790355211.742462	0.000000
149.000000	12628.176824	45081.479261	-2983.421443	-32222.163048	22724.817422	-32285.664354	-10582.478116	-19155.042667	0.002000	0.870000	0.446000	192.000000	0.000000	0.000000	0.000000	0.000000	0.000000	0.000000	0.000000	0.000000	0.000000	1790355211.742473	0.000000
150.000000	12648.651022	45085.122595	-2969.384547	-32196.167969	22753.248841	-32270.845147	-10564.708479	-19151.064056	0.002000	0.870000	0.446000	192.000000	0.000000	0.000000	0.000000	0.000000	0.000000	0.000000	0.000000	0.000000	0.000000	1790355211.742484	0.000000
151.000000	12667.806467	45091.738712	-2957.225198	-32186.176739	22770.951423	-32240.513830	-10546.111828	-19140.044646	0.002000	0.870000	0.446000	192.000000	0.000000	0.000000	0.000000	0.000000	0.000000	0.000000	0.000000	0.000000	0.000000	1790355211.742496	0.000000
152.000000	12674.735507	45091.917526	-2959.862704	-32194.156312	22755.729885	-32252.226144	-10557.935900	-19151.958126	0.002000	0.870000	0.446000	192.000000	0.000000	0.000000	0.000000	0.000000	0.000000	0.000000	0.000000	0.000000	0.000000	1790355211.742507	0.000000
153.000000	12681.642196	45093.817424	-2963.148411	-32198.179626	22735.367445	-32265.346618	-10565.937825	-19147.912460	0.002000	0.870000	0.446000	192.000000	0.000000	0.000000	0.000000	0.000000	0.000000	0.000000	0.000000	0.000000	0.000000	1790355211.742540	0.000000
154.000000	12693.466269	45089.324723	-2950.318509	-32193.798684	22745.045751	-32270.643982	-10545.821255	-19143.308001	0.002000	0.870000	0.446000	192.000000	0.000000	0.000000	0.000000	0.000000	0.000000	0.000000	0.000000	0.000000	0.000000	1790355211.742552	0.000000
155.000000	12716.756787	45091.090511	-2940.953128	-32185.237966	22769.587966	-32266.263040	-10524.430636	-19140.826957	-0.006000	0.894000	0.458000	192.000000	255.000000	208.000000	27.000000	240.000000	14.000000	80.000000	0.000000	0.000000	0.000000	1790355211.742589	0.000000
156.000000	12726.300982	45098.913622	-2944.127076	-32193.552815	22759.753199	-32264.988990	-10541.216796	-19150.572318	-0.006000	0.894000	0.458000	192.000000	0.000000	0.000000	0.000000	0.000000	0.000000	0.000000	0.000000	0.000000	0.000000	1790355211.742602	0.000000
157.000000	12741.343706	45118.381991	-2933.420591	-32189.842426	22748.510271	-32267.782958	-10549.621052	-19148.515957	-0.006000	0.894000	0.458000	192.000000	0.000000	0.000000	0.000000	0.000000	0.000000	0.000000	0.000000	0.000000	0.000000	1790355211.742614	0.000000
158.000000	12742.953031	45110.916509	-2933.532349	-32199.118400	22757.942707	-32285.396133	-10539.339249	-19155.467350	-0.006000	0.894000	0.458000	192.000000	0.000000	0.000000	0.000000	0.000000	0.000000	0.000000	0.000000	0.000000	0.000000	1790355211.742625	0.000000
159.000000	12759.336860	45113.844587	-2949.133867	-32208.394373	22751.952440	-32288.681840	-10546.760028	-19180.523655	-0.006000	0.894000	0.458000	192.000000	0.000000	0.000000	0.000000	0.000000	0.000000	0.000000	0.000000	0.000000	0.000000	1790355211.742637	0.000000
160.000000	12780.235741	45140.979605	-2929.799608	-32190.267109	22755.349905	-32280.255232	-10549.710458	-19186.692737	-0.006000	0.894000	0.458000	192.000000	0.000000	0.000000	0.000000	0.000000	0.000000	0.000000	0.000000	0.000000	0.000000	1790355211.742648	0.000000
161.000000	12765.729459	45136.732773	-2919.338992	-32180.432341	22746.498614	-32265.547784	-10531.672601	-19160.965879	-0.006000	0.894000	0.458000	192.000000	0.000000	0.000000	0.000000	0.000000	0.000000	0.000000	0.000000	0.000000	0.000000	1790355211.742676	0.000000
162.000000	12781.822715	45131.770686	-2903.916288	-32175.246736	22735.143928	-32241.966694	-10509.767891	-19138.904707	-0.006000	0.894000	0.458000	192.000000	0.000000	0.000000	0.000000	0.000000	0.000000	0.000000	0.000000	0.000000	0.000000	1790355211.742702	0.000000
163.000000	12786.360119	45109.195424	-2910.442997	-32198.112571	22764.692934	-32260.652752	-10480.263588	-19152.449864	-0.006000	0.894000	0.458000	192.000000	0.000000	0.000000	0.000000	0.000000	0.000000	0.000000	0.000000	0.000000	0.000000	1790355211.742712	0.000000
164.000000	12802.363968	45109.664811	-2921.194186	-32204.080487	22786.083554	-32261.479767	-10455.453152	-19141.676324	-0.002000	0.878000	0.468000	192.000000	255.000000	240.000000	27.000000	112.000000	14.000000	160.000000	0.000000	0.000000	0.000000	1790355211.742722	0.000000
165.000000	12824.916878	45136.710422	-2901.122320	-32179.895899	22791.760897	-32212.082411	-10446.467751	-19123.996094	-0.002000	0.878000	0.468000	192.000000	0.000000	0.000000	0.000000	0.000000	0.000000	0.000000	0.000000	0.000000	0.000000	1790355211.742733	0.000000
166.000000	12843.222957	45133.469419	-2886.034892	-32169.122358	22782.753144	-32218.318548	-10461.018736	-19131.394521	-0.002000	0.878000	0.468000	192.000000	0.000000	0.000000	0.000000	0.000000	0.000000	0.000000	0.000000	0.000000	0.000000	1790355211.742742	0.000000
167.000000	12842.328887	45101.618183	-2907.090236	-32198.850179	22779.087458	-32256.227107	-10450.982803	-19167.604347	-0.002000	0.878000	0.468000	192.000000	0.000000	0.000000	0.000000	0.000000	0.000000	0.000000	0.000000	0.000000	0.000000	1790355211.742753	0.000000
168.000000	12857.326908	45117.465570	-2900.183547	-32200.526559	22804.121411	-32258.283467	-10407.016922	-19170.174798	-0.002000	0.878000	0.468000	192.000000	0.000000	0.000000	0.000000	0.000000	0.000000	0.000000	0.000000	0.000000	0.000000	1790355211.742785	0.000000
169.000000	12880.013928	45145.338195	-2899.892974	-32194.245719	22774.259481	-32242.793708	-10428.161672	-19173.259339	-0.002000	0.878000	0.468000	192.000000	0.000000	0.000000	0.000000	0.000000	0.000000	0.000000	0.000000	0.000000	0.000000	1790355211.742795	0.000000
170.000000	12887.546466	45132.508294	-2912.477006	-32208.796705	22761.362524	-32267.827662	-10447.875911	-19207.099880	-0.002000	0.878000	0.468000	192.000000	0.000000	0.000000	0.000000	0.000000	0.000000	0.000000	0.000000	0.000000	0.000000	1790355211.742805	0.000000
171.000000	12894.408452	45101.618183	-2910.197128	-32214.898731	22778.953347	-32290.693497	-10445.439571	-19236.782996	-0.002000	0.878000	0.468000	192.000000	0.000000	0.000000	0.000000	0.000000	0.000000	0.000000	0.000000	0.000000	0.000000	1790355211.742815	0.000000
172.000000	12919.576516	45130.809561	-2893.030988	-32185.372077	22818.247714	-32280.188177	-10406.994570	-19211.234952	-0.002000	0.878000	0.468000	192.000000	0.000000	0.000000	0.000000	0.000000	0.000000	0.000000	0.000000	0.000000	0.000000	1790355211.742825	0.000000
173.000000	12919.196536	45151.775497	-2899.892974	-32177.884242	22825.534383	-32260.228069	-10401.540744	-19222.388473	-0.002000	0.878000	0.468000	192.000000	0.000000	0.000000	0.000000	0.000000	0.000000	0.000000	0.000000	0.000000	0.000000	1790355211.742835	0.000000
174.000000	12914.256801	45144.041794	-2920.724800	-32194.133961	22789.302205	-32257.568211	-10426.418236	-19249.456435	-0.002000	0.830000	0.452000	192.000000	255.000000	240.000000	25.000000	240.000000	14.000000	32.000000	0.000000	0.000000	0.000000	1790355211.742845	0.000000
175.000000	12925.924412	45131.368355	-2911.627640	-32186.266146	22802.825010	-32268.520566	-10420.383265	-19260.855825	-0.002000	0.830000	0.452000	192.000000	0.000000	0.000000	0.000000	0.000000	0.000000	0.000000	0.000000	0.000000	0.000000	1790355211.742857	0.000000
176.000000	12942.397647	45134.609358	-2891.019331	-32173.235079	22836.263220	-32272.700342	-10395.170497	-19259.470017	-0.002000	0.830000	0.452000	192.000000	0.000000	0.000000	0.000000	0.000000	0.000000	0.000000	0.000000	0.000000	0.000000	1790355211.742867	0.000000
177.000000	12959.943767	45151.887256	-2885.297285	-32167.825957	22821.555772	-32273.057970	-10406.011093	-19272.948119	-0.002000	0.830000	0.452000	192.000000	0.000000	0.000000	0.000000	0.000000	0.000000	0.000000	0.000000	0.000000	0.000000	1790355211.742877	0.000000
178.000000	12953.886444	45147.640425	-2898.820090	-32170.888146	22797.460591	-32284.971450	-10432.520262	-19289.086078	-0.002000	0.830000	0.452000	192.000000	0.000000	0.000000	0.000000	0.000000	0.000000	0.000000	0.000000	0.000000	0.000000	1790355211.742887	0.000000
179.000000	12951.338345	45130.317823	-2893.567430	-32169.837614	22805.462516	-32295.230901	-10426.485291	-19286.515628	-0.002000	0.830000	0.452000	192.000000	0.000000	0.000000	0.000000	0.000000	0.000000	0.000000	0.000000	0.000000	0.000000	1790355211.742897	0.000000
180.000000	12961.798961	45137.135105	-2868.846401	-32164.249678	22860.760732	-32306.451476	-10390.700148	-19268.813046	-0.002000	0.830000	0.452000	192.000000	0.000000	0.000000	0.000000	0.000000	0.000000	0.000000	0.000000	0.000000	0.000000	1790355211.742907	0.000000
181.000000	12972.863075	45149.316806	-2870.723947	-32174.352667	22854.122264	-32297.913110	-10402.546573	-19251.110464	-0.002000	0.830000	0.452000	192.000000	0.000000	0.000000	0.000000	0.000000	0.000000	0.000000	0.000000	0.000000	0.000000	1790355211.742917	0.000000
182.000000	12954.914624	45140.331404	-2883.889125	-32184.075675	22823.455670	-32290.045296	-10427.491120	-19244.092017	-0.002000	0.830000	0.452000	192.000000	0.000000	0.000000	0.000000	0.000000	0.000000	0.000000	0.000000	0.000000	0.000000	1790355211.742927	0.000000
183.000000	12952.232415	45131.569520	-2876.356587	-32186.199091	22851.507110	-32291.520511	-10400.490212	-19218.923952	-0.002000	0.830000	0.452000	192.000000	0.000000	0.000000	0.000000	0.000000	0.000000	0.000000	0.000000	0.000000	0.000000	1790355212.212884	0.000000
184.000000	12975.612339	45143.639462	-2848.662776	-32171.804568	22888.275729	-32288.525377	-10381.468878	-19216.956999	0.002000	0.890000	0.446000	192.000000	0.000000	16.000000	27.000000	208.000000	13.000000	240.000000	0.000000	0.000000	0.000000	1790355212.213370	0.000000
185.000000	12988.174020	45156.804640	-2840.325575	-32185.036801	22905.441869	-32286.848997	-10424.652448	-19222.343769	0.002000	0.890000	0.446000	192.000000	0.000000	0.000000	0.000000	0.000000	0.000000	0.000000	0.000000	0.000000	0.000000	1790355212.213422	0.000000
186.000000	12988.218723	45169.835707	-2828.479150	-32177.526614	22895.428287	-32278.131816	-10518.462720	-19208.597447	0.002000	0.890000	0.446000	192.000000	0.000000	0.000000	0.000000	0.000000	0.000000	0.000000	0.000000	0.000000	0.000000	1790355212.213457	0.000000
187.000000	12973.868903	45156.089384	-2834.916453	-32171.938678	22871.713087	-32285.284374	-10585.227380	-19203.970635	0.002000	0.890000	0.446000	192.000000	0.000000	0.000000	0.000000	0.000000	0.000000	0.000000	0.000000	0.000000	0.000000	1790355212.213471	0.000000
188.000000	12979.568598	45140.845494	-2847.187560	-32184.656821	22880.519674	-32286.357258	-10606.260372	-19216.644075	0.002000	0.890000	0.446000	192.000000	0.000000	0.000000	0.000000	0.000000	0.000000	0.000000	0.000000	0.000000	0.000000	1790355212.213528	0.000000
189.000000	12998.880505	45180.743358	-2833.284775	-32169.569393	22903.318453	-32252.539069	-10589.653026	-19201.422537	0.002000	0.890000	0.446000	192.000000	0.000000	0.000000	0.000000	0.000000	0.000000	0.000000	0.000000	0.000000	0.000000	1790355212.213543	0.000000
190.000000	13016.739549	45215.142693	-2816.900947	-32164.786120	22890.667366	-32245.744138	-10567.144819	-19207.166935	0.002000	0.890000	0.446000	192.000000	0.000000	0.000000	0.000000	0.000000	0.000000	0.000000	0.000000	0.000000	0.000000	1790355212.213558	0.000000
191.000000	12990.565656	45158.436317	-2845.779401	-32207.254434	22868.159159	-32280.702267	-10568.575331	-19239.867537	0.002000	0.890000	0.446000	192.000000	0.000000	0.000000	0.000000	0.000000	0.000000	0.000000	0.000000	0.000000	0.000000	1790355212.213571	0.000000
192.000000	12986.810563	45130.474285	-2859.436316	-32215.792801	22894.377755	-32289.285337	-10544.010764	-19242.482691	0.002000	0.890000	0.446000	192.000000	0.000000	0.000000	0.000000	0.000000	0.000000	0.000000	0.000000	0.000000	0.000000	1790355212.213586	0.000000
193.000000	12997.941732	45144.622939	-2853.803677	-32217.022147	22911.409785	-32285.172616	-10539.808636	-19247.042447	0.002000	0.890000	0.446000	192.000000	0.000000	0.000000	0.000000	0.000000	0.000000	0.000000	0.000000	0.000000	0.000000	1790355212.213598	0.000000
194.000000	13017.119529	45154.301245	-2846.405249	-32219.100859	22903.810192	-32299.969470	-10560.774572	-19251.758665	0.004000	0.862000	0.440000	192.000000	0.000000	32.000000	26.000000	240.000000	13.000000	192.000000	0.000000	0.000000	0.000000	1790355212.213613	0.000000
195.000000	13022.215727	45151.060242	-2839.878540	-32219.369080	22899.228084	-32296.192026	-10563.568540	-19240.649848	0.004000	0.862000	0.440000	192.000000	0.000000	0.000000	0.000000	0.000000	0.000000	0.000000	0.000000	0.000000	0.000000	1790355212.213627	0.000000
196.000000	13030.418817	45133.268253	-2844.505351	-32222.945359	22927.614799	-32298.628366	-10544.815426	-19233.318476	0.004000	0.862000	0.440000	192.000000	0.000000	0.000000	0.000000	0.000000	0.000000	0.000000	0.000000	0.000000	0.000000	1790355212.213641	0.000000
197.000000	13025.546137	45127.993241	-2851.769668	-32234.322397	22917.757680	-32311.704136	-10550.984508	-19242.348581	0.004000	0.862000	0.440000	192.000000	0.000000	0.000000	0.000000	0.000000	0.000000	0.000000	0.000000	0.000000	0.000000	1790355212.213657	0.000000
198.000000	13041.192358	45141.247826	-2839.386802	-32226.029900	22916.103651	-32306.853808	-10568.843552	-19237.341790	0.004000	0.862000	0.440000	192.000000	0.000000	0.000000	0.000000	0.000000	0.000000	0.000000	0.000000	0.000000	0.000000	1790355212.213668	0.000000
199.000000	13049.127227	45144.108849	-2838.939767	-32229.159144	22909.241666	-32316.777982	-10574.029156	-19229.473976	0.004000	0.862000	0.440000	192.000000	0.000000	0.000000	0.000000	0.000000	0.000000	0.000000	0.000000	0.000000	0.000000	1790355212.213839	0.000000
200.000000	13062.918253	45147.260445	-2809.569575	-32215.949263	22925.983122	-32299.433029	-10553.622014	-19215.079452	0.004000	0.862000	0.440000	192.000000	0.000000	0.000000	0.000000	0.000000	0.000000	0.000000	0.000000	0.000000	0.000000	1790355212.213852	0.000000
201.000000	13065.488704	45140.510218	-2806.373275	-32206.360365	22947.887832	-32305.825628	-10551.811522	-19221.650865	0.004000	0.862000	0.440000	192.000000	0.000000	0.000000	0.000000	0.000000	0.000000	0.000000	0.000000	0.000000	0.000000	1790355212.213867	0.000000
202.000000	13067.455657	45159.665663	-2803.847528	-32202.068830	22956.873233	-32305.020965	-10543.429618	-19186.871551	0.004000	0.862000	0.440000	192.000000	0.000000	0.000000	0.000000	0.000000	0.000000	0.000000	0.000000	0.000000	0.000000	1790355212.213880	0.000000
203.000000	13070.897826	45171.847364	-2808.161415	-32200.124228	22938.209526	-32294.023906	-10541.261499	-19168.543120	0.004000	0.862000	0.440000	192.000000	0.000000	0.000000	0.000000	0.000000	0.000000	0.000000	0.000000	0.000000	0.000000	1790355212.213893	0.000000
204.000000	13076.776335	45148.266274	-2815.358676	-32209.690775	22936.667256	-32313.805200	-10550.224549	-19202.517772	0.004000	0.878000	0.442000	192.000000	0.000000	32.000000	27.000000	112.000000	13.000000	208.000000	0.000000	0.000000	0.000000	1790355212.213910	0.000000
205.000000	13081.134925	45124.506369	-2797.633743	-32215.904560	22972.944137	-32320.868352	-10522.486034	-19183.094106	0.004000	0.878000	0.442000	192.000000	0.000000	0.000000	0.000000	0.000000	0.000000	0.000000	0.000000	0.000000	0.000000	1790355212.213924	0.000000
206.000000	13076.306948	45119.656041	-2792.515194	-32214.183475	22984.678803	-32309.804238	-10513.746502	-19161.614080	0.004000	0.878000	0.442000	192.000000	0.000000	0.000000	0.000000	0.000000	0.000000	0.000000	0.000000	0.000000	0.000000	1790355212.213938	0.000000
207.000000	13081.090222	45123.366430	-2782.702778	-32202.649975	22980.856655	-32287.586604	-10533.572499	-19145.878452	0.004000	0.878000	0.442000	192.000000	0.000000	0.000000	0.000000	0.000000	0.000000	0.000000	0.000000	0.000000	0.000000	1790355212.213950	0.000000
208.000000	13097.384643	45117.733791	-2772.376272	-32205.712164	22983.516512	-32285.463188	-10550.313956	-19150.795835	0.004000	0.878000	0.442000	192.000000	0.000000	0.000000	0.000000	0.000000	0.000000	0.000000	0.000000	0.000000	0.000000	1790355212.213962	0.000000
209.000000	13103.665483	45117.778494	-2772.376272	-32211.411859	23015.837135	-32291.319345	-10547.318822	-19152.136940	0.004000	0.878000	0.442000	192.000000	0.000000	0.000000	0.000000	0.000000	0.000000	0.000000	0.000000	0.000000	0.000000	1790355212.213976	0.000000
210.000000	13122.731521	45157.005806	-2767.235371	-32199.990118	23021.492126	-32278.154168	-10548.212892	-19143.375056	0.004000	0.878000	0.442000	192.000000	0.000000	0.000000	0.000000	0.000000	0.000000	0.000000	0.000000	0.000000	0.000000	1790355212.213989	0.000000
211.000000	13119.959905	45161.096175	-2776.086661	-32205.220426	22987.942158	-32285.664354	-10583.573351	-19152.338106	0.004000	0.878000	0.442000	192.000000	0.000000	0.000000	0.000000	0.000000	0.000000	0.000000	0.000000	0.000000	0.000000	1790355212.214002	0.000000
212.000000	13121.166899	45143.594759	-2757.445306	-32207.097972	22998.626292	-32296.907282	-10591.776442	-19154.461521	0.004000	0.878000	0.442000	192.000000	0.000000	0.000000	0.000000	0.000000	0.000000	0.000000	0.000000	0.000000	0.000000	1790355212.214016	0.000000
213.000000	13118.261173	45113.375200	-2774.142060	-32224.286464	23028.890554	-32312.039413	-10584.355662	-19163.625737	0.004000	0.878000	0.442000	192.000000	0.000000	0.000000	0.000000	0.000000	0.000000	0.000000	0.000000	0.000000	0.000000	1790355212.214028	0.000000
214.000000	13132.722751	45128.976718	-2775.259647	-32220.441964	23030.544583	-32300.014174	-10595.240962	-19168.788990	-0.006000	0.872000	0.436000	192.000000	255.000000	208.000000	27.000000	64.000000	13.000000	160.000000	0.000000	0.000000	0.000000	1790355212.214141	0.000000
215.000000	13148.078400	45166.214724	-2760.663958	-32205.667461	23030.879859	-32297.980165	-10621.973648	-19172.521731	-0.006000	0.872000	0.436000	192.000000	0.000000	0.000000	0.000000	0.000000	0.000000	0.000000	0.000000	0.000000	0.000000	1790355212.214157	0.000000
216.000000	13141.059952	45155.575294	-2764.173182	-32213.378812	23049.588269	-32302.517569	-10619.850233	-19170.666536	-0.006000	0.872000	0.436000	192.000000	0.000000	0.000000	0.000000	0.000000	0.000000	0.000000	0.000000	0.000000	0.000000	1790355212.214170	0.000000
217.000000	13145.977336	45140.666680	-2769.805821	-32220.397260	23096.817505	-32307.211436	-10592.670511	-19164.475103	-0.006000	0.872000	0.436000	192.000000	0.000000	0.000000	0.000000	0.000000	0.000000	0.000000	0.000000	0.000000	0.000000	1790355212.214182	0.000000
218.000000	13139.607089	45127.434448	-2796.136176	-32240.670292	23100.460839	-32321.896532	-10603.309942	-19161.681135	-0.006000	0.872000	0.436000	192.000000	0.000000	0.000000	0.000000	0.000000	0.000000	0.000000	0.000000	0.000000	0.000000	1790355212.214197	0.000000
219.000000	13163.814028	45160.537381	-2757.333548	-32215.569283	23147.555965	-32282.378648	-10591.128241	-19119.481041	-0.006000	0.872000	0.436000	192.000000	0.000000	0.000000	0.000000	0.000000	0.000000	0.000000	0.000000	0.000000	0.000000	1790355212.214211	0.000000
220.000000	13185.048185	45171.914419	-2735.697059	-32193.418705	23168.387791	-32259.222240	-10599.733663	-19107.925189	-0.006000	0.872000	0.436000	192.000000	0.000000	0.000000	0.000000	0.000000	0.000000	0.000000	0.000000	0.000000	0.000000	1790355212.214244	0.000000
221.000000	13163.702269	45133.357660	-2763.145001	-32228.667406	23173.975727	-32312.844075	-10613.658799	-19136.669533	-0.006000	0.872000	0.436000	192.000000	0.000000	0.000000	0.000000	0.000000	0.000000	0.000000	0.000000	0.000000	0.000000	1790355212.214260	0.000000
222.000000	13169.670185	45124.282852	-2761.490972	-32238.502173	23190.225445	-32330.390195	-10628.075675	-19150.706428	-0.006000	0.872000	0.436000	192.000000	0.000000	0.000000	0.000000	0.000000	0.000000	0.000000	0.000000	0.000000	0.000000	1790355212.214278	0.000000
223.000000	13178.856752	45147.461611	-2753.310234	-32214.719917	23198.786163	-32289.642965	-10647.432285	-19143.777388	-0.006000	0.872000	0.436000	192.000000	0.000000	0.000000	0.000000	0.000000	0.000000	0.000000	0.000000	0.000000	0.000000	1790355212.214296	0.000000
224.000000	13195.441746	45166.929980	-2732.992498	-32187.450789	23216.846373	-32266.397150	-10650.136846	-19116.418852	-0.008000	0.882000	0.454000	192.000000	255.000000	192.000000	27.000000	144.000000	14.000000	48.000000	0.000000	0.000000	0.000000	1790355212.214342	0.000000
225.000000	13181.293092	45155.709404	-2739.027469	-32203.164065	23230.302123	-32311.860599	-10652.863759	-19123.504355	-0.008000	0.882000	0.454000	192.000000	0.000000	0.000000	0.000000	0.000000	0.000000	0.000000	0.000000	0.000000	0.000000	1790355212.214389	0.000000
226.000000	13185.606979	45149.875599	-2758.987577	-32214.250531	23214.387681	-32330.211381	-10681.026957	-19150.326449	-0.008000	0.882000	0.454000	192.000000	0.000000	0.000000	0.000000	0.000000	0.000000	0.000000	0.000000	0.000000	0.000000	1790355212.214435	0.000000
227.000000	13198.012197	45159.263332	-2732.232539	-32199.878359	23226.502326	-32301.869369	-10699.802422	-19138.591783	-0.008000	0.882000	0.454000	192.000000	0.000000	0.000000	0.000000	0.000000	0.000000	0.000000	0.000000	0.000000	0.000000	1790355212.214475	0.000000
228.000000	13194.435918	45145.047622	-2729.617385	-32189.864777	23221.964922	-32268.319400	-10724.299934	-19126.499489	-0.008000	0.882000	0.454000	192.000000	0.000000	0.000000	0.000000	0.000000	0.000000	0.000000	0.000000	0.000000	0.000000	1790355212.214526	0.000000
229.000000	13194.078290	45125.311032	-2742.603748	-32195.966804	23228.759852	-32280.724619	-10722.601202	-19126.924172	-0.008000	0.882000	0.454000	192.000000	0.000000	0.000000	0.000000	0.000000	0.000000	0.000000	0.000000	0.000000	0.000000	1790355212.214543	0.000000
230.000000	13198.682749	45116.571500	-2744.816571	-32211.389507	23243.646114	-32337.274532	-10737.263946	-19171.337089	-0.008000	0.882000	0.454000	192.000000	0.000000	0.000000	0.000000	0.000000	0.000000	0.000000	0.000000	0.000000	0.000000	1790355212.214736	0.000000
231.000000	13197.274589	45109.776570	-2742.268472	-32219.637301	23236.560611	-32343.980055	-10766.052993	-19165.950318	-0.008000	0.882000	0.454000	192.000000	0.000000	0.000000	0.000000	0.000000	0.000000	0.000000	0.000000	0.000000	0.000000	1790355212.214752	0.000000
232.000000	13193.631255	45101.640535	-2741.106181	-32208.975519	23234.213678	-32287.608956	-10776.491258	-19135.350780	-0.008000	0.882000	0.454000	192.000000	0.000000	0.000000	0.000000	0.000000	0.000000	0.000000	0.000000	0.000000	0.000000	1790355212.214767	0.000000
233.000000	13199.554467	45092.744540	-2726.443437	-32197.956109	23286.002670	-32272.856804	-10766.947063	-19112.417890	-0.008000	0.882000	0.454000	192.000000	0.000000	0.000000	0.000000	0.000000	0.000000	0.000000	0.000000	0.000000	0.000000	1790355212.214780	0.000000
234.000000	13205.656493	45088.341247	-2726.734010	-32201.219463	23315.909304	-32285.060857	-10768.466981	-19126.991228	0.006000	0.884000	0.454000	192.000000	0.000000	48.000000	27.000000	160.000000	14.000000	48.000000	0.000000	0.000000	0.000000	1790355212.214793	0.000000
235.000000	13201.923752	45089.347075	-2732.344297	-32212.462391	23307.147420	-32292.414581	-10779.709909	-19124.219611	0.006000	0.884000	0.454000	192.000000	0.000000	0.000000	0.000000	0.000000	0.000000	0.000000	0.000000	0.000000	0.000000	1790355212.214806	0.000000
236.000000	13201.007331	45091.492843	-2717.055704	-32197.598481	23296.910321	-32280.612860	-10785.007272	-19116.105928	0.006000	0.884000	0.454000	192.000000	0.000000	0.000000	0.000000	0.000000	0.000000	0.000000	0.000000	0.000000	0.000000	1790355212.214817	0.000000
237.000000	13222.956744	45102.892232	-2689.831279	-32175.939641	23312.288322	-32269.459339	-10773.362014	-19107.209934	0.006000	0.884000	0.454000	192.000000	0.000000	0.000000	0.000000	0.000000	0.000000	0.000000	0.000000	0.000000	0.000000	1790355212.214832	0.000000
238.000000	13210.439767	45062.346168	-2710.260774	-32200.392449	23323.397139	-32282.423351	-10768.377574	-19126.119509	0.006000	0.884000	0.454000	192.000000	0.000000	0.000000	0.000000	0.000000	0.000000	0.000000	0.000000	0.000000	0.000000	1790355212.214844	0.000000
239.000000	13196.604037	45045.224732	-2716.318097	-32218.318548	23349.258107	-32273.907336	-10782.727394	-19143.620925	0.006000	0.884000	0.454000	192.000000	0.000000	0.000000	0.000000	0.000000	0.000000	0.000000	0.000000	0.000000	0.000000	1790355212.214856	0.000000
240.000000	13215.267744	45076.606581	-2700.738931	-32201.107705	23341.993790	-32261.032732	-10797.099566	-19136.021332	0.006000	0.884000	0.454000	192.000000	0.000000	0.000000	0.000000	0.000000	0.000000	0.000000	0.000000	0.000000	0.000000	1790355212.214869	0.000000
241.000000	13219.402816	45078.171203	-2681.918762	-32205.443943	23345.637124	-32269.727560	-10808.387197	-19132.981495	0.006000	0.884000	0.454000	192.000000	0.000000	0.000000	0.000000	0.000000	0.000000	0.000000	0.000000	0.000000	0.000000	1790355212.214882	0.000000
242.000000	13223.873165	45070.035168	-2671.078166	-32213.468219	23385.378526	-32293.353354	-10798.418319	-19133.115605	0.006000	0.884000	0.454000	192.000000	0.000000	0.000000	0.000000	0.000000	0.000000	0.000000	0.000000	0.000000	0.000000	1790355212.214893	0.000000
243.000000	13231.539813	45077.858278	-2670.966407	-32212.752964	23384.037421	-32294.359183	-10800.452328	-19134.903745	0.006000	0.884000	0.454000	192.000000	0.000000	0.000000	0.000000	0.000000	0.000000	0.000000	0.000000	0.000000	0.000000	1790355212.214905	0.000000
244.000000	13242.022782	45102.556956	-2656.929512	-32196.927929	23364.703162	-32262.753816	-10820.725360	-19130.656914	0.030000	0.862000	0.440000	192.000000	0.000000	240.000000	26.000000	240.000000	13.000000	192.000000	0.000000	0.000000	0.000000	1790355212.214917	0.000000
245.000000	13230.019895	45085.614334	-2662.964483	-32209.757830	23359.092874	-32292.168712	-10826.670924	-19128.533498	0.030000	0.862000	0.440000	192.000000	0.000000	0.000000	0.000000	0.000000	0.000000	0.000000	0.000000	0.000000	0.000000	1790355212.214993	0.000000
246.000000	13225.214270	45063.597866	-2662.249227	-32220.307853	23383.188055	-32309.647776	-10826.469758	-19128.824071	0.030000	0.862000	0.440000	192.000000	0.000000	0.000000	0.000000	0.000000	0.000000	0.000000	0.000000	0.000000	0.000000	1790355212.215008	0.000000
247.000000	13221.012142	45061.429746	-2663.411518	-32229.315606	23391.279386	-32305.445648	-10856.488151	-19151.555795	0.030000	0.862000	0.440000	192.000000	0.000000	0.000000	0.000000	0.000000	0.000000	0.000000	0.000000	0.000000	0.000000	1790355212.215021	0.000000
248.000000	13204.114223	45059.306331	-2680.130622	-32251.220316	23348.296982	-32331.865410	-10901.862192	-19164.072772	0.030000	0.862000	0.440000	192.000000	0.000000	0.000000	0.000000	0.000000	0.000000	0.000000	0.000000	0.000000	0.000000	1790355212.215033	0.000000
249.000000	13216.161813	45081.322799	-2665.423175	-32238.725691	23351.627392	-32322.343567	-10901.683378	-19153.880376	0.030000	0.862000	0.440000	192.000000	0.000000	0.000000	0.000000	0.000000	0.000000	0.000000	0.000000	0.000000	0.000000	1790355212.215045	0.000000
250.000000	13242.648630	45102.601660	-2630.219177	-32213.423516	23423.309436	-32285.731409	-10841.512482	-19093.910646	0.030000	0.862000	0.440000	192.000000	0.000000	0.000000	0.000000	0.000000	0.000000	0.000000	0.000000	0.000000	0.000000	1790355212.215058	0.000000
251.000000	13239.877014	45092.409264	-2634.845988	-32226.678100	23418.995550	-32287.407790	-10850.564939	-19086.579274	0.030000	0.862000	0.440000	192.000000	0.000000	0.000000	0.000000	0.000000	0.000000	0.000000	0.000000	0.000000	0.000000	1790355212.215072	0.000000
252.000000	13246.984869	45091.537546	-2627.872244	-32231.483725	23423.845878	-32288.637136	-10883.869038	-19097.643387	0.030000	0.862000	0.440000	192.000000	0.000000	0.000000	0.000000	0.000000	0.000000	0.000000	0.000000	0.000000	0.000000	1790355212.215087	0.000000
253.000000	13244.034439	45091.850471	-2623.066619	-32213.468219	23406.947959	-32276.120159	-10908.254791	-19087.987433	0.010000	0.876000	0.428000	192.000000	0.000000	80.000000	27.000000	96.000000	13.000000	96.000000	0.000000	0.000000	0.000000	1790355212.215099	0.000000
254.000000	13255.500884	45086.083720	-2610.124959	-32198.850179	23436.765186	-32279.227052	-10902.309227	-19085.864018	0.010000	0.876000	0.428000	192.000000	0.000000	0.000000	0.000000	0.000000	0.000000	0.000000	0.000000	0.000000	0.000000	1790355212.215111	0.000000
255.000000	13252.528102	45072.963246	-2628.833369	-32226.164010	23455.630059	-32318.990805	-10918.201318	-19125.895992	0.010000	0.876000	0.428000	192.000000	0.000000	0.000000	0.000000	0.000000	0.000000	0.000000	0.000000	0.000000	0.000000	1790355212.215124	0.000000
0.000000	13250.695258	45073.454985	-2653.688509	-32226.499286	23434.932343	-32318.297901	-10961.228426	-19136.378960	0.010000	0.876000	0.428000	192.000000	0.000000	0.000000	0.000000	0.000000	0.000000	0.000000	0.000000	0.000000	0.000000	1790355212.215136	0.000000
1.000000	13258.786590	45095.516157	-2645.060735	-32202.426458	23437.659256	-32285.351430	-10969.543275	-19100.929093	0.010000	0.876000	0.428000	192.000000	0.000000	0.000000	0.000000	0.000000	0.000000	0.000000	0.000000	0.000000	0.000000	1790355212.215147	0.000000
2.000000	13255.791456	45083.826194	-2634.153084	-32193.798684	23454.579527	-32288.815950	-10969.587978	-19083.405326	0.010000	0.876000	0.428000	192.000000	0.000000	0.000000	0.000000	0.000000	0.000000	0.000000	0.000000	0.000000	0.000000	1790355212.215160	0.000000
3.000000	13247.051924	45068.694063	-2646.044212	-32201.107705	23484.083829	-32301.154113	-10966.637548	-19080.097268	0.010000	0.876000	0.428000	192.000000	0.000000	0.000000	0.000000	0.000000	0.000000	0.000000	0.000000	0.000000	0.000000	1790355212.215191	0.000000
4.000000	13253.533930	45062.524982	-2637.997584	-32200.615966	23505.228580	-32304.216302	-10990.665673	-19089.440297	0.010000	0.876000	0.428000	192.000000	0.000000	0.000000	0.000000	0.000000	0.000000	0.000000	0.000000	0.000000	0.000000	1790355212.215206	0.000000
5.000000	13257.959575	45059.798069	-2640.232759	-32201.800609	23485.000251	-32306.965567	-11018.560650	-19087.495695	0.010000	0.876000	0.428000	192.000000	0.000000	0.000000	0.000000	0.000000	0.000000	0.000000	0.000000	0.000000	0.000000	1790355212.215298	0.000000
6.000000	13255.344421	45034.831170	-2641.104477	-32199.587786	23490.610539	-32303.746915	-11016.616048	-19083.405326	0.010000	0.876000	0.428000	192.000000	0.000000	0.000000	0.000000	0.000000	0.000000	0.000000	0.000000	0.000000	0.000000	1790355212.215311	0.000000
7.000000	13243.743866	44994.016885	-2644.077259	-32217.290368	23506.614388	-32324.444631	-11017.331304	-19105.958236	0.018000	0.888000	0.430000	192.000000	0.000000	144.000000	27.000000	192.000000	13.000000	112.000000	0.000000	0.000000	0.000000	1790355212.215323	0.000000
8.000000	13249.130636	44984.427987	-2643.786686	-32220.732536	23514.795126	-32322.164753	-11024.707380	-19102.583123	0.018000	0.888000	0.430000	192.000000	0.000000	0.000000	0.000000	0.000000	0.000000	0.000000	0.000000	0.000000	0.000000	1790355212.215338	0.000000
9.000000	13259.993584	45007.874967	-2631.269709	-32208.953167	23501.026452	-32311.592378	-11040.107732	-19087.361585	0.018000	0.888000	0.430000	192.000000	0.000000	0.000000	0.000000	0.000000	0.000000	0.000000	0.000000	0.000000	0.000000	1790355212.215355	0.000000
10.000000	13264.441581	45023.990574	-2622.060790	-32200.459504	23507.508458	-32307.524360	-11046.254462	-19071.871826	0.018000	0.888000	0.430000	192.000000	0.000000	0.000000	0.000000	0.000000	0.000000	0.000000	0.000000	0.000000	0.000000	1790355212.215369	0.000000
11.000000	13260.530026	45018.827321	-2611.667229	-32200.303042	23559.968002	-32297.242558	-11047.573214	-19068.742581	0.018000	0.888000	0.430000	192.000000	0.000000	0.000000	0.000000	0.000000	0.000000	0.000000	0.000000	0.000000	0.000000	1790355212.215380	0.000000
12.000000	13248.951822	45004.164577	-2631.292061	-32218.698528	23566.472359	-32312.039413	-11073.121258	-19086.378108	0.018000	0.888000	0.430000	192.000000	0.000000	0.000000	0.000000	0.000000	0.000000	0.000000	0.000000	0.000000	0.000000	1790355212.215396	0.000000
13.000000	13257.289023	45002.756417	-2635.851817	-32223.750022	23556.570537	-32328.646759	-11120.775178	-19094.491791	0.018000	0.888000	0.430000	192.000000	0.000000	0.000000	0.000000	0.000000	0.000000	0.000000	0.000000	0.000000	0.000000	1790355212.215408	0.000000
14.000000	13278.478477	45005.930365	-2608.806206	-32214.496400	23563.320764	-32313.961663	-11154.012222	-19091.697823	0.018000	0.888000	0.430000	192.000000	0.000000	0.000000	0.000000	0.000000	0.000000	0.000000	0.000000	0.000000	0.000000	1790355212.215421	0.000000
15.000000	13281.205390	44990.619420	-2618.484511	-32228.510943	23555.072970	-32331.619541	-11195.139431	-19122.923210	0.018000	0.888000	0.430000	192.000000	0.000000	0.000000	0.000000	0.000000	0.000000	0.000000	0.000000	0.000000	0.000000	1790355212.215434	0.000000
16.000000	13267.079087	44967.418309	-2650.626320	-32261.323304	23548.479205	-32365.147157	-11255.399734	-19161.502321	0.018000	0.888000	0.430000	192.000000	0.000000	0.000000	0.000000	0.000000	0.000000	0.000000	0.000000	0.000000	0.000000	1790355212.215448	0.000000
17.000000	13279.081974	44992.564022	-2632.387296	-32238.725691	23568.439313	-32330.792526	-11227.281240	-19100.482059	0.006000	0.886000	0.426000	192.000000	0.000000	48.000000	27.000000	176.000000	13.000000	80.000000	0.000000	0.000000	0.000000	1790355212.215462	0.000000
18.000000	13281.987701	44997.749626	-2619.222119	-32226.901618	23597.429526	-32314.989843	-11203.901315	-19056.315012	0.006000	0.886000	0.426000	192.000000	0.000000	0.000000	0.000000	0.000000	0.000000	0.000000	0.000000	0.000000	0.000000	1790355212.215477	0.000000
19.000000	13288.536762	44988.540708	-2610.147311	-32235.439984	23648.995000	-32315.459229	-11199.989760	-19052.626974	0.006000	0.886000	0.426000	192.000000	0.000000	0.000000	0.000000	0.000000	0.000000	0.000000	0.000000	0.000000	0.000000	1790355212.215494	0.000000
20.000000	13311.626114	44987.557231	-2611.622526	-32248.359293	23676.465294	-32326.344529	-11207.410539	-19048.536604	0.006000	0.886000	0.426000	192.000000	0.000000	0.000000	0.000000	0.000000	0.000000	0.000000	0.000000	0.000000	0.000000	1790355212.215548	0.000000
21.000000	13318.577506	44987.825452	-2620.563223	-32233.853010	23643.295305	-32307.747878	-11264.005156	-19057.320840	0.006000	0.886000	0.426000	192.000000	0.000000	0.000000	0.000000	0.000000	0.000000	0.000000	0.000000	0.000000	0.000000	1790355212.215559	0.000000
22.000000	13348.819417	44996.609687	-2588.242601	-32196.883225	23656.125206	-32276.656601	-11295.476412	-19033.717398	0.006000	0.886000	0.426000	192.000000	0.000000	0.000000	0.000000	0.000000	0.000000	0.000000	0.000000	0.000000	0.000000	1790355212.215570	0.000000
23.000000	13349.758190	44971.128699	-2590.097796	-32211.478914	23679.058096	-32294.158017	-11339.174073	-19041.138177	0.006000	0.886000	0.426000	192.000000	0.000000	0.000000	0.000000	0.000000	0.000000	0.000000	0.000000	0.000000	0.000000	1790355212.215582	0.000000
24.000000	13323.293724	44936.975233	-2621.323183	-32248.225182	23673.604271	-32335.240523	-11407.078672	-19076.923320	0.006000	0.886000	0.426000	192.000000	0.000000	0.000000	0.000000	0.000000	0.000000	0.000000	0.000000	0.000000	0.000000	1790355212.215594	0.000000
25.000000	13336.682419	44951.772088	-2626.799360	-32233.204810	23646.625715	-32340.582590	-11455.201978	-19083.941768	0.006000	0.886000	0.426000	192.000000	0.000000	0.000000	0.000000	0.000000	0.000000	0.000000	0.000000	0.000000	0.000000	1790355212.215605	0.000000
26.000000	13353.647393	44959.952826	-2610.996677	-32208.908464	23646.871584	-32321.315386	-11473.105725	-19063.042887	0.006000	0.886000	0.426000	192.000000	0.000000	0.000000	0.000000	0.000000	0.000000	0.000000	0.000000	0.000000	0.000000	1790355212.215615	0.000000
27.000000	13351.345164	44943.501943	-2619.825616	-32217.603292	23633.728759	-32327.752689	-11436.515920	-19069.837817	-0.002000	0.884000	0.444000	192.000000	255.000000	240.000000	27.000000	160.000000	13.000000	224.000000	0.000000	0.000000	0.000000	1790355212.215627	0.000000
28.000000	13355.122609	44929.599158	-2618.775084	-32224.867609	23681.337974	-32343.644779	-11392.885315	-19081.639538	-0.002000	0.884000	0.444000	192.000000	0.000000	0.000000	0.000000	0.000000	0.000000	0.000000	0.000000	0.000000	0.000000	1790355212.215642	0.000000
29.000000	13363.839789	44931.543759	-2619.266822	-32225.202885	23693.050288	-32336.693387	-11400.104928	-19078.420887	-0.002000	0.884000	0.444000	192.000000	0.000000	0.000000	0.000000	0.000000	0.000000	0.000000	0.000000	0.000000	0.000000	1790355212.215657	0.000000
30.000000	13350.093466	44908.074428	-2622.038439	-32234.054176	23665.937622	-32345.701140	-11441.522711	-19081.773648	-0.002000	0.884000	0.444000	192.000000	0.000000	0.000000	0.000000	0.000000	0.000000	0.000000	0.000000	0.000000	0.000000	1790355212.215674	0.000000
31.000000	13349.467617	44882.705198	-2614.394142	-32231.439022	23661.310811	-32355.088872	-11475.117382	-19071.245977	-0.002000	0.884000	0.444000	192.000000	0.000000	0.000000	0.000000	0.000000	0.000000	0.000000	0.000000	0.000000	0.000000	1790355212.215687	0.000000
32.000000	13368.846580	44895.803320	-2602.480662	-32214.049365	23705.790783	-32342.795413	-11503.302932	-19058.952517	-0.002000	0.884000	0.444000	192.000000	0.000000	0.000000	0.000000	0.000000	0.000000	0.000000	0.000000	0.000000	0.000000	1790355212.215705	0.000000
33.000000	13389.566647	44928.258053	-2591.215383	-32202.225292	23738.536088	-32327.216247	-11577.488372	-19044.893270	-0.002000	0.884000	0.444000	192.000000	0.000000	0.000000	0.000000	0.000000	0.000000	0.000000	0.000000	0.000000	0.000000	1790355212.215720	0.000000
34.000000	13398.552048	44934.516541	-2591.483604	-32205.443943	23706.953073	-32343.845945	-11679.032347	-19062.662907	-0.002000	0.884000	0.444000	192.000000	0.000000	0.000000	0.000000	0.000000	0.000000	0.000000	0.000000	0.000000	0.000000	1790355212.215739	0.000000
35.000000	13380.245969	44905.660439	-2607.196880	-32235.998778	23666.831692	-32363.314314	-11767.344089	-19079.493771	-0.002000	0.884000	0.444000	192.000000	0.000000	0.000000	0.000000	0.000000	0.000000	0.000000	0.000000	0.000000	0.000000	1790355212.215931	0.000000
36.000000	13389.857219	44921.440771	-2586.789738	-32215.613987	23717.525449	-32325.115183	-11784.443174	-19043.842738	-0.002000	0.884000	0.444000	192.000000	0.000000	0.000000	0.000000	0.000000	0.000000	0.000000	0.000000	0.000000	0.000000	1790355212.215971	0.000000
37.000000	13415.673484	44936.259977	-2584.398101	-32215.815153	23735.205678	-32327.506820	-11825.749198	-19048.134273	-0.002000	0.884000	0.444000	192.000000	0.000000	0.000000	28.000000	0.000000	13.000000	176.000000	0.000000	0.000000	0.000000	1790355212.216026	0.000000
38.000000	13439.768665	44934.516541	-2582.542906	-32209.914292	23718.799498	-32325.003424	-11904.114414	-19051.062352	-0.002000	0.884000	0.444000	192.000000	0.000000	0.000000	0.000000	0.000000	0.000000	0.000000	0.000000	0.000000	0.000000	1790355212.216071	0.000000
39.000000	13429.240993	44895.155119	-2598.949087	-32231.282560	23696.112477	-32361.101492	-11995.398938	-19071.424791	-0.002000	0.884000	0.444000	192.000000	0.000000	0.000000	0.000000	0.000000	0.000000	0.000000	0.000000	0.000000	0.000000	1790355212.216143	0.000000
40.000000	13448.374086	44893.724608	-2591.997694	-32225.672272	23731.718806	-32332.245389	-11996.784746	-19027.973000	-0.002000	0.884000	0.444000	192.000000	0.000000	0.000000	0.000000	0.000000	0.000000	0.000000	0.000000	0.000000	0.000000	1790355212.216195	0.000000
41.000000	13462.478037	44903.380561	-2591.148328	-32228.108612	23751.522452	-32335.240523	-12011.067511	-19030.096415	-0.002000	0.884000	0.444000	192.000000	0.000000	0.000000	0.000000	0.000000	0.000000	0.000000	0.000000	0.000000	0.000000	1790355212.216233	0.000000
42.000000	13464.489694	44912.544777	-2592.668246	-32232.757775	23725.437966	-32330.524305	-12068.399735	-19043.619221	-0.002000	0.884000	0.444000	192.000000	0.000000	0.000000	0.000000	0.000000	0.000000	0.000000	0.000000	0.000000	0.000000	1790355212.216272	0.000000
43.000000	13458.052392	44901.368904	-2590.813052	-32232.400147	23704.494381	-32334.458212	-12095.847678	-19044.088607	-0.002000	0.884000	0.444000	192.000000	0.000000	0.000000	0.000000	0.000000	0.000000	0.000000	0.000000	0.000000	0.000000	1790355212.216301	0.000000
44.000000	13466.210778	44898.127901	-2582.788775	-32228.577999	23757.602126	-32329.294959	-12079.352090	-19040.199404	-0.002000	0.884000	0.444000	192.000000	0.000000	0.000000	0.000000	0.000000	0.000000	0.000000	0.000000	0.000000	0.000000	1790355212.216319	0.000000
45.000000	13460.645194	44898.105550	-2578.497240	-32224.867609	23791.710888	-32318.230846	-12056.173331	-19028.218869	-0.002000	0.884000	0.444000	192.000000	0.000000	0.000000	0.000000	0.000000	0.000000	0.000000	0.000000	0.000000	0.000000	1790355212.216358	0.000000
46.000000	13433.130197	44877.944276	-2605.721665	-32250.929743	23756.350429	-32343.443613	-12098.038149	-19057.231433	-0.002000	0.884000	0.444000	192.000000	0.000000	0.000000	0.000000	0.000000	0.000000	0.000000	0.000000	0.000000	0.000000	1790355212.216376	0.000000
47.000000	13441.512101	44884.091006	-2576.284418	-32227.594522	23763.212414	-32333.497087	-12112.007989	-19042.836910	0.008000	0.872000	0.434000	192.000000	0.000000	64.000000	27.000000	64.000000	13.000000	144.000000	0.000000	0.000000	0.000000	1790355212.692871	0.000000
48.000000	13441.310935	44879.978285	-2565.801450	-32217.603292	23767.414542	-32319.303729	-12111.538602	-19030.409340	0.008000	0.872000	0.434000	192.000000	0.000000	0.000000	0.000000	0.000000	0.000000	0.000000	0.000000	0.000000	0.000000	1790355212.692948	0.000000
49.000000	13430.068008	44865.896686	-2573.803374	-32231.528429	23785.899435	-32332.781831	-12119.808748	-19031.795148	0.008000	0.872000	0.434000	192.000000	0.000000	0.000000	0.000000	0.000000	0.000000	0.000000	0.000000	0.000000	0.000000	1790355212.692963	0.000000
50.000000	13441.735618	44884.850965	-2565.175601	-32228.354481	23794.728374	-32340.671997	-12141.109960	-19030.834023	0.008000	0.872000	0.434000	192.000000	0.000000	0.000000	0.000000	0.000000	0.000000	0.000000	0.000000	0.000000	0.000000	1790355212.692976	0.000000
51.000000	13425.821176	44886.862622	-2557.151324	-32221.537199	23759.256155	-32327.260950	-12177.766821	-19032.823328	0.008000	0.872000	0.434000	192.000000	0.000000	0.000000	0.000000	0.000000	0.000000	0.000000	0.000000	0.000000	0.000000	1790355212.693161	0.000000
52.000000	13411.247839	44880.291209	-2558.872409	-32229.628531	23761.580737	-32345.142346	-12208.902801	-19038.455968	0.008000	0.872000	0.434000	192.000000	0.000000	0.000000	0.000000	0.000000	0.000000	0.000000	0.000000	0.000000	0.000000	1790355212.693174	0.000000
53.000000	13417.819252	44886.348532	-2541.594510	-32234.724728	23795.823609	-32346.595209	-12207.137013	-19027.280095	0.008000	0.872000	0.434000	192.000000	0.000000	0.000000	0.000000	0.000000	0.000000	0.000000	0.000000	0.000000	0.000000	1790355212.693186	0.000000
54.000000	13423.295429	44879.978285	-2547.249502	-32234.389452	23797.365880	-32345.924657	-12233.467368	-19033.717398	0.008000	0.872000	0.434000	192.000000	0.000000	0.000000	0.000000	0.000000	0.000000	0.000000	0.000000	0.000000	0.000000	1790355212.693200	0.000000
55.000000	13422.736636	44877.519593	-2543.159132	-32231.819002	23769.470903	-32351.780814	-12284.697567	-19051.419980	0.008000	0.872000	0.434000	192.000000	0.000000	0.000000	0.000000	0.000000	0.000000	0.000000	0.000000	0.000000	0.000000	1790355212.693214	0.000000
56.000000	13411.560763	44868.333026	-2533.212606	-32233.428327	23776.109371	-32362.666114	-12322.382608	-19056.203253	0.008000	0.872000	0.434000	192.000000	0.000000	0.000000	0.000000	0.000000	0.000000	0.000000	0.000000	0.000000	0.000000	1790355212.693244	0.000000
57.000000	13415.338208	44856.553657	-2543.784981	-32239.396243	23779.775057	-32359.089835	-12344.332021	-19055.622107	0.012000	0.912000	0.436000	192.000000	0.000000	96.000000	28.000000	128.000000	13.000000	160.000000	0.000000	0.000000	0.000000	1790355212.693275	0.000000
58.000000	13431.431464	44870.322331	-2539.247577	-32241.854935	23782.479618	-32361.012085	-12382.486449	-19075.112829	0.012000	0.912000	0.436000	192.000000	0.000000	0.000000	0.000000	0.000000	0.000000	0.000000	0.000000	0.000000	0.000000	1790355212.693289	0.000000
59.000000	13441.199176	44890.528308	-2530.686859	-32234.031824	23781.719659	-32343.085986	-12415.857603	-19040.646439	0.012000	0.912000	0.436000	192.000000	0.000000	0.000000	0.000000	0.000000	0.000000	0.000000	0.000000	0.000000	0.000000	1790355212.693302	0.000000
60.000000	13422.714284	44870.255276	-2541.259234	-32248.873383	23791.710888	-32352.786643	-12414.024760	-19014.763119	0.012000	0.912000	0.436000	192.000000	0.000000	0.000000	0.000000	0.000000	0.000000	0.000000	0.000000	0.000000	0.000000	1790355212.693333	0.000000
61.000000	13418.556859	44854.117316	-2532.497350	-32256.204755	23821.125784	-32337.274532	-12389.706062	-18991.651415	0.012000	0.912000	0.436000	192.000000	0.000000	0.000000	0.000000	0.000000	0.000000	0.000000	0.000000	0.000000	0.000000	1790355212.693345	0.000000
62.000000	13411.247839	44853.312654	-2544.790810	-32269.325229	23796.717679	-32345.812898	-12424.418321	-19011.298598	0.012000	0.912000	0.436000	192.000000	0.000000	0.000000	0.000000	0.000000	0.000000	0.000000	0.000000	0.000000	0.000000	1790355212.693358	0.000000
63.000000	13415.248801	44874.591514	-2529.368106	-32255.333037	23791.934406	-32326.746860	-12452.805037	-18995.831191	0.012000	0.912000	0.436000	192.000000	0.000000	0.000000	0.000000	0.000000	0.000000	0.000000	0.000000	0.000000	0.000000	1790355212.693374	0.000000
64.000000	13406.173993	44871.752843	-2524.540129	-32241.050272	23814.755537	-32312.441744	-12449.742848	-18976.161656	0.012000	0.912000	0.436000	192.000000	0.000000	0.000000	0.000000	0.000000	0.000000	0.000000	0.000000	0.000000	0.000000	1790355212.693386	0.000000
65.000000	13395.020472	44837.219398	-2525.881234	-32253.276676	23824.098566	-32331.731299	-12467.221912	-19000.793278	0.012000	0.912000	0.436000	192.000000	0.000000	0.000000	0.000000	0.000000	0.000000	0.000000	0.000000	0.000000	0.000000	1790355212.693399	0.000000
66.000000	13389.946626	44821.170845	-2539.135818	-32267.537089	23809.681691	-32333.988826	-12495.206296	-19018.205287	0.012000	0.912000	0.436000	192.000000	0.000000	0.000000	0.000000	0.000000	0.000000	0.000000	0.000000	0.000000	0.000000	1790355212.693475	0.000000
67.000000	13406.039882	44821.126142	-2532.743219	-32253.924877	23790.727412	-32322.120049	-12534.590070	-19019.904020	0.016000	0.856000	0.444000	192.000000	0.000000	128.000000	26.000000	192.000000	13.000000	224.000000	0.000000	0.000000	0.000000	1790355212.693489	0.000000
68.000000	13431.252650	44821.237900	-2500.802577	-32217.938568	23816.946008	-32284.792636	-12543.016677	-19001.039148	0.016000	0.856000	0.444000	192.000000	0.000000	0.000000	0.000000	0.000000	0.000000	0.000000	0.000000	0.000000	0.000000	1790355212.693519	0.000000
69.000000	13408.140946	44788.671409	-2521.165016	-32239.195077	23815.984883	-32339.867334	-12569.436439	-19037.696008	0.016000	0.856000	0.444000	192.000000	0.000000	0.000000	0.000000	0.000000	0.000000	0.000000	0.000000	0.000000	0.000000	1790355212.693530	0.000000
70.000000	13398.060310	44788.313781	-2530.753914	-32248.672217	23805.166639	-32358.374579	-12591.430556	-19047.441369	0.016000	0.856000	0.444000	192.000000	0.000000	0.000000	0.000000	0.000000	0.000000	0.000000	0.000000	0.000000	0.000000	1790355212.693544	0.000000
71.000000	13400.004911	44821.081438	-2506.457568	-32222.587731	23808.519400	-32315.414526	-12620.130196	-19027.838889	0.016000	0.856000	0.444000	192.000000	0.000000	0.000000	0.000000	0.000000	0.000000	0.000000	0.000000	0.000000	0.000000	1790355212.693555	0.000000
72.000000	13377.720222	44816.231110	-2490.118443	-32213.915254	23793.700194	-32314.587511	-12661.793847	-19017.355921	0.016000	0.856000	0.444000	192.000000	0.000000	0.000000	0.000000	0.000000	0.000000	0.000000	0.000000	0.000000	0.000000	1790355212.693566	0.000000
73.000000	13345.399600	44789.565479	-2496.131062	-32230.075566	23795.577740	-32358.776910	-12682.759784	-19026.810709	0.016000	0.856000	0.444000	192.000000	0.000000	0.000000	0.000000	0.000000	0.000000	0.000000	0.000000	0.000000	0.000000	1790355212.693577	0.000000
74.000000	13320.231535	44772.376987	-2501.428425	-32238.032787	23798.148191	-32374.177262	-12701.557601	-19038.321857	0.016000	0.856000	0.444000	192.000000	0.000000	0.000000	0.000000	0.000000	0.000000	0.000000	0.000000	0.000000	0.000000	1790355212.693590	0.000000
75.000000	13316.163518	44796.829795	-2481.580076	-32209.310795	23809.838153	-32321.896532	-12719.975438	-19019.926372	0.016000	0.856000	0.444000	192.000000	0.000000	0.000000	0.000000	0.000000	0.000000	0.000000	0.000000	0.000000	0.000000	1790355212.693602	0.000000
76.000000	13291.755413	44790.303086	-2481.736539	-32212.417687	23781.317327	-32337.967436	-12758.912177	-19029.157642	0.016000	0.856000	0.444000	192.000000	0.000000	0.000000	0.000000	0.000000	0.000000	0.000000	0.000000	0.000000	0.000000	1790355212.693614	0.000000
77.000000	13256.774933	44769.247743	-2475.254533	-32207.455600	23796.158885	-32348.852736	-12775.363061	-19022.139194	-0.002000	0.884000	0.462000	192.000000	255.000000	240.000000	27.000000	160.000000	14.000000	112.000000	0.000000	0.000000	0.000000	1790355212.693624	0.000000
78.000000	13238.647668	44758.608312	-2469.152506	-32212.574150	23829.440633	-32366.085931	-12766.243549	-19012.438537	-0.002000	0.884000	0.462000	192.000000	0.000000	0.000000	0.000000	0.000000	0.000000	0.000000	0.000000	0.000000	0.000000	1790355212.693638	0.000000
79.000000	13236.792473	44773.248705	-2471.007701	-32214.451696	23828.144232	-32368.030532	-12800.151145	-19029.135290	-0.002000	0.884000	0.462000	192.000000	0.000000	0.000000	0.000000	0.000000	0.000000	0.000000	0.000000	0.000000	0.000000	1790355212.693650	0.000000
80.000000	13218.799319	44769.404205	-2478.629646	-32211.344804	23800.495124	-32358.888669	-12849.995536	-19036.176090	-0.002000	0.884000	0.462000	192.000000	0.000000	0.000000	0.000000	0.000000	0.000000	0.000000	0.000000	0.000000	0.000000	1790355212.693661	0.000000
81.000000	13215.491261	44773.293409	-2466.447945	-32195.922100	23797.589397	-32350.462061	-12868.815704	-19016.953590	-0.002000	0.884000	0.462000	192.000000	0.000000	0.000000	0.000000	0.000000	0.000000	0.000000	0.000000	0.000000	0.000000	1790355212.693692	0.000000
82.000000	13215.871241	44764.933856	-2458.200152	-32193.977498	23817.773022	-32356.049997	-12854.868216	-18995.875895	-0.002000	0.884000	0.462000	192.000000	0.000000	0.000000	0.000000	0.000000	0.000000	0.000000	0.000000	0.000000	0.000000	1790355212.693755	0.000000
83.000000	13202.795470	44770.991179	-2457.395489	-32188.210748	23843.611639	-32330.479602	-12858.109219	-18994.333624	-0.002000	0.884000	0.462000	192.000000	0.000000	0.000000	0.000000	0.000000	0.000000	0.000000	0.000000	0.000000	0.000000	1790355212.693768	0.000000
84.000000	13183.528266	44747.991234	-2467.945512	-32202.158237	23851.188880	-32329.630235	-12900.085795	-18984.610615	-0.002000	0.884000	0.462000	192.000000	0.000000	0.000000	0.000000	0.000000	0.000000	0.000000	0.000000	0.000000	0.000000	1790355212.693781	0.000000
85.000000	13188.177429	44717.369344	-2470.068928	-32213.311757	23821.192839	-32351.110262	-12936.742656	-18996.837020	-0.002000	0.884000	0.462000	192.000000	0.000000	0.000000	0.000000	0.000000	0.000000	0.000000	0.000000	0.000000	0.000000	1790355212.693793	0.000000
86.000000	13197.386348	44716.989364	-2453.998024	-32198.492551	23879.352078	-32349.322122	-12922.772816	-19008.392871	-0.002000	0.884000	0.462000	192.000000	0.000000	0.000000	0.000000	0.000000	0.000000	0.000000	0.000000	0.000000	0.000000	1790355212.693805	0.000000
87.000000	13217.234697	44728.500513	-2454.981501	-32193.798684	23904.833067	-32358.419282	-12936.720304	-19032.644514	0.004000	0.872000	0.462000	192.000000	0.000000	32.000000	27.000000	64.000000	14.000000	112.000000	0.000000	0.000000	0.000000	1790355212.693816	0.000000
88.000000	13192.915999	44727.070001	-2475.790975	-32203.476990	23862.342401	-32343.376558	-12959.183807	-18992.210208	0.004000	0.872000	0.462000	192.000000	0.000000	0.000000	0.000000	0.000000	0.000000	0.000000	0.000000	0.000000	0.000000	1790355212.693828	0.000000
89.000000	13220.833328	44739.542274	-2441.190474	-32181.527577	23872.199520	-32319.035509	-12969.555017	-18976.340470	0.004000	0.872000	0.462000	192.000000	0.000000	0.000000	0.000000	0.000000	0.000000	0.000000	0.000000	0.000000	0.000000	1790355212.693841	0.000000
90.000000	13221.705046	44717.883434	-2446.845466	-32198.917234	23880.201445	-32327.573875	-12972.326633	-18992.769002	0.004000	0.872000	0.462000	192.000000	0.000000	0.000000	0.000000	0.000000	0.000000	0.000000	0.000000	0.000000	0.000000	1790355212.693852	0.000000
91.000000	13182.857714	44699.890280	-2476.729748	-32230.991987	23894.819486	-32357.569916	-13002.657950	-19023.212078	0.004000	0.872000	0.462000	192.000000	0.000000	0.000000	0.000000	0.000000	0.000000	0.000000	0.000000	0.000000	0.000000	1790355212.693863	0.000000
92.000000	13179.795525	44723.337260	-2451.226407	-32206.226254	23884.180055	-32341.588419	-13032.162253	-19012.840869	0.004000	0.872000	0.462000	192.000000	0.000000	0.000000	0.000000	0.000000	0.000000	0.000000	0.000000	0.000000	0.000000	1790355212.693874	0.000000
93.000000	13171.972414	44732.255606	-2428.047648	-32179.672382	23897.121715	-32318.297901	-13037.124340	-18992.880761	0.004000	0.872000	0.462000	192.000000	0.000000	0.000000	0.000000	0.000000	0.000000	0.000000	0.000000	0.000000	0.000000	1790355212.693885	0.000000
94.000000	13134.466187	44697.029256	-2442.352765	-32201.845312	23922.334483	-32357.346399	-13035.559718	-19003.944874	0.004000	0.872000	0.462000	192.000000	0.000000	0.000000	0.000000	0.000000	0.000000	0.000000	0.000000	0.000000	0.000000	1790355212.693913	0.000000
95.000000	13111.555649	44676.130375	-2447.426611	-32201.353574	23965.182777	-32342.124861	-13042.153483	-19013.489069	0.004000	0.872000	0.462000	192.000000	0.000000	0.000000	0.000000	0.000000	0.000000	0.000000	0.000000	0.000000	0.000000	1790355212.693925	0.000000
96.000000	13103.240800	44679.930172	-2443.872684	-32201.264167	23933.867983	-32333.810012	-13085.851143	-19014.897229	0.010000	0.856000	0.444000	192.000000	0.000000	80.000000	26.000000	192.000000	13.000000	224.000000	0.000000	0.000000	0.000000	1790355212.693936	0.000000
97.000000	13083.034823	44673.559925	-2433.635585	-32191.071772	23919.316997	-32323.014119	-13103.151393	-19008.549334	0.010000	0.856000	0.444000	192.000000	0.000000	0.000000	0.000000	0.000000	0.000000	0.000000	0.000000	0.000000	0.000000	1790355212.694211	0.000000
98.000000	13042.756980	44645.217913	-2436.183683	-32203.365231	23943.903916	-32349.858564	-13109.275771	-19014.919581	0.010000	0.856000	0.444000	192.000000	0.000000	0.000000	0.000000	0.000000	0.000000	0.000000	0.000000	0.000000	0.000000	1790355212.694224	0.000000
99.000000	13010.257543	44649.755317	-2445.526713	-32201.845312	23967.730876	-32357.748730	-13093.629550	-19013.690235	0.010000	0.856000	0.444000	192.000000	0.000000	0.000000	0.000000	0.000000	0.000000	0.000000	0.000000	0.000000	0.000000	1790355212.694235	0.000000
100.000000	13020.874622	44664.730986	-2441.257529	-32198.961937	23962.522919	-32358.486337	-13126.039580	-19025.223735	0.010000	0.856000	0.444000	192.000000	0.000000	0.000000	0.000000	0.000000	0.000000	0.000000	0.000000	0.000000	0.000000	1790355212.694247	0.000000
101.000000	13011.241020	44641.820448	-2451.315814	-32202.649975	23935.209088	-32360.676808	-13180.108449	-19040.534680	0.010000	0.856000	0.444000	192.000000	0.000000	0.000000	0.000000	0.000000	0.000000	0.000000	0.000000	0.000000	0.000000	1790355212.694259	0.000000
102.000000	12999.461651	44622.463837	-2451.405221	-32199.341917	23947.904879	-32363.560183	-13182.321272	-19020.239296	0.010000	0.856000	0.444000	192.000000	0.000000	0.000000	0.000000	0.000000	0.000000	0.000000	0.000000	0.000000	0.000000	1790355212.694270	0.000000
103.000000	13005.049587	44641.842799	-2422.616175	-32175.246736	24006.377042	-32331.753651	-13110.750986	-18966.617461	0.010000	0.856000	0.444000	192.000000	0.000000	0.000000	0.000000	0.000000	0.000000	0.000000	0.000000	0.000000	0.000000	1790355212.694281	0.000000
104.000000	12970.091459	44636.120753	-2440.229349	-32191.965841	23994.262397	-32352.250201	-13131.806330	-18982.487200	0.010000	0.856000	0.444000	192.000000	0.000000	0.000000	0.000000	0.000000	0.000000	0.000000	0.000000	0.000000	0.000000	1790355212.694292	0.000000
105.000000	12944.118732	44632.544474	-2442.129247	-32188.121341	23987.109838	-32343.510669	-13145.932632	-18965.589281	0.010000	0.856000	0.444000	192.000000	0.000000	0.000000	0.000000	0.000000	0.000000	0.000000	0.000000	0.000000	0.000000	1790355212.694303	0.000000
106.000000	12919.621220	44638.154762	-2426.617137	-32169.010600	24004.164219	-32323.796430	-13145.575004	-18952.982897	0.008000	0.870000	0.422000	192.000000	0.000000	64.000000	27.000000	48.000000	13.000000	48.000000	0.000000	0.000000	0.000000	1790355212.694314	0.000000
107.000000	12902.008045	44635.360794	-2437.167160	-32183.136902	24019.698682	-32338.146250	-13154.202778	-18972.808894	0.008000	0.870000	0.422000	192.000000	0.000000	0.000000	0.000000	0.000000	0.000000	0.000000	0.000000	0.000000	0.000000	1790355212.694324	0.000000
108.000000	12892.553257	44637.908892	-2444.856160	-32191.429399	24017.038824	-32341.722529	-13185.539923	-18982.621310	0.008000	0.870000	0.422000	192.000000	0.000000	0.000000	0.000000	0.000000	0.000000	0.000000	0.000000	0.000000	0.000000	1790355212.694335	0.000000
109.000000	12894.274341	44636.612491	-2447.270149	-32188.478969	24010.623874	-32336.626331	-13213.926639	-18994.423031	0.008000	0.870000	0.422000	192.000000	0.000000	0.000000	0.000000	0.000000	0.000000	0.000000	0.000000	0.000000	0.000000	1790355212.694345	0.000000
110.000000	12887.434708	44616.540625	-2453.126306	-32192.390524	23984.606443	-32345.947009	-13234.780816	-18997.015833	0.008000	0.870000	0.422000	192.000000	0.000000	0.000000	0.000000	0.000000	0.000000	0.000000	0.000000	0.000000	0.000000	1790355212.694356	0.000000
111.000000	12900.398719	44609.298659	-2454.579169	-32193.642222	24002.510190	-32339.263837	-13231.562165	-18984.834133	0.008000	0.870000	0.422000	192.000000	0.000000	0.000000	0.000000	0.000000	0.000000	0.000000	0.000000	0.000000	0.000000	1790355212.694367	0.000000
112.000000	12905.830193	44615.043058	-2456.680233	-32186.735533	24029.108766	-32341.543715	-13203.421319	-18953.876967	0.008000	0.870000	0.422000	192.000000	0.000000	0.000000	0.000000	0.000000	0.000000	0.000000	0.000000	0.000000	0.000000	1790355212.694378	0.000000
113.000000	12889.111088	44602.526081	-2464.346881	-32198.492551	24002.621949	-32341.566067	-13244.794398	-18983.649490	0.008000	0.870000	0.422000	192.000000	0.000000	0.000000	0.000000	0.000000	0.000000	0.000000	0.000000	0.000000	0.000000	1790355212.694426	0.000000
114.000000	12883.545504	44597.273421	-2461.552913	-32194.268071	23999.202132	-32335.173468	-13271.594140	-18976.049897	0.008000	0.870000	0.422000	192.000000	0.000000	0.000000	0.000000	0.000000	0.000000	0.000000	0.000000	0.000000	0.000000	1790355212.694437	0.000000
115.000000	12874.761268	44582.633028	-2467.520829	-32201.353574	24012.613179	-32334.614674	-13275.081012	-18978.463886	0.008000	0.870000	0.422000	192.000000	0.000000	0.000000	0.000000	0.000000	0.000000	0.000000	0.000000	0.000000	0.000000	1790355212.694448	0.000000
116.000000	12866.580530	44570.160755	-2474.785146	-32221.023109	24045.313781	-32355.066521	-13298.505640	-19001.039148	0.008000	0.866000	0.426000	192.000000	0.000000	64.000000	27.000000	16.000000	13.000000	80.000000	0.000000	0.000000	0.000000	1790355212.694458	0.000000
117.000000	12908.646513	44616.898253	-2438.888244	-32158.952315	24055.282659	-32293.733334	-13273.047003	-18934.140376	0.008000	0.866000	0.426000	192.000000	0.000000	0.000000	0.000000	0.000000	0.000000	0.000000	0.000000	0.000000	0.000000	1790355212.694469	0.000000
118.000000	12896.487164	44592.758369	-2453.707451	-32181.125245	24024.772528	-32331.887762	-13311.000265	-18946.366781	0.008000	0.866000	0.426000	192.000000	0.000000	0.000000	0.000000	0.000000	0.000000	0.000000	0.000000	0.000000	0.000000	1790355212.694484	0.000000
119.000000	12874.113068	44565.936275	-2459.988291	-32198.045516	24049.515909	-32347.802204	-13320.969143	-18958.950813	0.008000	0.866000	0.426000	192.000000	0.000000	0.000000	0.000000	0.000000	0.000000	0.000000	0.000000	0.000000	0.000000	1790355212.694494	0.000000
120.000000	12853.795332	44569.244333	-2460.949416	-32185.483835	24053.583926	-32351.557297	-13315.895297	-18950.747722	0.008000	0.866000	0.426000	192.000000	0.000000	0.000000	0.000000	0.000000	0.000000	0.000000	0.000000	0.000000	0.000000	1790355212.694504	0.000000
121.000000	12839.356105	44580.353150	-2466.693815	-32174.710295	24039.144699	-32346.371692	-13344.684344	-18941.047065	0.008000	0.866000	0.426000	192.000000	0.000000	0.000000	0.000000	0.000000	0.000000	0.000000	0.000000	0.000000	0.000000	1790355212.694515	0.000000
122.000000	12827.375570	44579.302618	-2459.697719	-32156.940658	24012.948455	-32334.033529	-13373.115763	-18935.526185	0.008000	0.866000	0.426000	192.000000	0.000000	0.000000	0.000000	0.000000	0.000000	0.000000	0.000000	0.000000	0.000000	1790355212.694524	0.000000
123.000000	12817.496099	44573.647627	-2462.961073	-32156.448919	24022.984388	-32322.097698	-13388.963150	-18940.532975	0.008000	0.866000	0.426000	192.000000	0.000000	0.000000	0.000000	0.000000	0.000000	0.000000	0.000000	0.000000	0.000000	1790355212.694535	0.000000
124.000000	12807.840146	44574.631104	-2473.041710	-32164.316733	24058.166034	-32337.922733	-13394.595789	-18951.351220	0.008000	0.866000	0.426000	192.000000	0.000000	0.000000	0.000000	0.000000	0.000000	0.000000	0.000000	0.000000	0.000000	1790355212.694545	0.000000
125.000000	12782.336805	44595.529985	-2459.094221	-32152.649123	24051.751083	-32329.697291	-13418.065121	-18957.766170	0.008000	0.866000	0.426000	192.000000	0.000000	0.000000	0.000000	0.000000	0.000000	0.000000	0.000000	0.000000	0.000000	1790355212.694557	0.000000
126.000000	12726.725665	44582.856546	-2466.336187	-32155.666608	24040.731673	-32312.106468	-13464.780267	-18959.554310	0.018000	0.898000	0.448000	192.000000	0.000000	144.000000	28.000000	16.000000	14.000000	0.000000	0.000000	0.000000	0.000000	1790355212.694568	0.000000
127.000000	12675.718984	44541.461115	-2481.177745	-32174.397370	24028.974656	-32336.693387	-13503.292323	-18985.907017	0.018000	0.898000	0.448000	192.000000	0.000000	0.000000	0.000000	0.000000	0.000000	0.000000	0.000000	0.000000	0.000000	1790355212.694598	0.000000
128.000000	12676.367185	44523.780885	-2496.511042	-32180.074713	24028.147641	-32353.010160	-13518.335047	-19014.472546	0.018000	0.898000	0.448000	192.000000	0.000000	0.000000	0.000000	0.000000	0.000000	0.000000	0.000000	0.000000	0.000000	1790355212.694643	0.000000
129.000000	12699.210668	44541.058784	-2492.621838	-32163.601478	24033.824984	-32327.260950	-13489.411889	-18962.348278	0.018000	0.898000	0.448000	192.000000	0.000000	0.000000	0.000000	0.000000	0.000000	0.000000	0.000000	0.000000	0.000000	1790355212.694655	0.000000
130.000000	12712.509955	44535.359089	-2491.057216	-32161.589821	24024.347845	-32335.285227	-13524.638239	-18978.732107	0.018000	0.898000	0.448000	192.000000	0.000000	0.000000	0.000000	0.000000	0.000000	0.000000	0.000000	0.000000	0.000000	1790355212.694665	0.000000
131.000000	12732.090084	44529.346470	-2469.845411	-32130.230323	24033.333246	-32300.662375	-13497.905552	-18938.275449	0.018000	0.898000	0.448000	192.000000	0.000000	0.000000	0.000000	0.000000	0.000000	0.000000	0.000000	0.000000	0.000000	1790355212.694676	0.000000
132.000000	12711.884107	44506.145359	-2474.315759	-32133.784250	24070.683011	-32293.576872	-13482.684014	-18940.242403	0.018000	0.898000	0.448000	192.000000	0.000000	0.000000	0.000000	0.000000	0.000000	0.000000	0.000000	0.000000	0.000000	1790355212.694686	0.000000
133.000000	12670.555731	44489.158033	-2506.479920	-32155.688960	24071.107694	-32336.335759	-13521.106663	-18991.025566	0.018000	0.898000	0.448000	192.000000	0.000000	0.000000	0.000000	0.000000	0.000000	0.000000	0.000000	0.000000	0.000000	1790355212.694697	0.000000
134.000000	12624.198213	44478.317437	-2521.321478	-32154.906649	24039.815252	-32317.403831	-13540.373867	-18963.599976	0.018000	0.898000	0.448000	192.000000	0.000000	0.000000	0.000000	0.000000	0.000000	0.000000	0.000000	0.000000	0.000000	1790355212.694731	0.000000
135.000000	12601.354730	44477.937457	-2495.102882	-32130.744413	24077.992031	-32297.510779	-13518.558564	-18939.728312	0.018000	0.898000	0.448000	192.000000	0.000000	0.000000	0.000000	0.000000	0.000000	0.000000	0.000000	0.000000	0.000000	1790355212.694745	0.000000
136.000000	12569.548198	44461.486573	-2504.267097	-32136.198239	24089.771401	-32317.180314	-13524.481776	-18968.405601	0.018000	0.862000	0.448000	192.000000	0.000000	144.000000	26.000000	240.000000	14.000000	0.000000	0.000000	0.000000	0.000000	1790355212.694757	0.000000
137.000000	12536.892299	44453.685815	-2507.463396	-32133.225457	24112.726642	-32315.749802	-13533.757750	-18963.823493	0.018000	0.862000	0.448000	192.000000	0.000000	0.000000	0.000000	0.000000	0.000000	0.000000	0.000000	0.000000	0.000000	1790355212.694770	0.000000
138.000000	12517.692151	44453.954036	-2502.702475	-32126.207009	24116.124107	-32299.656546	-13545.850044	-18949.294859	0.018000	0.862000	0.448000	192.000000	0.000000	0.000000	0.000000	0.000000	0.000000	0.000000	0.000000	0.000000	0.000000	1790355212.694782	0.000000
139.000000	12491.004168	44421.253433	-2523.511949	-32136.712329	24102.064860	-32305.177427	-13587.357233	-18970.976051	0.018000	0.862000	0.448000	192.000000	0.000000	0.000000	0.000000	0.000000	0.000000	0.000000	0.000000	0.000000	0.000000	1790355212.694794	0.000000
140.000000	12498.737871	44406.411875	-2508.379818	-32136.622922	24133.111433	-32321.225979	-13586.418460	-18966.729220	0.018000	0.862000	0.448000	192.000000	0.000000	0.000000	0.000000	0.000000	0.000000	0.000000	0.000000	0.000000	0.000000	1790355212.694868	0.000000
141.000000	12490.601837	44395.236003	-2522.528472	-32140.154498	24128.864602	-32326.299825	-13601.774109	-18975.871083	0.018000	0.862000	0.448000	192.000000	0.000000	0.000000	0.000000	0.000000	0.000000	0.000000	0.000000	0.000000	0.000000	1790355212.694878	0.000000
142.000000	12480.811772	44388.418721	-2528.921071	-32146.256524	24121.555581	-32324.198761	-13646.142321	-18982.420144	0.018000	0.862000	0.448000	192.000000	0.000000	0.000000	0.000000	0.000000	0.000000	0.000000	0.000000	0.000000	0.000000	1790355212.694888	0.000000
143.000000	12483.315168	44383.099006	-2520.583870	-32140.601533	24123.187259	-32329.697291	-13677.233598	-18974.529979	0.018000	0.862000	0.448000	192.000000	0.000000	0.000000	0.000000	0.000000	0.000000	0.000000	0.000000	0.000000	0.000000	1790355212.694898	0.000000
144.000000	12485.326825	44367.452784	-2526.484731	-32154.750187	24132.642047	-32358.486337	-13689.996444	-18981.838999	0.018000	0.862000	0.448000	192.000000	0.000000	0.000000	0.000000	0.000000	0.000000	0.000000	0.000000	0.000000	0.000000	1790355212.694941	0.000000
145.000000	12484.969197	44375.566468	-2520.919147	-32141.450899	24154.546756	-32342.102509	-13687.984787	-18979.983804	0.018000	0.862000	0.448000	192.000000	0.000000	0.000000	0.000000	0.000000	0.000000	0.000000	0.000000	0.000000	0.000000	1790355212.694951	0.000000
146.000000	12489.059566	44392.397331	-2505.362333	-32124.642387	24153.183300	-32321.047166	-13699.719453	-18957.095618	0.040000	0.894000	0.462000	192.000000	1.000000	64.000000	27.000000	240.000000	14.000000	112.000000	0.000000	0.000000	0.000000	1790355212.694962	0.000000
147.000000	12453.587348	44380.841479	-2515.890004	-32136.466460	24123.187259	-32333.094756	-13739.885538	-18964.717563	0.040000	0.894000	0.462000	192.000000	0.000000	0.000000	0.000000	0.000000	0.000000	0.000000	0.000000	0.000000	0.000000	1790355212.694973	0.000000
148.000000	12406.514574	44330.371240	-2540.521627	-32171.670457	24110.558523	-32363.359018	-13779.157553	-19006.403566	0.040000	0.894000	0.462000	192.000000	0.000000	0.000000	0.000000	0.000000	0.000000	0.000000	0.000000	0.000000	0.000000	1790355212.694983	0.000000
149.000000	12409.420301	44347.693842	-2524.607184	-32160.606344	24150.344628	-32347.533983	-13759.979756	-18976.072249	0.040000	0.894000	0.462000	192.000000	0.000000	0.000000	0.000000	0.000000	0.000000	0.000000	0.000000	0.000000	0.000000	1790355212.694993	0.000000
150.000000	12385.392175	44367.162212	-2522.304955	-32152.380902	24158.972401	-32337.989788	-13781.459782	-18961.074228	0.040000	0.894000	0.462000	192.000000	0.000000	0.000000	0.000000	0.000000	0.000000	0.000000	0.000000	0.000000	0.000000	1790355212.695005	0.000000
151.000000	12344.041448	44338.663738	-2537.593548	-32178.420684	24135.927753	-32369.885727	-13844.804626	-18984.208284	0.040000	0.894000	0.462000	192.000000	0.000000	0.000000	0.000000	0.000000	0.000000	0.000000	0.000000	0.000000	0.000000	1790355212.695015	0.000000
152.000000	12331.770340	44344.564598	-2513.721885	-32151.240963	24145.047265	-32335.307578	-13853.141827	-18967.779752	0.040000	0.894000	0.462000	192.000000	0.000000	0.000000	0.000000	0.000000	0.000000	0.000000	0.000000	0.000000	0.000000	1790355212.695027	0.000000
153.000000	12304.009474	44350.823087	-2516.068818	-32147.217649	24182.754658	-32331.217209	-13832.846443	-18969.925519	0.040000	0.894000	0.462000	192.000000	0.000000	0.000000	0.000000	0.000000	0.000000	0.000000	0.000000	0.000000	0.000000	1790355212.695038	0.000000
154.000000	12258.344860	44344.922226	-2543.717926	-32178.264222	24169.678887	-32370.556279	-13875.225350	-19013.176145	0.040000	0.894000	0.462000	192.000000	0.000000	0.000000	0.000000	0.000000	0.000000	0.000000	0.000000	0.000000	0.000000	1790355212.695048	0.000000
155.000000	12246.833711	44359.495563	-2539.739315	-32171.223422	24165.834387	-32351.892573	-13903.857935	-19000.256836	0.040000	0.894000	0.462000	192.000000	0.000000	0.000000	0.000000	0.000000	0.000000	0.000000	0.000000	0.000000	0.000000	1790355212.695058	0.000000
156.000000	12245.872586	44363.675340	-2529.301051	-32157.499451	24183.224044	-32328.490296	-13892.279731	-18962.683554	0.030000	0.884000	0.460000	192.000000	0.000000	240.000000	27.000000	160.000000	14.000000	96.000000	0.000000	0.000000	0.000000	1790355212.695069	0.000000
157.000000	12218.268182	44349.727851	-2527.892891	-32157.052416	24226.072338	-32325.718680	-13875.359461	-18950.770074	0.030000	0.884000	0.460000	192.000000	0.000000	0.000000	0.000000	0.000000	0.000000	0.000000	0.000000	0.000000	0.000000	1790355212.695081	0.000000
158.000000	12181.320748	44333.813409	-2542.108600	-32182.466350	24234.968333	-32355.625314	-13883.763717	-18966.282185	0.030000	0.884000	0.460000	192.000000	0.000000	0.000000	0.000000	0.000000	0.000000	0.000000	0.000000	0.000000	0.000000	1790355212.695092	0.000000
159.000000	12147.793132	44297.670638	-2564.996787	-32197.039687	24200.323129	-32373.193785	-13928.422502	-18989.237426	0.030000	0.884000	0.460000	192.000000	0.000000	0.000000	0.000000	0.000000	0.000000	0.000000	0.000000	0.000000	0.000000	1790355212.695132	0.000000
160.000000	12139.411228	44289.869879	-2552.256292	-32182.712219	24202.178324	-32351.132614	-13936.066799	-18983.157752	0.030000	0.884000	0.460000	192.000000	0.000000	0.000000	0.000000	0.000000	0.000000	0.000000	0.000000	0.000000	0.000000	1790355212.695143	0.000000
161.000000	12093.254875	44278.224621	-2553.440935	-32187.316678	24226.675835	-32354.373617	-13938.883118	-18982.509551	0.030000	0.884000	0.460000	192.000000	0.000000	0.000000	0.000000	0.000000	0.000000	0.000000	0.000000	0.000000	0.000000	1790355212.695153	0.000000
162.000000	12038.828378	44248.027414	-2573.579857	-32196.369135	24218.048062	-32369.639858	-13947.197967	-18984.096525	0.030000	0.884000	0.460000	192.000000	0.000000	0.000000	0.000000	0.000000	0.000000	0.000000	0.000000	0.000000	0.000000	1790355212.695163	0.000000
163.000000	12010.173441	44249.435574	-2571.657607	-32188.166045	24199.876094	-32372.344419	-13971.024927	-18975.446400	0.030000	0.884000	0.460000	192.000000	0.000000	0.000000	0.000000	0.000000	0.000000	0.000000	0.000000	0.000000	0.000000	1790355212.695174	0.000000
164.000000	11964.173551	44231.375364	-2556.726641	-32177.973649	24212.102498	-32352.607829	-13993.130802	-18961.767132	0.030000	0.884000	0.460000	192.000000	0.000000	0.000000	0.000000	0.000000	0.000000	0.000000	0.000000	0.000000	0.000000	1790355212.695184	0.000000
165.000000	11895.129012	44186.604820	-2577.424357	-32197.553777	24225.960580	-32365.862413	-14010.386349	-18974.172351	0.030000	0.884000	0.460000	192.000000	0.000000	0.000000	0.000000	0.000000	0.000000	0.000000	0.000000	0.000000	0.000000	1790355212.695195	0.000000
166.000000	11833.326439	44154.373605	-2595.149290	-32206.047440	24240.422158	-32363.023742	-14024.982038	-18990.265607	0.016000	0.860000	0.458000	192.000000	0.000000	128.000000	26.000000	224.000000	14.000000	80.000000	0.000000	0.000000	0.000000	1790355212.695205	0.000000
167.000000	11797.630703	44150.439698	-2608.314467	-32212.037708	24206.671024	-32388.460027	-14064.410515	-19008.258761	0.016000	0.860000	0.458000	192.000000	0.000000	0.000000	0.000000	0.000000	0.000000	0.000000	0.000000	0.000000	0.000000	1790355213.009434	0.000000
168.000000	11753.016621	44150.462049	-2580.061862	-32182.689867	24205.128754	-32382.737980	-14055.916852	-18970.506665	0.016000	0.860000	0.458000	192.000000	0.000000	0.000000	0.000000	0.000000	0.000000	0.000000	0.000000	0.000000	0.000000	1790355213.009598	0.000000
169.000000	11709.073092	44134.838180	-2575.412700	-32165.881356	24225.513545	-32342.236619	-14049.390143	-18954.793388	0.016000	0.860000	0.458000	192.000000	0.000000	0.000000	0.000000	0.000000	0.000000	0.000000	0.000000	0.000000	0.000000	1790355213.009626	0.000000
170.000000	11685.514353	44127.685622	-2608.247412	-32192.077600	24216.684606	-32375.808939	-14067.562111	-18987.471639	0.016000	0.860000	0.458000	192.000000	0.000000	0.000000	0.000000	0.000000	0.000000	0.000000	0.000000	0.000000	0.000000	1790355213.009659	0.000000
171.000000	11681.625149	44151.087898	-2600.446653	-32178.331277	24225.960580	-32352.272553	-14070.065507	-18975.647566	0.016000	0.860000	0.458000	192.000000	0.000000	0.000000	0.000000	0.000000	0.000000	0.000000	0.000000	0.000000	0.000000	1790355213.009690	0.000000
172.000000	11652.456123	44145.835238	-2599.552584	-32166.775425	24212.907161	-32334.078233	-14107.191754	-18980.721412	0.016000	0.860000	0.458000	192.000000	0.000000	0.000000	0.000000	0.000000	0.000000	0.000000	0.000000	0.000000	0.000000	1790355213.009703	0.000000
173.000000	11608.132614	44099.209499	-2600.804281	-32169.234117	24220.462050	-32342.683654	-14100.754452	-18977.882740	0.016000	0.860000	0.458000	192.000000	0.000000	0.000000	0.000000	0.000000	0.000000	0.000000	0.000000	0.000000	0.000000	1790355213.009716	0.000000
174.000000	11583.344529	44071.940371	-2622.105494	-32190.468274	24219.813850	-32366.689428	-14101.089728	-18991.249083	0.016000	0.860000	0.458000	192.000000	0.000000	0.000000	0.000000	0.000000	0.000000	0.000000	0.000000	0.000000	0.000000	1790355213.010207	0.000000
175.000000	11559.092886	44076.097795	-2617.702200	-32184.366248	24206.916893	-32372.746750	-14128.224746	-18993.819534	0.016000	0.860000	0.458000	192.000000	0.000000	0.000000	0.000000	0.000000	0.000000	0.000000	0.000000	0.000000	0.000000	1790355213.010225	0.000000
176.000000	11535.064761	44083.585630	-2614.237680	-32161.790986	24203.877056	-32358.441634	-14165.038069	-19004.078985	-0.016000	0.856000	0.450000	192.000000	255.000000	128.000000	26.000000	192.000000	14.000000	16.000000	0.000000	0.000000	0.000000	1790355213.010236	0.000000
177.000000	11554.264910	44110.184206	-2598.367941	-32137.986378	24230.632094	-32328.155020	-14158.265490	-18955.754513	-0.016000	0.856000	0.450000	192.000000	0.000000	0.000000	0.000000	0.000000	0.000000	0.000000	0.000000	0.000000	0.000000	1790355213.010247	0.000000
178.000000	11563.585587	44119.638994	-2600.267839	-32137.427585	24233.068434	-32328.713814	-14153.683383	-18940.063589	-0.016000	0.856000	0.450000	192.000000	0.000000	0.000000	0.000000	0.000000	0.000000	0.000000	0.000000	0.000000	0.000000	1790355213.010257	0.000000
179.000000	11534.640078	44128.646747	-2608.828558	-32147.999960	24229.514507	-32357.748730	-14172.838828	-18958.928461	-0.016000	0.856000	0.450000	192.000000	0.000000	0.000000	0.000000	0.000000	0.000000	0.000000	0.000000	0.000000	0.000000	1790355213.010268	0.000000
180.000000	11521.407845	44140.470820	-2598.591459	-32147.284704	24233.783690	-32371.539756	-14184.595845	-18955.195720	-0.016000	0.856000	0.450000	192.000000	0.000000	0.000000	0.000000	0.000000	0.000000	0.000000	0.000000	0.000000	0.000000	1790355213.010279	0.000000
181.000000	11526.928726	44128.937319	-2608.470930	-32145.988303	24209.196771	-32384.347306	-14205.002988	-18967.265662	-0.016000	0.856000	0.450000	192.000000	0.000000	0.000000	0.000000	0.000000	0.000000	0.000000	0.000000	0.000000	0.000000	1790355213.010292	0.000000
182.000000	11527.666334	44134.547607	-2613.969459	-32143.060224	24205.955768	-32391.745733	-14217.989352	-19000.525057	-0.016000	0.856000	0.450000	192.000000	0.000000	0.000000	0.000000	0.000000	0.000000	0.000000	0.000000	0.000000	0.000000	1790355213.010305	0.000000
183.000000	11496.262133	44130.121962	-2617.255165	-32142.792003	24220.886734	-32354.463023	-14230.819253	-18995.652377	-0.016000	0.856000	0.450000	192.000000	0.000000	0.000000	0.000000	0.000000	0.000000	0.000000	0.000000	0.000000	0.000000	1790355213.010319	0.000000
184.000000	11486.673234	44160.922666	-2612.896575	-32136.019425	24191.315376	-32347.176355	-14252.835721	-18964.248176	-0.016000	0.856000	0.450000	192.000000	0.000000	0.000000	0.000000	0.000000	0.000000	0.000000	0.000000	0.000000	0.000000	1790355213.010331	0.000000
185.000000	11463.673289	44161.481459	-2615.288212	-32131.526724	24160.402913	-32349.433881	-14268.616053	-18954.748685	-0.014000	0.880000	0.460000	192.000000	255.000000	144.000000	27.000000	128.000000	14.000000	96.000000	0.000000	0.000000	0.000000	1790355213.010344	0.000000
186.000000	11431.509129	44153.099555	-2611.890747	-32131.414966	24198.780858	-32352.116090	-14269.063088	-18948.959583	-0.014000	0.880000	0.460000	192.000000	0.000000	0.000000	0.000000	0.000000	0.000000	0.000000	0.000000	0.000000	0.000000	1790355213.010390	0.000000
187.000000	11428.715161	44156.720538	-2610.706104	-32119.590893	24209.934379	-32347.958666	-14276.550922	-18942.946964	-0.014000	0.880000	0.460000	192.000000	0.000000	0.000000	0.000000	0.000000	0.000000	0.000000	0.000000	0.000000	0.000000	1790355213.010407	0.000000
188.000000	11416.958143	44153.747756	-2617.769255	-32124.351814	24190.287195	-32361.012085	-14318.683960	-18952.625269	-0.014000	0.880000	0.460000	192.000000	0.000000	0.000000	0.000000	0.000000	0.000000	0.000000	0.000000	0.000000	0.000000	1790355213.010420	0.000000
189.000000	11384.771631	44131.083087	-2637.461142	-32141.674416	24164.158006	-32359.648628	-14362.694545	-18976.541636	-0.014000	0.880000	0.460000	192.000000	0.000000	0.000000	0.000000	0.000000	0.000000	0.000000	0.000000	0.000000	0.000000	1790355213.010436	0.000000
190.000000	11367.650195	44114.945127	-2642.691450	-32140.400367	24178.038440	-32355.714721	-14367.008432	-18981.973109	-0.014000	0.880000	0.460000	192.000000	0.000000	0.000000	0.000000	0.000000	0.000000	0.000000	0.000000	0.000000	0.000000	1790355213.010739	0.000000
191.000000	11350.752276	44150.305587	-2633.147256	-32116.886332	24206.805135	-32334.704081	-14350.155216	-18977.458057	-0.014000	0.880000	0.460000	192.000000	0.000000	0.000000	0.000000	0.000000	0.000000	0.000000	0.000000	0.000000	0.000000	1790355213.010754	0.000000
192.000000	11325.964192	44178.066454	-2634.689526	-32111.723079	24202.692414	-32342.236619	-14345.550757	-18978.642700	-0.014000	0.880000	0.460000	192.000000	0.000000	0.000000	0.000000	0.000000	0.000000	0.000000	0.000000	0.000000	0.000000	1790355213.010767	0.000000
193.000000	11285.596941	44155.602951	-2652.794439	-32127.905742	24184.989832	-32361.056788	-14360.325260	-18987.516342	-0.014000	0.880000	0.460000	192.000000	0.000000	0.000000	0.000000	0.000000	0.000000	0.000000	0.000000	0.000000	0.000000	1790355213.010780	0.000000
194.000000	11273.459944	44153.792459	-2647.765296	-32115.455820	24198.579693	-32342.817765	-14344.053190	-18989.460944	-0.014000	0.880000	0.460000	192.000000	0.000000	0.000000	0.000000	0.000000	0.000000	0.000000	0.000000	0.000000	0.000000	1790355213.010793	0.000000
195.000000	11265.592130	44159.313340	-2630.979136	-32099.831951	24245.339542	-32329.272607	-14301.204896	-18969.366726	-0.008000	0.860000	0.448000	192.000000	255.000000	192.000000	26.000000	224.000000	14.000000	0.000000	0.000000	0.000000	0.000000	1790355213.010806	0.000000
196.000000	11234.187929	44142.393070	-2655.186076	-32106.738640	24220.774975	-32344.538849	-14316.560545	-18989.237426	-0.008000	0.860000	0.448000	192.000000	0.000000	0.000000	0.000000	0.000000	0.000000	0.000000	0.000000	0.000000	0.000000	1790355213.010822	0.000000
197.000000	11199.520373	44119.862511	-2661.310454	-32124.441221	24184.319280	-32368.589326	-14353.865606	-19017.870011	-0.008000	0.860000	0.448000	192.000000	0.000000	0.000000	0.000000	0.000000	0.000000	0.000000	0.000000	0.000000	0.000000	1790355213.010838	0.000000
198.000000	11175.067565	44108.708991	-2667.993625	-32123.614207	24207.162763	-32373.976096	-14361.711068	-19038.791244	-0.008000	0.860000	0.448000	192.000000	0.000000	0.000000	0.000000	0.000000	0.000000	0.000000	0.000000	0.000000	0.000000	1790355213.010848	0.000000
199.000000	11195.519411	44147.332805	-2640.121000	-32100.167227	24241.651504	-32360.497994	-14330.440978	-19013.265552	-0.008000	0.860000	0.448000	192.000000	0.000000	0.000000	0.000000	0.000000	0.000000	0.000000	0.000000	0.000000	0.000000	1790355213.010863	0.000000
200.000000	11184.947036	44163.202544	-2638.042288	-32083.179901	24234.074263	-32327.126840	-14310.637332	-18944.623344	-0.008000	0.860000	0.448000	192.000000	0.000000	0.000000	0.000000	0.000000	0.000000	0.000000	0.000000	0.000000	0.000000	1790355213.010876	0.000000
201.000000	11152.604062	44147.846895	-2646.915930	-32092.053544	24218.629207	-32346.148175	-14332.586745	-18940.130644	-0.008000	0.860000	0.448000	192.000000	0.000000	0.000000	0.000000	0.000000	0.000000	0.000000	0.000000	0.000000	0.000000	1790355213.010889	0.000000
202.000000	11139.282422	44134.927587	-2655.633110	-32103.184712	24220.685568	-32345.947009	-14345.617812	-18960.046048	-0.008000	0.860000	0.448000	192.000000	0.000000	0.000000	0.000000	0.000000	0.000000	0.000000	0.000000	0.000000	0.000000	1790355213.010903	0.000000
203.000000	11149.631280	44151.713747	-2651.274520	-32102.022422	24231.883792	-32340.806108	-14335.045437	-18969.299670	-0.008000	0.860000	0.448000	192.000000	0.000000	0.000000	0.000000	0.000000	0.000000	0.000000	0.000000	0.000000	0.000000	1790355213.010917	0.000000
204.000000	11161.701222	44180.838070	-2634.689526	-32092.455875	24251.955658	-32341.320198	-14313.632466	-18956.335659	-0.008000	0.860000	0.448000	192.000000	0.000000	0.000000	0.000000	0.000000	0.000000	0.000000	0.000000	0.000000	0.000000	1790355213.010931	0.000000
205.000000	11143.685716	44179.899297	-2648.838180	-32097.797942	24214.427079	-32320.309558	-14339.918118	-18956.648583	0.008000	0.868000	0.458000	192.000000	0.000000	64.000000	27.000000	32.000000	14.000000	80.000000	0.000000	0.000000	0.000000	1790355213.011139	0.000000
206.000000	11144.982117	44169.684550	-2649.508732	-32088.633727	24212.616588	-32302.942253	-14348.881167	-18936.755530	0.008000	0.868000	0.458000	192.000000	0.000000	0.000000	0.000000	0.000000	0.000000	0.000000	0.000000	0.000000	0.000000	1790355213.011162	0.000000
207.000000	11132.956878	44146.706956	-2654.135544	-32098.133218	24247.865289	-32330.278436	-14334.531347	-18948.423141	0.008000	0.868000	0.458000	192.000000	0.000000	0.000000	0.000000	0.000000	0.000000	0.000000	0.000000	0.000000	0.000000	1790355213.011178	0.000000
208.000000	11109.956933	44153.479535	-2668.932398	-32110.024346	24260.337563	-32337.073366	-14338.554661	-18959.442551	0.008000	0.868000	0.458000	192.000000	0.000000	0.000000	0.000000	0.000000	0.000000	0.000000	0.000000	0.000000	0.000000	1790355213.011193	0.000000
209.000000	11095.316541	44173.394939	-2665.937265	-32104.794038	24243.327885	-32321.114221	-14365.510865	-18956.805045	0.008000	0.868000	0.458000	192.000000	0.000000	0.000000	0.000000	0.000000	0.000000	0.000000	0.000000	0.000000	0.000000	1790355213.011207	0.000000
210.000000	11082.665453	44156.653483	-2664.774974	-32108.079744	24229.313341	-32316.241540	-14387.817906	-18965.119894	0.008000	0.868000	0.458000	192.000000	0.000000	0.000000	0.000000	0.000000	0.000000	0.000000	0.000000	0.000000	0.000000	1790355213.011221	0.000000
211.000000	11070.461401	44149.031538	-2670.966407	-32107.833875	24268.764170	-32318.744936	-14375.345632	-18966.170426	0.008000	0.868000	0.458000	192.000000	0.000000	0.000000	0.000000	0.000000	0.000000	0.000000	0.000000	0.000000	0.000000	1790355213.011236	0.000000
212.000000	11092.455517	44171.964427	-2665.758451	-32101.195407	24291.786467	-32312.553503	-14371.992871	-18969.769057	0.008000	0.868000	0.458000	192.000000	0.000000	0.000000	0.000000	0.000000	0.000000	0.000000	0.000000	0.000000	0.000000	1790355213.011268	0.000000
213.000000	11072.696575	44169.103404	-2679.772994	-32112.840666	24252.872080	-32333.228866	-14402.793575	-18984.521208	0.008000	0.868000	0.458000	192.000000	0.000000	0.000000	0.000000	0.000000	0.000000	0.000000	0.000000	0.000000	0.000000	1790355213.011283	0.000000
214.000000	11054.256386	44152.630169	-2672.799250	-32110.560788	24251.486272	-32350.216192	-14406.816889	-18985.616444	0.008000	0.868000	0.458000	192.000000	0.000000	0.000000	0.000000	0.000000	0.000000	0.000000	0.000000	0.000000	0.000000	1790355213.011298	0.000000
215.000000	11026.517871	44135.776953	-2697.117948	-32130.453841	24256.448359	-32376.188919	-14408.806194	-19008.079947	0.024000	0.852000	0.446000	192.000000	0.000000	192.000000	26.000000	160.000000	13.000000	240.000000	0.000000	0.000000	0.000000	1790355213.011315	0.000000
216.000000	11027.344886	44138.749735	-2699.889565	-32125.357643	24265.031429	-32360.453291	-14410.080243	-19007.409395	0.024000	0.852000	0.446000	192.000000	0.000000	0.000000	0.000000	0.000000	0.000000	0.000000	0.000000	0.000000	0.000000	1790355213.011370	0.000000
217.000000	11034.519796	44147.533971	-2692.222916	-32112.997128	24272.675726	-32352.294904	-14406.459261	-19000.145078	0.024000	0.852000	0.446000	192.000000	0.000000	0.000000	0.000000	0.000000	0.000000	0.000000	0.000000	0.000000	0.000000	1790355213.011406	0.000000
218.000000	11035.480921	44158.307512	-2691.217088	-32102.514160	24255.129606	-32351.289076	-14409.342636	-18991.427897	0.024000	0.852000	0.446000	192.000000	0.000000	0.000000	0.000000	0.000000	0.000000	0.000000	0.000000	0.000000	0.000000	1790355213.011428	0.000000
219.000000	11029.580060	44168.231686	-2672.307512	-32078.731904	24279.850636	-32334.391157	-14397.630322	-18978.597996	0.024000	0.852000	0.446000	192.000000	0.000000	0.000000	0.000000	0.000000	0.000000	0.000000	0.000000	0.000000	0.000000	1790355213.011446	0.000000
220.000000	11028.529528	44171.249172	-2674.520335	-32086.912642	24299.341357	-32343.778890	-14383.638130	-18980.006156	0.024000	0.852000	0.446000	192.000000	0.000000	0.000000	0.000000	0.000000	0.000000	0.000000	0.000000	0.000000	0.000000	1790355213.011462	0.000000
221.000000	10991.425632	44146.975177	-2703.756416	-32119.143858	24248.111158	-32384.816692	-14435.561232	-19020.261648	0.024000	0.852000	0.446000	192.000000	0.000000	0.000000	0.000000	0.000000	0.000000	0.000000	0.000000	0.000000	0.000000	1790355213.011762	0.000000
222.000000	10969.543275	44132.468895	-2708.293820	-32125.894085	24218.249228	-32396.797227	-14471.279320	-19023.703816	0.024000	0.852000	0.446000	192.000000	0.000000	0.000000	0.000000	0.000000	0.000000	0.000000	0.000000	0.000000	0.000000	1790355213.011784	0.000000
223.000000	10959.216769	44147.444564	-2684.869192	-32102.268291	24228.866306	-32370.399817	-14461.444552	-18999.116897	0.024000	0.852000	0.446000	192.000000	0.000000	0.000000	0.000000	0.000000	0.000000	0.000000	0.000000	0.000000	0.000000	1790355213.011804	0.000000
224.000000	10942.072981	44152.719575	-2671.860477	-32095.965099	24265.456112	-32348.629218	-14457.600052	-18950.300688	0.024000	0.852000	0.446000	192.000000	0.000000	0.000000	0.000000	0.000000	0.000000	0.000000	0.000000	0.000000	0.000000	1790355213.011823	0.000000
225.000000	10919.587126	44147.556323	-2684.489213	-32107.766820	24260.248156	-32350.126785	-14505.209268	-18951.127702	0.020000	0.888000	0.442000	192.000000	0.000000	160.000000	27.000000	192.000000	13.000000	208.000000	0.000000	0.000000	0.000000	1790355213.011840	0.000000
226.000000	10921.352914	44147.444564	-2668.641826	-32098.870826	24253.453225	-32353.658361	-14582.881580	-18955.061609	0.020000	0.888000	0.442000	192.000000	0.000000	0.000000	0.000000	0.000000	0.000000	0.000000	0.000000	0.000000	0.000000	1790355213.011862	0.000000
227.000000	10925.733855	44136.469857	-2651.855666	-32078.687200	24257.387132	-32322.298863	-14625.662819	-18936.710827	0.020000	0.888000	0.442000	192.000000	0.000000	0.000000	0.000000	0.000000	0.000000	0.000000	0.000000	0.000000	0.000000	1790355213.011895	0.000000
228.000000	10908.075977	44119.616642	-2661.958654	-32094.959270	24255.643696	-32336.291055	-14684.224389	-18956.492121	0.020000	0.888000	0.442000	192.000000	0.000000	0.000000	0.000000	0.000000	0.000000	0.000000	0.000000	0.000000	0.000000	1790355213.011910	0.000000
229.000000	10903.091538	44127.462104	-2677.448413	-32112.013651	24240.109234	-32347.824555	-14737.041561	-18958.995516	0.020000	0.888000	0.442000	192.000000	0.000000	0.000000	0.000000	0.000000	0.000000	0.000000	0.000000	0.000000	0.000000	1790355213.011927	0.000000
230.000000	10916.212012	44145.499962	-2678.454242	-32105.017555	24230.721501	-32336.469869	-14750.854939	-18940.018885	0.020000	0.888000	0.442000	192.000000	0.000000	0.000000	0.000000	0.000000	0.000000	0.000000	0.000000	0.000000	0.000000	1790355213.011942	0.000000
231.000000	10895.760166	44105.803264	-2699.151957	-32140.400367	24216.259923	-32369.326934	-14787.131821	-18959.442551	0.020000	0.888000	0.442000	192.000000	0.000000	0.000000	0.000000	0.000000	0.000000	0.000000	0.000000	0.000000	0.000000	1790355213.011960	0.000000
232.000000	10893.524992	44096.661400	-2694.815719	-32144.468384	24241.718559	-32363.694294	-14788.204704	-18959.151978	0.020000	0.888000	0.442000	192.000000	0.000000	0.000000	0.000000	0.000000	0.000000	0.000000	0.000000	0.000000	0.000000	1790355213.011978	0.000000
233.000000	10883.936093	44124.779895	-2695.933306	-32124.754146	24247.530013	-32346.349340	-14785.701309	-18954.681630	0.020000	0.888000	0.442000	192.000000	0.000000	0.000000	0.000000	0.000000	0.000000	0.000000	0.000000	0.000000	0.000000	1790355213.011996	0.000000
234.000000	10881.164477	44152.160782	-2679.705939	-32102.625919	24244.892507	-32336.581628	-14790.238713	-18943.550461	0.020000	0.888000	0.442000	192.000000	0.000000	0.000000	0.000000	0.000000	0.000000	0.000000	0.000000	0.000000	0.000000	1790355213.012033	0.000000
235.000000	10854.834122	44117.157950	-2702.907050	-32113.622977	24221.669045	-32346.349340	-14809.885896	-18960.962470	0.008000	0.858000	0.432000	192.000000	0.000000	64.000000	26.000000	208.000000	13.000000	128.000000	0.000000	0.000000	0.000000	1790355213.012057	0.000000
236.000000	10840.171378	44103.746903	-2701.923573	-32110.471381	24235.750644	-32350.260896	-14801.973379	-18959.934289	0.008000	0.858000	0.432000	192.000000	0.000000	0.000000	0.000000	0.000000	0.000000	0.000000	0.000000	0.000000	0.000000	1790355213.012334	0.000000
237.000000	10822.982886	44112.508787	-2685.048006	-32104.749334	24257.230670	-32366.197689	-14792.876219	-18956.827397	0.008000	0.858000	0.432000	192.000000	0.000000	0.000000	0.000000	0.000000	0.000000	0.000000	0.000000	0.000000	0.000000	1790355213.012352	0.000000
238.000000	10809.661246	44107.792569	-2688.914858	-32104.436410	24244.467824	-32349.076253	-14819.698312	-18966.751572	0.008000	0.858000	0.432000	192.000000	0.000000	0.000000	0.000000	0.000000	0.000000	0.000000	0.000000	0.000000	0.000000	1790355213.012389	0.000000
239.000000	10786.258970	44095.230889	-2690.144204	-32104.034079	24236.309437	-32339.532058	-14837.892632	-18956.425066	0.008000	0.858000	0.432000	192.000000	0.000000	0.000000	0.000000	0.000000	0.000000	0.000000	0.000000	0.000000	0.000000	1790355213.012408	0.000000
240.000000	10754.743010	44082.311580	-2697.229707	-32106.179846	24242.053836	-32359.335704	-14840.977173	-18958.347316	0.008000	0.858000	0.432000	192.000000	0.000000	0.000000	0.000000	0.000000	0.000000	0.000000	0.000000	0.000000	0.000000	1790355213.012423	0.000000
241.000000	10733.017115	44086.334894	-2705.343390	-32103.698802	24256.202490	-32378.155873	-14846.274536	-18962.303574	0.008000	0.858000	0.432000	192.000000	0.000000	0.000000	0.000000	0.000000	0.000000	0.000000	0.000000	0.000000	0.000000	1790355213.012457	0.000000
242.000000	10730.536071	44094.269764	-2705.723370	-32099.943709	24253.296763	-32381.307469	-14878.975139	-18966.796275	0.008000	0.858000	0.432000	192.000000	0.000000	0.000000	0.000000	0.000000	0.000000	0.000000	0.000000	0.000000	0.000000	1790355213.012504	0.000000
243.000000	10722.422388	44078.623543	-2708.003248	-32099.586081	24235.504775	-32365.258916	-14911.452223	-18967.109199	0.008000	0.858000	0.432000	192.000000	0.000000	0.000000	0.000000	0.000000	0.000000	0.000000	0.000000	0.000000	0.000000	1790355213.012537	0.000000
